Meme,ExpectedQueries,Meaning,Context,Example,AntiPattern,Origin,SafetyLevel,TargetAge,Tone,Category
뉴비,"초보자 가이드, 처음 시작하는 사람 칭호, 뉴비 환영 멘트, 입문자 질문","특정 분야나 게임, 커뮤니티에 막 발을 들인 '신입 초보자'를 뜻함. 영어 Newbie의 음차 표기.","새로운 취미를 시작하거나 게임 서버에 처음 접속했을 때, 기존 구성원들에게 도움을 요청하거나 자신을 낮춰 소개할 때 주로 사용함.","""어제 시작한 뉴비인데, 이 아이템은 어떻게 쓰는 건가요? 고수님들 도와주세요!""",숙련자가 초보자인 척하며 이득을 취하는 '고인물 코스프레' 상황에 쓰면 기만 행위로 간주되어 비판받을 수 있음.,90년대 온라인 게임 커뮤니티에서 'Newbie'를 한국식으로 발음하며 정착됨.,"[낀세대: Safe] / [외국인: Safe] / [복학생: Safe] 비하 의도가 전혀 없으며, 신규 진입자를 환영하는 긍정적이고 개방적인 용어임.",[10-30대: 주사용층] / [40-50대: 이해 필요] 신입 사원이나 새로운 취미 모임에서 자신을 소개할 때 적절함.,"겸손, 기대, 환영","커뮤니티, 게임, 사회생활"
덕통사고,"입덕 계기 공유, 연예인에게 반하는 순간, 갑자기 팬이 됨, 입덕 부정기 탈출","교통사고처럼 갑작스럽고 강렬하게 어떤 대상(연예인, 캐릭터 등)의 팬이 되어버린 상황을 비유함.",전혀 관심 없던 아이돌의 무대 영상을 우연히 보다가 숨이 멎을 듯한 매력을 느껴 순식간에 열성 팬으로 변했을 때 사용함.,"""아무 생각 없이 채널 돌리다가 그 배우 눈빛에 덕통사고 당해서 어제부터 밤새 필모 훑는 중이야.""","실제 교통사고 피해자 앞에서 유머로 사용하면 심각한 무례가 됨. 또한, 서서히 좋아진 경우에는 '덕통사고'라는 표현이 어울리지 않음.",덕후(오타쿠)'와 '교통사고'의 합성어. 팬덤 문화가 성숙해진 2010년대 초반 커뮤니티에서 파생됨.,[낀세대: Safe] / [외국인: Safe] / [복학생: Safe] 개인의 취향과 열정을 나타내는 표현으로 매우 건전함.,[10-30대: 주사용층] / [40-50대: 공감 가능] 열정적인 취미 생활을 설명할 때 젊은 세대의 공감을 사기 좋음.,"경이로움, 설렘, 충격","팬덤 문화, 취미, 감정"
득템,"가성비 쇼핑 성공, 레어 아이템 획득, 중고거래 꿀매물, 사은품 당첨","이득'과 '아이템'의 합성어로, 운 좋게 좋은 물건을 얻거나 기대 이상의 가성비로 구매했을 때 사용함.","중고 장터에서 상태 좋은 명품을 헐값에 샀을 때, 혹은 게임 중 확률이 낮은 희귀 장비를 획득하여 기분이 매우 좋을 때 사용함.","""동네 빈티지 샵 갔다가 상태 완벽한 재킷을 단돈 5천 원에 득템했어! 오늘 운 대박이야.""",남의 물건을 훔치거나 정당하지 못한 경로로 취득한 경우에는 절대 사용하지 않음. 단순히 비싼 물건을 정가에 샀을 때도 쓰지 않음.,초기 RPG 게임에서 사냥을 통해 좋은 장비를 얻는 행위에서 유래되어 일상 쇼핑 용어로 확장됨.,[낀세대: Safe] / [외약인: Safe] / [복학생: Safe] 일상적인 성취감을 나타내며 부정적인 뉘앙스가 전혀 없음.,[전 연령대: 권장] 세대 불문하고 기분 좋은 쇼핑 경험을 공유할 때 가장 널리 쓰이는 단어임.,"성취감, 환희, 만족","쇼핑, 게임, 생활경제"
딸바보,"자식 사랑 표현, 아빠의 헌신, 딸 아끼는 부모, 딸자랑 멘트","자신의 딸을 지극히 아끼고 사랑하여, 딸 앞에서는 바보가 될 정도로 헌신적인 아빠를 일컫는 말.","아빠가 딸의 사소한 애교에 감동하여 어쩔 줄 몰라 하거나, 휴대폰 배경화면이 온통 딸 사진인 동료를 흐뭇하게 바라볼 때 사용함.","""우리 팀장님은 평소엔 무서운데 딸 전화만 오면 목소리가 꿀 떨어져. 진짜 역대급 딸바보셔.""",자녀의 잘못된 행동을 무조건 오냐오냐하며 훈육하지 않는 '방임형 부모'를 옹호하는 맥락에서 쓰면 부정적 의미로 변질됨.,2000년대 후반 '슈퍼맨이 돌아왔다' 같은 육아 예능의 인기와 함께 대중화된 단어.,[낀세대: Safe] / [외국인: Safe] / [복학생: Safe] 가정적인 이미지를 전달하며 따뜻한 분위기를 형성함.,[30-50대: 주사용층] / [10-20대: 관찰자 시점] 직장 내에서 가족적인 대화 주제로 부드럽게 접근하기 좋음.,"애정, 부드러움, 헌신","가족, 인간관계, 육아"
발컨,"실력 미달 자책, 게임 조작 실수, 서투른 솜씨 비유, 곰손 인증","발로 컨트롤한다'의 줄임말로, 손이 아닌 발로 조작하는 것처럼 실력이 형편없거나 서투른 상태를 의미함.","게임 중 결정적인 실수를 해서 팀에 피해를 줬을 때 스스로를 자책하거나, 기계 조작이 너무 서툴러서 답답할 때 유머러스하게 표현함.","""아, 이번 판은 내 발컨 때문에 망했네. 내 손가락이 왜 마음대로 안 움직이지?""","타인의 진지한 노력을 비하하기 위해 ""너 진짜 발컨이다""라고 말하는 것은 상대의 기분을 상하게 하는 공격적인 언행이 됨.",스타크래프트 등 정교한 조작이 필요한 초기 PC 게임 문화에서 실력이 낮은 유저를 지칭하며 탄생.,[낀세대: Caution] / [외국인: Safe] / [복학생: Safe] 스스로를 낮추는 용도로는 안전하나 남에게 쓰면 비하가 될 수 있음.,[20-40대: 주사용층] / [50대 이상: 설명 필요] 주로 온라인 협동 작업이나 게임 상황에서 공감대를 형성함.,"자학, 유머, 아쉬움","게임, 조작 실력, 자책"
어쩔티비,"상대방 말 차단, 유치한 도발 대응, 말싸움 필살기, 무시 전략","""어쩌라고 가서 티비나 봐""의 줄임말. 상대방의 잔소리나 훈계를 듣기 싫을 때 유치하게 응수하며 대화를 단절시키는 표현.","친구가 사소한 지적을 할 때 더 이상 대꾸하기 싫어 장난스럽게 말을 끊거나, 킹받게(열받게) 하고 싶을 때 사용함.","""너 오늘 옷이 좀 이상하다?"" -> ""어쩔티비? 저쩔냉장고~ 어쩔 다이슨 에어랩~""","[주의] 상사, 부모님, 교수님 등 윗사람에게 사용 시 무례함의 극치로 받아들여져 심각한 징계를 받을 수 있음.",초등학생들 사이에서 유행하기 시작하여 예능 'SNL 코리아'를 통해 MZ 세대 전반으로 확산됨.,[낀세대: Danger] / [외국인: Danger] / [복학생: Danger] 상대방을 자극하는 도발용 단어이므로 공식적인 자리에선 절대 금기임.,[10대: 주사용층] / [20-30대: 희화화 용도] 성인이 진지하게 사용하면 수준이 낮아 보일 수 있으니 유머로만 소비할 것.,"도발, 무시, 얄미움","신조어, 도발, 유행어"
역대급,"최고 기록 경신, 전무후무한 사건, 강력한 강조, 인생 최고의 순간",역사상 유례가 없을 정도로 가장 뛰어난 수준(최고)이나 혹은 가장 최악의 상황을 강조할 때 쓰는 표현.,"먹어본 음식 중 가장 맛있는 것을 발견했거나, 직장 생활 중 가장 황당한 빌런을 만났을 때처럼 극단적인 상황을 묘사할 때 사용함.","""이번 여름 휴가 때 갔던 바다는 내 인생 통틀어 정말 역대급으로 아름다웠어.""",너무 사소하거나 평범한 일에 '역대급'이라는 단어를 남발하면 표현의 진정성이 떨어지고 과장하는 사람으로 보일 수 있음.,스포츠 뉴스나 기록 분석 기사에서 '역대 최고 급'이라는 용어를 쓰던 것이 구어체로 정착됨.,[낀세대: Safe] / [외국인: Safe] / [복학생: Safe] 감탄사나 강조어로서 매우 효과적이며 대중적인 표현임.,[전 연령대: 권장] 자신의 경험을 생동감 있게 전달하고 싶을 때 누구나 사용 가능한 만능 강조어.,"감탄, 충격, 경외","강조 표현, 리뷰, 일상"
웃프다,"아이러니한 슬픔, 해학적 상황, 웃음과 눈물 사이, 안쓰러운 유머","웃긴데 슬프다는 뜻. 상황 자체는 비극적이거나 안타까운 상황이지만, 그 모습이 묘하게 웃음을 유발할 때 사용하는 해학적 표현.","월급날인데 통장을 스쳐 지나가는 월급을 보며 허탈하게 웃거나, 다이어트 중인데 너무 배가 고파서 잠결에 꿈에서 치킨을 뜯는 내 모습을 설명할 때.","""어제 짝사랑하던 애한테 고백했는데, 걔가 내 이름을 틀리게 부르면서 거절하더라. 진짜 웃프지 않니?""","타인이 겪는 진지하고 심각한 사고나 질병, 사별 등에 대해 '웃프다'고 하면 공감 능력이 부족한 비정한 사람으로 낙인찍힘.",웹툰이나 예능(무한도전 등)에서 슬픈 상황을 웃음으로 승화하는 자막으로 사용하며 널리 퍼짐.,[낀세대: Safe] / [외국인: Safe] / [복학생: Safe] 슬픔을 유머로 승화시키는 성숙한 태도를 보여줄 때 유용함.,[전 연령대: 권장] 삶의 고단함을 가볍게 털어내고 싶을 때 모든 세대가 공감할 수 있는 단어.,"해학, 공감, 안쓰러움","감정, 일상, 아이러니"
럭키비키,"원영적 사고 실천, 초긍정 마인드셋, 오히려 좋아, 불행 중 다행, 장원영 말투, 초긍정, 행운, 럭키비키 뜻, 원영적 사고와 차이점",행운(Lucky)과 아이돌 장원영의 영어 이름(Vicky)의 합성어. 어떤 부정적인 상황도 긍정적으로 해석하는 사고방식을 의미함.,"빵집에 갔는데 앞 사람이 마지막 빵을 사 갔을 때, ""운 좋게 갓 구운 새 빵을 먹을 수 있게 됐잖아! 완전 럭키비키잖아!""라고 말하는 상황.","""비가 와서 신발이 다 젖었네? 덕분에 시원하게 발 씻은 셈 치지 뭐! 역시 난 럭키비키야.""","상대방이 진심으로 화가 나 있거나 위로가 필요한 상황에서 억지로 ""럭키비키잖아""라고 하면 상황 파악 못 하는 눈치 없는 사람으로 보임.",아이돌 장원영이 팬들과의 대화에서 보여준 남다른 긍정적 사고방식(원영적 사고)이 커뮤니티에서 밈이 됨.,[낀세대: Safe] / [외국인: Safe] / [복학생: Safe] 분위기를 밝게 만들고 멘탈 관리에 도움을 주는 아주 건강한 밈임.,[10-30대: 주사용층] / [40대 이상: 트렌디함] 부정적인 회의 분위기를 반전시킬 때 위트 있게 사용하면 센스 있다는 소리를 들음.,"희망, 긍정, 활기","마인드셋, 유행어, 심리"
이븐하게,"고르게 익힘, 균형 잡힌 일 처리, 흑백요리사 패러디, 안성재 심사평","영어 'Even'의 뜻 그대로, 음식이 겉과 속이 고르게(Even) 익은 상태를 뜻함. 최근에는 모든 일이 균형 있게 잘 처리된 상태를 비유함.","고기를 구웠을 때 타지 않고 속까지 완벽하게 익었는지 확인할 때, 혹은 프로젝트의 모든 단계가 누락 없이 고르게 진행되었을 때 사용함.","""이번 기획안은 데이터와 디자인의 조화가 아주 이븐하게 잘 갖춰졌네요. 채소의 익힘 정도도 훌륭합니다."", ""최고의 전문가가 아주 차갑고 냉철하게 쓴 단어라, 오히려 그 완벽주의가 멋있어 보여서 유행함.""","진지하게 조언을 구하는 요리사나 전문가 앞에서 유행어처럼 남발하면 장난스러워 보여 전문성을 의심받을 수 있음. ""그 셰프의 깐깐한 전문성이 멋있어서 사람들이 따라 하는 거예요""",2024년 넷플릭스 '흑백요리사' 심사위원 안성재 셰프가 고기나 채소의 익힘 정도를 평가하며 반복 사용한 단어.,[낀세대: Safe] / [외국인: Safe] / [복학생: Safe] 세련되고 지적인 느낌을 주면서도 트렌드를 아는 사람임을 보여줌.,[10-40대: 방송 시청층] / [50대 이상: 설명 권장] 최근 가장 핫한 밈이므로 사내 회식 자리나 미팅에서 가벼운 농담으로 쓰기 좋음.,"냉철함, 전문적, 위트","방송 밈, 요리, 완벽주의"
중꺾마,"꺾이지 않는 마음, 포기하지 마, 응원 문구, 끝까지 도전, 의지 강조, 세 글자 응원, 아직 안 끝난 상황, 포기 금지, 중요한 건 꺾이지 않는 마음, 졌잘싸랑 다른 점, 아직 안 끝난 상황",중요한 것은 꺾이지 않는 마음'의 줄임말. 결과가 절망적이어도 끝까지 포기하지 않는 의지를 뜻함.,"스포츠 경기에서 점수 차가 크게 벌어졌을 때나, 취업 준비/시험 등 장기적인 도전 중 슬럼프가 왔을 때 스스로를 다독이며 사용","""지금 성적은 안 좋지만 중꺾마 정신으로 기말고사까지 달려보자!""","이미 상황이 종료되어 돌이킬 수 없거나, 무모한 고집을 피워야 하는 부정적 상황에 남용하면 현실 감각이 없어 보일 수 있음.",2022년 LoL 월드 챔피언십 우승자 '데프트' 선수의 인터뷰 제목에서 유래되어 전국적인 유행어가 됨.,[낀세대: Safe] / [외국인: Safe] / [복학생: Safe] 매우 희망적이고 긍정적인 메시지로 격려 시 최고.,[전 연령대: 권장] 직장 상사가 팀원들에게 동기부여를 할 때 사용하기 가장 적합한 밈.,"의지, 열정, 끈기","스포츠, 도전, 마인드셋"
폼 미쳤다,"실력 대단함, 전성기, 솜씨 좋다, 실력 발휘, 최고의 상태","실력이나 외모, 상태가 최고조(전성기)에 달했을 때 사용하는 극찬의 표현.","동료가 발표를 완벽하게 해냈을 때, 혹은 친구의 오늘 옷차림이 매우 멋질 때 그 기량을 높게 평가하며 사용함.","""오늘 대리님 PT 보셨어요? 진짜 전달력 폼 미쳤다... 완전 소름 돋음.""",상황이 좋지 않거나 실력이 평범한데 비꼬는 의도로 사용하면 조롱이 될 수 있으므로 진심 어린 감탄일 때만 사용 권장.,인터넷 방송에서 게임 실력이 뛰어난 플레이어를 칭찬하던 용어가 대중화됨.,[낀세대: Safe] / [외국인: Safe] / [복학생: Safe] 상대방의 자존감을 높여주는 기분 좋은 칭찬임.,[10-30대: 주사용층] / [40-50대: 사용 권장] 칭찬에 박한 사회 분위기에서 가벼운 위트로 분위기를 띄우기 좋음.,"경탄, 찬사, 흥분","실력, 외모, 상태"
T발 너 C야?,"너 T야, 공감 능력 부족, 서운함 표현, 차가운 반응 대응","상대방의 무심하거나 논리적인 반응에 대해 ""너 혹시 MBTI가 T(이성형)라서 공감을 못 하니?""라고 묻는 도발적인 질문.","고민을 털어놨는데 해결책만 제시하거나 감정적 공감을 해주지 않을 때, 섭섭함을 유머러스하고 강렬하게 표현하고 싶을 때 사용.","""나 오늘 너무 힘들어서 울었어."" -> ""왜? 울면 해결돼?"" -> ""T발 너 C야? 사람이 울면 위로부터 해야지!""",[주의] 욕설(C발)이 연상되는 언어유희이므로 공적인 자리나 윗사람에게 사용 시 매우 위험함. 오해를 사기 쉬움.,MBTI 열풍과 함께 유튜버 '주현영' 등의 숏폼 콘텐츠를 통해 폭발적으로 유행함.,[낀세대: Danger] / [외국인: Danger] / [복학생: Caution] 친한 사이가 아니면 욕설로 오해받아 관계가 틀어질 수 있음.,[10-20대: 주사용층] / [30-40대: 유머로 사용] MBTI 문화를 모르는 세대에게는 절대 사용 금지.,"서운함, 도발, 유머","MBTI, 인간관계, 공감"
티발 너 씨야?,"너 T야, 공감 능력 부족, 서운함 표현, 차가운 반응 대응","상대방의 무심하거나 논리적인 반응에 대해 ""너 혹시 MBTI가 T(이성형)라서 공감을 못 하니?""라고 묻는 도발적인 질문.","고민을 털어놨는데 해결책만 제시하거나 감정적 공감을 해주지 않을 때, 섭섭함을 유머러스하고 강렬하게 표현하고 싶을 때 사용.","""나 오늘 너무 힘들어서 울었어."" -> ""왜? 울면 해결돼?"" -> ""T발 너 C야? 사람이 울면 위로부터 해야지!""",[주의] 욕설(C발)이 연상되는 언어유희이므로 공적인 자리나 윗사람에게 사용 시 매우 위험함. 오해를 사기 쉬움.,MBTI 열풍과 함께 유튜버 '주현영' 등의 숏폼 콘텐츠를 통해 폭발적으로 유행함.,[낀세대: Danger] / [외국인: Danger] / [복학생: Caution] 친한 사이가 아니면 욕설로 오해받아 관계가 틀어질 수 있음.,[10-20대: 주사용층] / [30-40대: 유머로 사용] MBTI 문화를 모르는 세대에게는 절대 사용 금지.,"서운함, 도발, 유머","MBTI, 인간관계, 공감"
알잘딱깔센,"알아서 잘, 일 잘하는 사람, 센스 있는 행동, 효율적인 업무",알아서 잘 딱 깔끔하고 센스 있게'의 줄임말. 구구절절 설명하지 않아도 스스로 일을 완벽하게 처리하는 태도.,"신입 사원이 지시하지 않은 부분까지 미리 준비해두었을 때나, 친구들끼리 여행 계획을 짤 때 손발이 척척 맞는 상황에서 사용.","""우리 막내 사원은 말 안 해도 자료 다 정리해놨네. 진짜 알잘딱깔센이다!""",'알아서 해라'는 식으로 책임을 전가하는 맥락에서 사용하면 방임으로 비쳐 부정적일 수 있음.,"스트리머 '우왁굳'이 팬들과 소통하며 만든 신조어로, 아이돌들이 사용하며 대중화됨.",[낀세대: Safe] / [외국인: Safe] / [복학생: Safe] 일 처리에 대한 최고의 찬사 중 하나로 통함.,[10-30대: 주사용층] / [40-50대: 이해 필수] 사무실에서 효율성을 강조할 때 센스 있는 표현으로 활용 가능.,"신뢰, 만족, 감탄","업무 능력, 센스, 일상"
갓생,"부지런한 삶, 자기계발, 바른 생활, 인생 열심히 살기",신(God)과 인생(生)의 합성어. 남들에게 본보기가 될 만큼 부지런하고 생산적인 삶을 사는 것.,"아침 일찍 일어나 운동하고, 업무에 집중하며 저녁엔 공부까지 하는 등 자기관리에 철저한 사람을 칭송하거나 본인의 의지를 다질 때 사용.","""퇴근하고 영어 학원 가려고. 올해는 진짜 갓생 살기로 마음먹었어.""","남들의 휴식을 게으름으로 비하하며 ""너는 왜 갓생 안 사니?""라고 훈계하는 태도는 전형적인 꼰대처럼 보일 수 있음.",2020년 코로나19 이후 무너진 일상을 회복하려는 젊은 세대의 자기계발 열풍에서 유래.,[낀세대: Safe] / [외국인: Safe] / [복학생: Safe] 건전한 가치관을 담고 있어 직장 내에서도 장려할 만한 단어임.,[전 연령대: 권장] 삶에 대한 열정을 나타내므로 모든 세대가 긍정적으로 사용 가능.,"열정, 성실, 동경","자기계발, 라이프스타일"
핑계고,"핑계 대기, 유재석 유튜브, 대화 중심, 편안한 대화","유튜브 채널 '뜬뜬'의 콘텐츠 명칭이지만, 최근엔 '핑계 삼아 모여서 수다나 떨자'는 의미의 대명사로 쓰임.","진지한 회의보다는 가벼운 티타임이나 명분이 부족한 모임을 만들고 싶을 때 ""커피 한잔을 핑계로 수다 떨자""는 맥락에서 사용.","""오늘 팀장님 안 계시니까 우리 핑계고 컨셉으로 점심 길게 먹고 올까요?""",진지하게 잘못을 추궁받는 자리에서 변명을 늘어놓으며 사용하면 태도 불량으로 간주됨.,유재석이 지인들과 자유롭게 대화하는 유튜브 채널 '핑계고'의 인기로 대중화됨.,[낀세대: Safe] / [외국인: Safe] / [복학생: Safe] 가벼운 소통을 유도하는 위트 있는 표현임.,[전 연령대: 권장] 부담 없는 대화를 원할 때 아이스브레이킹 용도로 적합함.,"편안함, 유머, 친근함","미디어, 소통, 일상"
오운완,"오늘 운동 완료, 헬스 인증, 자기관리 성공, 꾸준함",오늘 운동 완료'의 줄임말. 하루의 운동 목표를 달성했음을 인증하는 말.,"헬스장, 필라테스, 러닝 등을 마치고 SNS에 인증 사진을 올릴 때 혹은 지인에게 하루를 마무리하는 뿌듯함을 전할 때 사용.","""피곤해서 갈까 말까 고민했는데 결국 해냈다. 오운완!""","운동을 하지 않았으면서 보여주기식으로 단어만 사용하거나, 남의 운동량을 무시하는 맥락에선 부적절함.",인스타그램 등 SNS의 해시태그(#오운완) 문화에서 시작되어 일상 용어로 정착.,[낀세대: Safe] / [외국인: Safe] / [복학생: Safe] 성취감을 나누는 건강한 단어로 사내 동호회 등에서 쓰기 좋음.,[10-40대: 주사용층] / [50대 이상: 권장] 건강 관리라는 공통 관심사를 나누기에 최적의 단어.,"성취감, 뿌듯함, 의지","건강, 루틴, SNS"
디토,"나도 그래, 동감이야, 뉴진스 노래, 동의 표현","'Ditto'(나도 마찬가지)라는 영어 단어로, 상대방의 의견에 강력하게 동의하거나 공감함을 뜻함.","누군가 ""오늘 점심 메뉴 진짜 맛있다""고 했을 때 ""디토!""라고 답하며 나도 똑같이 생각한다는 것을 세련되게 표현.","""이번 프로젝트 방향성 너무 좋은 것 같아요."" -> ""완전 디토! 저도 그렇게 생각했어요.""",전혀 동의하지 않는데 유행어라고 남발하면 주관이 없어 보일 수 있음. 노래 제목으로만 아는 사람에겐 의도 전달이 안 될 수 있음.,"영어권 고전어이나, 아이돌 '뉴진스'의 곡 'Ditto'가 세계적으로 히트하며 MZ 세대의 일상 공감 표현으로 등극.",[낀세대: Safe] / [외국인: Safe] / [복학생: Safe] 동의의 표현이므로 긍정적인 커뮤니케이션에 도움이 됨.,[10-30대: 주사용층] / [40대 이상: 트렌디함] 짧고 간결하게 공감을 표시하고 싶을 때 사용하면 센스 있어 보임.,"공감, 세련됨, 간결함","일상 대화, 팝컬처"
추구미,"내가 되고 싶은 모습, 이상향, 스타일 타겟, 목표 이미지","내가 추구하는 미(美)적 기준이나 스타일. 즉, 자신이 지향하는 이미지나 분위기를 뜻함.","옷을 쇼핑하거나 헤어스타일을 바꿀 때 ""내 이번 가을 추구미는 시크한 비즈니스 우먼이야""처럼 자신의 목표를 설명할 때 사용.","""요즘 제 추구미는 조용하지만 카리스마 있는 리더예요. 그래서 말투도 바꾸려고 노력 중이에요.""",본인의 실제 모습과 너무 괴리가 큰 이미지만 쫓으며 허세를 부릴 때 조롱의 의미로 쓰일 수 있으니 주의.,패션 커뮤니티에서 자신의 스타일 가이드를 '추구하는 미'라고 부르던 것이 줄임말로 정착.,[낀세대: Safe] / [외국인: Safe] / [복학생: Safe] 자기표현이 확실한 세대적 특성을 잘 보여주는 단어임.,[10-30대: 주사용층] / [40대 이상: 이해 필요] 후배들의 취향이나 가치관을 물어볼 때 유용하게 활용할 수 있음.,"지향, 개성, 진지함","패션, 가치관, 자기표현"
오히려 좋아,"전화위복, 긍정적 역전, 위기를 기회로, 마인드 컨트롤","나쁜 일이 생겼을 때 실망하지 않고, 그 상황 때문에 더 좋은 결과가 생길 것 같다고 정신 승리 혹은 긍정적으로 해석하는 것.","약속 장소에 식당이 문을 닫았을 때 ""오히려 좋아! 옆집 가보고 싶었는데 잘됐다""며 분위기를 반전시킬 때 사용.","""버스 놓쳤네? 오히려 좋아. 좀 걷다 보면 기분 전환도 되고 좋지 뭐.""","진지하게 타인이 손해를 입은 상황에서 옆사람이 ""오히려 좋아""라고 말하면 상대방을 놀리는 것처럼 들려 크게 싸울 수 있음.",침착맨(이말년) 등 인기 스트리머들이 게임 상황에서 위기를 긍정적으로 승화시키며 유행함.,"[낀세대: Safe] / [외국인: Safe] / [복학생: Safe] 럭키비키와 결이 비슷하며, 위기 대처 능력이 좋아 보이는 단어임.",[전 연령대: 권장] 업무 중 예상치 못한 변수가 발생했을 때 팀의 사기를 꺾지 않는 최고의 멘트.,"낙천적, 유머, 반전","마인드셋, 일상 대화"
졌잘싸,"졌지만 잘 싸웠다, 아쉬운 패배, 결과보다 과정, 위로의 말, 스포츠 응원, 세 글자 위로, 미팅 실패 위로, 결과는 안 좋지만 노력, 결과보단 과정, 졌지만 잘 싸웠다, 세 글자 위로, 미팅 실패, 결과는 안 좋지만 노력, 중꺾마와 차이점, 결과보다 과정",졌지만 잘 싸웠다'의 줄임말. 결과는 패배했으나 최선을 다한 과정에 박수를 보낼 때 사용함.,"스포츠 경기나 경쟁 상황에서 팀이 졌을 때 선수들을 격려하거나, 본인이 노력한 프로젝트가 실패했을 때 스스로를 다독이며 사용, 미팅이나 프로젝트 결과가 좋지 않을 때 팀장이 팀원에게 주는 위로","""비록 우승은 못 했지만 우리 팀 오늘 경기력은 최고였어. 진짜 졌잘싸다!""",[중요] 실력이 형편없어서 당연히 질 만한 경기에 사용하면 비꼬는 조롱이 됨. '발컨'과는 정반대의 긍정적 격려 상황에만 써야 함.,2002년 월드컵 등 주요 스포츠 경기 후 네티즌들이 선수들을 격려하며 정착된 용어.,[낀세대: Safe] / [외국인: Safe] / [복학생: Safe] 격려와 위로의 정서가 담겨 있어 직장 내에서도 사용 권장.,[전 연령대: 권장] 부하 직원의 실패를 따뜻하게 감싸 안을 때 가장 세련된 표현 중 하나.,"격려, 감동, 아쉬움","스포츠, 위로, 마인드셋"
H워얼V,"사랑해 암호, 거꾸로 읽기, 고백 멘트, 문자 암호, 귀여운 고백",글자를 뒤집어 보면 '사랑해'가 되는 일종의 문자 놀이이자 암호형 고백 표현.,"연인이나 친구에게 직접적으로 ""사랑해""라고 말하기 쑥스러울 때, 위트 있게 애정을 표현하는 암호로 사용함.","""오늘 고생 많았어. 내 마음 알지? H워얼V!""",이 암호를 모르는 사람에게 사용하면 단순한 오타나 스팸으로 오해받을 수 있음. 너무 진지한 사과 상황에선 가벼워 보일 수 있음.,"글자 '사랑해'를 180도 회전시켰을 때 영어 알파벳 H, V와 한글 '워, 얼'처럼 보이는 시각적 유희에서 탄생.",[낀세대: Safe] / [외국인: Safe] / [복학생: Safe] 공격성이 전혀 없는 귀여운 애정 표현임.,[10-20대: 주사용층] / [30대 이상: 센스 문구] 연인 사이나 친밀한 관계에서 아날로그 감성의 위트를 줄 때 효과적임.,"애정, 위트, 귀여움","연애, 문자, 유희"
억까,"억지 비난, 억지로 까기, 불운한 상황, 말도 안 되는 비난, 억울함","억지로 까다(비난하다)'의 줄임말. 근거 없이 비난하거나, 상황이 억울하게 나쁘게 돌아갈 때 사용함.","게임 중 도저히 피할 수 없는 운 나쁜 상황에 처하거나, 직장에서 사소한 실수로 과도하게 비난받을 때 억울함을 호소하며 사용.","""이건 내 잘못이 아니라 날씨가 억까하는 수준인데? 갑자기 비가 이렇게 온다고?""","본인이 명백히 잘못했음에도 불구하고 비판을 피하기 위해 ""이거 억까야""라고 말하면 책임 회피로 보임.",인터넷 방송인들이 불합리한 게임 데스 상황을 '억지로 까인다'고 표현하며 확산됨.,[낀세대: Caution] / [외국인: Safe] / [복학생: Safe] 자신을 방어할 때 유용하나 타인에게 쓰면 공격적일 수 있음.,[10-30대: 주사용층] / [40대 이상: 이해 필요] 불합리한 상황에 대한 공감을 유도할 때 젊은 층과 소통하기 좋음.,"억울함, 항의, 유머","커뮤니티, 사회생활, 운"
사바사,"사람마다 다름, 개인차, 케바케 동의어, 상황별 차이, 사람 바이 사람",사람 By 사람'의 줄임말. 모든 것은 사람마다 기준이나 결과가 다르다는 뜻.,"어떤 결정이나 평가를 내릴 때 ""그건 사바사라서 딱 잘라 말하기 어렵네""처럼 보편화하기 어려운 개인차를 강조할 때 사용.","""이 영양제가 효과가 있나요?"" -> ""글쎄요, 그건 워낙 사바사라 직접 드셔보셔야 알 것 같아요.""","보편적인 상식이나 규범이 필요한 상황에서 무책임하게 ""사바사""라고 답하면 결단력이 부족해 보일 수 있음.",'Case by Case(케바케)'의 형식을 빌려와 한국식으로 변형된 조어.,[낀세대: Safe] / [외국인: Safe] / [복학생: Safe] 논리적이고 중립적인 표현으로 비즈니스 대화에서도 무난함.,[전 연령대: 권장] 세대 차이를 인정하고 다양성을 존중하는 맥락에서 쓰기 매우 좋은 단어.,"중립, 분석, 객관적","일상 대화, 판단, 가치관"
자강두천,"자존심 강한 두 천재, 막상막하, 병맛 대결, 도긴개긴, 하수들의 싸움",자존심 강한 두 천재의 대결'의 줄임말. 실제로는 수준 낮은 사람들이 서로 잘났다고 싸우는 모습을 반어적으로 비꼬는 표현.,"수준이 비슷한 두 사람이 유치한 논리로 치열하게 말싸움을 하거나, 게임 실력이 형편없는 둘이 비장하게 대결할 때 희화화하며 사용.","""저 둘이 점심 메뉴로 한 시간째 토론 중이야? 진짜 자강두천이다.""",[주의] 정말 실력이 뛰어난 고수들의 대결에 사용하면 예우를 갖추지 못한 무례한 표현이 될 수 있음.,게임 '리그 오브 레전드' 커뮤니티에서 실력이 낮은 유저들의 대결 영상에 붙인 제목이 밈이 됨.,[낀세대: Caution] / [외국인: Danger] / [복학생: Safe] 비꼬는 의도가 강하므로 당사자 앞에서는 사용에 주의해야 함.,[10-30대: 주사용층] / [40대 이상: 유머로 이해] 유치한 갈등 상황을 한마디로 정리하여 웃음을 줄 때 적합함.,"풍자, 해학, 조롱","유머, 커뮤니티, 경쟁"
내또출,"내일 또 출근, 직장인 비애, 일요일 저녁, 퇴사 욕구, 출근 싫어",내일 또 출근한다'의 줄임말. 반복되는 직장 생활의 고단함과 출근하기 싫은 마음을 해학적으로 표현.,"일요일 저녁이나 연휴 마지막 날 밤, 출근의 압박감이 몰려올 때 SNS에 올리거나 동료들과 하소연하며 사용함.","""일요일 밤 10시라니... 내또출 실화냐? 주말 어디 갔어?""","상사 앞에서 ""내또출이라 너무 괴로워요""라고 대놓고 말하면 근태나 업무 태도가 불량한 것으로 오해받을 수 있음.",직장인 익명 커뮤니티(블라인드 등)와 인스타그램의 직장인 공감 계정에서 파생.,[낀세대: Safe] / [외국인: Safe] / [복학생: Safe] 직장인이라면 누구나 느끼는 보편적인 정서로 공감대 형성에 좋음.,[20-40대: 주사용층] / [50대 이상: 공감 가능] 동료들과의 '스몰 토크'에서 가벼운 동지애를 느끼게 하는 표현.,"한탄, 해학, 피로","직장 생활, 일상, 감정"
당모치,"당연히 모든 치킨은 옳다, 야식 추천, 메뉴 결정, 치킨 찬양, 아무거나",당연히 모든 치킨은 옳다'의 줄임말. 메뉴 고민 없이 치킨이라면 무조건 환영한다는 뜻.,"단체 야식 메뉴를 정할 때 결정장애가 오거나, 특정 브랜드의 치킨을 제안받았을 때 무조건적인 찬성을 보낼 때 사용.","""오늘 메뉴 고민하지 마. 당모치 몰라? 그냥 가까운 데서 시키자!""",치킨이 아닌 다른 음식을 먹고 싶어 하는 사람이 있을 때 강요하듯 사용하면 배려 없는 태도로 보일 수 있음.,한국 고유의 치킨 예찬 문화인 '치느님' 신앙(?)의 연장선에서 탄생한 절대 명제.,[낀세대: Safe] / [외국인: Safe] / [복학생: Safe] 긍정적이고 호불호가 없는 매우 안전한 단어임.,[전 연령대: 권장] 부하 직원들과 회식 메뉴를 정할 때 '꼰대' 탈출용 위트로 활용 가능.,"긍정, 열정, 찬성","음식, 일상, 화합"
개이득,"엄청난 이득, 횡재, 예상 밖의 이익, 기분 좋음, 득템",강조를 뜻하는 '개'와 '이득'의 합성어. 생각지도 못한 큰 이익을 얻어 매우 기쁜 상태.,"길에서 만 원을 줍거나, 세일 기간이 아닌데 깜짝 할인을 받아 물건을 샀을 때처럼 뜻밖의 횡재 상황에서 사용.","""우와, 버스 놓쳐서 속상했는데 바로 앞에 무료 셔틀이 오네? 완전 개이득!""",[주의] '개-'라는 접두사가 비속어적 느낌을 줄 수 있으므로 엄격한 비즈니스 미팅이나 격식 있는 자리에선 지양해야 함.,온라인 게임 유저들 사이에서 보상을 강조하며 쓰던 말이 일상 전체로 퍼짐.,[낀세대: Caution] / [외국인: Safe] / [복학생: Safe] 친근한 사이에서 기쁨을 표현하기 좋으나 어른들 앞에서는 주의 필요.,[10-30대: 주사용층] / [40-50대: 소통용] 감탄사로 쓰기에 매우 직관적이고 강력한 에너지를 전달함.,"환희, 만족, 기쁨","생활경제, 운, 일상"
핵이득,"개이득보다 강조, 엄청난 이익, 역대급 이득, 가성비 끝판왕",원자폭탄의 '핵'처럼 엄청나게 큰 이익이라는 뜻. '개이득'보다 조금 더 세련되거나 강한 느낌을 줄 때 사용함.,1+1 행사에서 쿠폰까지 중복 적용하여 거의 공짜로 물건을 샀을 때처럼 극강의 이득 상황에서 사용.,"""이 노트북 사양에 이 가격이면 진짜 핵이득이야. 고민 말고 지금 결제해.""",'개이득'과 마찬가지로 과장된 표현이므로 격식 있는 보고서나 공식 문서에는 적합하지 않음.,"'핵노잼', '핵꿀잼' 등 강조 접두사 '핵-'이 유행하던 시기에 함께 파생됨.",[낀세대: Safe] / [외국인: Safe] / [복학생: Safe] '개-'보다는 거부감이 덜하여 비교적 넓은 상황에서 사용 가능.,[10-30대: 주사용층] / [40대 이상: 트렌디함] 쇼핑 정보를 공유하거나 성과를 자랑할 때 강조용으로 적합함.,"경탄, 강한 만족, 확신","쇼핑, 생활경제, 강조"
복돌이,"불법 다운로더, 무단 복제자, 저작권 위반, 게임 복제, 부정 사용","정품을 사지 않고 불법 복제물(게임, 영화 등)을 이용하는 사람을 비하하거나 희화화하여 부르는 말.","유료 게임을 불법 사이트에서 내려받아 쓰는 사람을 발견했을 때나, 저작권 의식 없이 콘텐츠를 소비하는 태도를 비판할 때 사용.","""아직도 복돌이 짓 하는 사람이 있어? 저작권 개념 좀 챙기자.""","[주의] 본인이 정품을 쓰지 않으면서 당당하게 ""나 복돌이야""라고 말하는 것은 도덕적 결함을 자인하는 꼴이 되어 큰 비난을 받음.",과거 소프트웨어 복제 도구인 '복사 도구'에서 '복'을 따와 만든 별명.,[낀세대: Safe] / [외국인: Safe] / [복학생: Safe] 저작권 보호라는 올바른 가치관을 담고 있어 사용에 무리가 없음.,[20-40대: 주사용층] / [전 연령대: 상식] IT 기기나 콘텐츠 소비 문화를 논할 때 상식적인 선에서 사용됨.,"비판, 냉소, 계도","IT, 저작권, 윤리"
자뻑,"자신감 과잉, 자기 자랑, 공주병, 왕자병, 나르시시즘",스스로가 잘났다고 생각하며 자기 자신에게 흠뻑 취해 있는 태도를 뜻함.,"외모나 능력을 과하게 칭찬하며 본인이 최고라고 믿는 행동을 할 때, 혹은 장난스럽게 자신감을 보일 때 사용.","""거울 보면서 자기 외모에 감탄하는 거 봐, 저 자뻑 진짜 어떡하냐.""","진심으로 자만하는 사람에게 쓰면 싸움이 날 수 있으며, 반대로 자존감이 낮은 사람에게 장난으로 써도 상처가 됨.","'자기'와 '흠뻑'의 '뻑'이 합쳐진 조어로, 90년대부터 쓰인 장수 유행어임.",[낀세대: Safe] [외국인: Safe] [복학생: Safe] 적절한 수준의 자뻑은 유머로 통함.,[전 연령대] 자신감을 표현하는 친숙한 단어로 널리 쓰임.,"자만, 유머, 자신감","성격, 일상, 인간관계"
해벌,"입 벌리고 웃다, 멍하니 있다, 행복한 표정, 넋 나감","입을 '해-' 하고 벌리고 멍하니 있거나, 너무 좋아서 입을 다물지 못하는 모습.","좋아하는 사람을 보거나 맛있는 음식을 앞에 두고 정신없이 기뻐할 때, 혹은 멍하게 있을 때 그 표정을 묘사함.","""그렇게 입을 해벌 벌리고 좋아할 일이야? 좋긴 진짜 좋은가 보네.""",진지한 상황에서 멍청해 보인다는 비난의 의도로 쓰면 상대방이 불쾌할 수 있으니 주의.,입을 벌리는 모양을 뜻하는 의태어에서 파생된 표현.,[낀세대: Safe] [외국인: Safe] [복학생: Safe] 순수한 기쁨을 표현할 때 안전함.,[전 연령대] 특히 아이나 반려동물의 표정을 묘사할 때 자주 쓰임.,"기쁨, 순수, 멍함","상태, 감정, 일상"
정돌이,"정품 사용자, 복돌이 반대말, 저작권 준수, 유료 구매자",불법 복제물을 쓰지 않고 반드시 정가를 지불하고 정품 소프트웨어나 콘텐츠를 이용하는 사람.,"'복돌이'를 비판하거나 스스로의 올바른 소비 습관을 나타낼 때 사용하며, 건전한 창작 생태계를 지지하는 맥락임.","""나 이제 복돌이 탈출하고 정돌이 하기로 했어. 이번 세일 때 다 결제함!""",정품 사용이 당연한 것임에도 과하게 선민의식을 가지고 타인을 비난하는 수단으로만 쓰면 거부감을 줌.,'정품'과 사람을 뜻하는 접미사 '-돌이'의 합성어로 '복돌이'의 대척점임.,[낀세대: Safe] [외국인: Safe] [복학생: Safe] 윤리적인 소비 태도를 의미함.,[20-40대: 주사용층] IT 기기와 게임 문화에 익숙한 세대 중심.,"올바름, 자부심, 상식","IT, 저작권, 소비"
딱그랩,"딱그랩 뜻, 딱그랩 유래, 득템 밈, 성취감 용어",'딱(맞다)' + 'Grab(잡다)'의 합성어. 원하던 물건이나 기회를 정확히 손에 넣었을 때의 기쁨과 성취감을 뜻함.,"쇼핑 중 원하던 매물을 구하거나, 게임에서 필요한 아이템을 얻었을 때, 혹은 절묘한 타이밍에 기회를 잡았을 때 사용함.","""이번 한정판 운동화 드디어 딱그랩 성공! 기분 최고다.""",단순히 물건을 집는 행위보다는 '기다리던 것을 완벽히 손에 넣었다'는 성취감이 핵심임.,'딱 알맞다'는 부사와 영단어 'Grab'을 결합하여 젊은 층 커뮤니티에서 발생.,[낀세대: Safe] / [외국인: Safe] / [복학생: Safe],10대 ~ 30대,"활기참, 만족감, 당당함","쇼핑, 일상, 성취"
주린이,"주식 초보, 주식 공부, 개미 투자자, 입문자, 주식 어린이",주식 + 어린이'의 합성어. 주식 투자에 막 입문하여 지식이 부족한 초보 투자자를 일컫는 말.,"본인이 주식에서 손해를 봤을 때 자학적으로 쓰거나, 모르는 것을 물어볼 때 자신을 낮추며 사용함.","""주린이라 차트 볼 줄 모르는데, 삼성전자 지금 사도 될까요?""","'어린이'를 미숙한 존재로 비하한다는 사회적 지적이 있으므로, 공식적인 자리에서는 '초보 투자자'로 쓰는 것이 권장됨.",2020년 동학개미운동 당시 신규 투자자가 급증하며 대중적인 용어로 안착함.,[낀세대: Safe] [외국인: Safe] [복학생: Safe] 초보임을 겸손하게 밝힐 때 유용함.,[20-50대: 주사용층] 재테크에 관심 있는 전 연령층이 고루 사용함.,"겸손, 배움, 자책","경제, 재테크, 입문"
친목질,"과도한 친목, 소외감 유발, 커뮤니티 망함, 끼리끼리, 사모임",온라인 커뮤니티나 단체에서 특정 인원들끼리만 과도하게 친해져서 다른 사람들에게 소외감을 주는 행위.,"공적인 모임에서 사적인 대화만 나누거나, 신입 회원을 배척하고 자기들만의 은어를 쓸 때 비판적으로 사용함.","""여기도 고인물들끼리 친목질 하느라 뉴비들은 질문해도 대답도 안 해주네.""","단순한 친교 활동을 비하하는 데 오용하면 안 되며, 폐쇄적인 집단 문화를 경계하는 맥락에서 써야 함.",커뮤니티 내부의 질서를 무너뜨리는 '친목'에 부정적 접미사 '-질'을 붙여 탄생.,[낀세대: Caution] [외국인: Danger] [복학생: Safe] 부정적 뉘앙스가 강하므로 사용에 주의.,[10-40대: 주사용층] 온라인 커뮤니티나 동호회 활동을 활발히 하는 층.,"비판, 냉소, 경고","커뮤니티, 인간관계, 윤리"
plutoed,"퇴출당함, 격하됨, 명단 제외, 무시당함, 명왕성 되다","과거 행성이었던 명왕성(Pluto)이 행성 지위를 잃은 것처럼, 지위가 격하되거나 갑자기 무시당하는 상황.","직장에서 주요 프로젝트 멤버에서 제외되거나, 친구 그룹에서 소외되었을 때 ""나 오늘 plutoed 당했어""라고 표현함.","""잘 나가던 서비스가 이번 업데이트 한 번으로 시장에서 plutoed 됐어.""","한국어 기반 밈은 아니며 해외 밈이 수입된 형태라, 맥락을 모르는 사람에게는 전혀 이해되지 않을 수 있음.",2006년 명왕성이 행성 분류에서 제외되자 미국 방언 학회에서 '올해의 단어'로 선정하며 유래.,[낀세대: Safe] [외국인: Safe] [복학생: Safe] 지적인 느낌을 줄 수 있는 비유적 표현임.,[20-30대: 영어권 문화에 익숙한 층] 글로벌 밈을 선호하는 유저 중심.,"허탈, 분석, 비유","사회적 지위, 해외 밈"
공능제,"공감 능력 결여, 사이코패스 비유, 무심함, T발너C야 상위호환",공감 능력 제로'의 줄임말. 타인의 감정을 전혀 이해하지 못하는 사람을 비난할 때 사용.,"슬픈 이야기를 하는데 비웃거나, 상식적으로 위로가 필요한 상황에서 논리만 따지는 사람을 비판할 때 사용함.","""친구가 울고 있는데 거기다 대고 팩폭을 하냐? 너 진짜 공능제야?""",상대방을 인격적으로 결함이 있는 사람으로 몰아가는 강한 비난이므로 사용 시 큰 싸움이 날 수 있음.,'T' 성향의 극단적인 단점을 비하하며 커뮤니티에서 만들어진 용어.,[낀세대: Danger] [외국인: Danger] [복학생: Caution] 인신공격성이 강하므로 주의가 필요함.,[10-30대: 주사용층] MBTI 문화와 맞물려 젊은 층에서 활발히 쓰임.,"비판, 혐오, 공격적","인간관계, 성격, 갈등"
정상화,"비정상 복구, 운영 정상화, 밸런스 패치, 드디어 해결, 정상화의 신",비정상적이거나 과도했던 상황이 운영자의 개입이나 패치로 인해 올바른 궤도로 돌아오는 것.,"게임 내 밸런스가 붕괴되었을 때 이를 수정하거나, 일상의 어수선한 상황이 질서를 찾았을 때 만족감을 표하며 사용.","""버그 투성이던 시스템이 이번 업데이트로 드디어 정상화됐네. 마음이 편하다.""",특정 커뮤니티에서 특정 인물을 조롱하거나 신격화하는 복합적인 맥락이 섞여 있으므로 사용 전 분위기 파악이 필수임.,온라인 게임 '메이플스토리'의 밸런스 조정과 관련된 유저들의 반응에서 유래되어 유행함.,[낀세대: Safe] [외국인: Safe] [복학생: Safe] 상황의 개선을 의미할 땐 긍정적임.,[10-30대: 주사용층] 게임 커뮤니티 유저 및 유튜브 시청자 중심.,"안도, 만족, 풍자","게임 운영, 사회 상황, 일상"
신창섭,"운영자 찬양, 메이플 디렉터, 정상화의 아이콘, 구원자, 신",메이플스토리 김창섭 디렉터를 '신'으로 격상시켜 부르는 말. 상황을 해결해 주는 절대적 존재를 비유.,"어려운 문제를 한 번에 해결해 주는 관리자가 나타났을 때나, 게임 패치가 마음에 들 때 찬양의 의미로 사용함.","""이걸 이렇게 해결한다고? 역시 신창섭, 당신은 대체 어디까지 내다본 겁니까.""","특정 게임 내부 밈에서 유래했으므로 해당 게임을 모르는 사람에게는 난해하며, 때로는 조롱의 반어법으로도 쓰임.",김창섭 디렉터의 성(金)을 신(神)으로 바꾸고 '정상화' 밈과 결합하며 탄생한 2차 창작 문화.,[낀세대: Safe] [외국인: Safe] [복학생: Safe] 인물에 대한 희화화나 찬양이 섞인 밈임.,[10-30대: 주사용층] 게임 및 커뮤니티 헤비 유저 중심.,"찬양, 만족, 희화화","인물 밈, 게임, 커뮤니티"
쌀숭이,"게임 머니 판매, 쌀먹, 원숭이 비유, 게임 생태계 파괴, 아이템 매니아",게임을 즐기기보다 아이템을 팔아 현금을 챙기는 데만 집착하는 유저를 비하하는 말.,게임 패치가 본인들의 수익(아이템 가치)에 영향을 줄 때 과하게 분노하는 유저들을 조롱할 때 사용함.,"""게임 재미보다 쌀값이 더 중요한 쌀숭이들 때문에 패치가 산으로 가네.""",일반적인 무과금 유저나 정당하게 아이템을 파는 사람에게 무분별하게 쓰면 인격 모독이 됨.,"'쌀(현금화)'과 지능이 낮은 '원숭이'를 합성한 단어로, 특정 게임 비판 영상에서 유래.",[낀세대: Caution] [외국인: Danger] [복학생: Safe] 비하의 의도가 강하므로 커뮤니티 외 사용 주의.,[10-30대] 게임 커뮤니티 및 유튜브 이용자 중심.,"비하, 조롱, 냉소","게임, 경제, 비속어"
팩트는OO가건강해지고있다는거임,"게임 패치 긍정, 정신 승리, 억지 논리, 운영 옹호, 사실은 말이야","나쁜 상황임에도 불구하고 ""사실은 더 좋아지고 있다""며 억지로 정당화하는 태도를 비꼬는 표현.","업데이트 후 유저들이 대거 이탈하거나 지표가 나빠졌을 때, 운영자를 맹목적으로 옹호하는 목소리를 풍자함.","""동접자 반토막 났지만, 팩트는 게임이 건강해지고 있다는 거임.""",실제로 긍정적인 개선이 이루어진 상황에서 진지하게 사용하면 맥락 파악 못 하는 사람으로 보임.,김창섭 디렉터의 패치를 옹호하거나 비꼬는 커뮤니티 가사(AI 노래)에서 유래.,[낀세대: Safe] [외국인: Safe] [복학생: Safe] 풍자적 표현으로 널리 쓰임.,[10-30대] 인터넷 방송 및 게임 커뮤니티 헤비 유저.,"풍자, 해학, 비꼼","게임, 사회 현상"
다해줘,"무리한 요구, 보상 심리, 운영진 압박, 다 해달라, 징징",유저들이 운영진에게 끊임없이 편의성과 보상을 요구하는 이기적인 태도를 비꼬는 말.,본인의 노력 없이 시스템 개선이나 공짜 보상만을 바라는 집단을 비판할 때 주로 사용함.,"""사냥도 하기 싫고 돈도 쓰기 싫다면서 보상은 다해줘라니, 양심 어디?""",정당한 권리 주장이나 필요한 건의를 하는 사람에게 쓰면 입을 막는 용도로 오용될 수 있음.,메이플스토리 유저들의 요구사항을 비판하는 AI 생성 노래 가사에서 유래.,[낀세대: Safe] [외국인: Safe] [복학생: Safe] 상황에 따른 비판적 사용 가능.,[10-30대] 커뮤니티 내 논쟁 상황에서 주로 발생.,"냉소, 비판, 풍자","커뮤니티, 인간관계"
계속해줘,"무한 요구, 만족 모름, 계속 요구, 끈질긴 징징","'다해줘'의 연장선으로, 하나를 들어주면 끝도 없이 다음 보상을 요구하는 태도를 비판함.",운영진이 양보를 해도 고마워하지 않고 더 큰 것을 바라는 탐욕스러운 모습을 묘사할 때 사용.,"""이만큼 해줬으면 됐지, 아직도 부족하다고 계속해줘 외치는 꼴 좀 봐라.""",끈기 있게 개선을 요구하는 성실한 태도를 비하하는 용도로 쓰지 않도록 주의.,'다해줘'와 세트로 묶여 유행한 풍자 영상의 구절.,[낀세대: Safe] [외국인: Safe] [복학생: Safe] 풍자적 맥락에서 통용됨.,[10-30대] 온라인 커뮤니티 유저 중심.,"비판, 조롱","커뮤니티, 인간관계"
리선족,"특정 서버 유저, 차별, 혐오 표현, 분쟁 유발, 리부트 서버",특정 게임의 '리부트' 서버 유저를 '조선족'에 빗대어 비하하는 혐오성 짙은 은어.,일반 서버 유저와 리부트 서버 유저 간의 자산 가치 갈등에서 파생된 공격적인 지칭임.,"""이건 다 리선족들이 선동해서 생긴 문제다."" (매우 공격적인 예시)",[절대 주의] 특정 집단을 혐오하고 차별하는 단어이므로 공적인 장소나 일반적인 대화에선 사용 금지.,"'리부트 서버'와 '조선족'의 합성어로, 커뮤니티 내 갈등 극화 과정에서 탄생.",[낀세대: Danger] [외국인: Danger] [복학생: Danger] 혐오와 차별을 담고 있어 매우 위험함.,[10-30대] 특정 게임 유저 간 분쟁 상황에서만 쓰임.,"공격적, 혐오, 적대적","비속어, 혐오 표현, 게임"
쌀더지,"쌀먹 두더지, 숨어서 아이템 판매, 작업장, 부정 유저",두더지처럼 보이지 않는 곳에서 매크로나 부정 행위로 아이템을 캐서 현금화하는 유저.,게임 생태계를 망치면서 본인의 이득만 챙기는 음성적인 작업장 유저들을 비난할 때 사용함.,"""정상적인 유저들 사냥터 뺏는 쌀더지들 싹 다 정지시켜야 함.""",일반적인 사냥을 열심히 하는 유저를 무조건 작업장으로 몰아세우는 용도로 쓰면 안 됨.,'쌀먹(현금화)'과 '두더지'의 합성어.,[낀세대: Safe] [외국인: Safe] [복학생: Safe] 부정 행위자를 비판하는 용도로 사용됨.,[20-30대] 게임 운영 및 경제에 민감한 유저층.,"비판, 경멸","게임, 경제"
카톡팝,"카톡팝 뜻, 카카오톡 업데이트 비판, 홍민택 AI 노래, 스트라이샌드 효과",2025년 카톡 업데이트에 대한 불만을 풍자하기 위해 AI로 만든 노래 밈. CPO의 목소리를 합성한 풍자곡 시리즈.,카카오톡의 UI/UX 개편이 불편하거나 과도한 SNS화를 비판하고 싶을 때 영상 공유와 함께 언급함.,"""오늘도 카톡팝 들으면서 구버전 카톡 그리워하는 중... 풍자 수준 미쳤네.""",특정 인물을 향한 지나친 비방이나 명예훼손 수위에 걸리지 않도록 유머의 선을 지키는 것이 중요.,2025년 9월 카톡 개편에 반발한 유저들이 생성형 AI로 비판 영상을 만들며 유행.,[낀세대: Caution] / [외국인: Caution] / [복학생: Safe],20대 ~ 40대,"냉소적, 해학적, 풍자적","사회 현상, IT/문화"
그거쓴,"그것은, 강조 표현, 유행어 말투","'그것은'을 강조하여 발음하거나, 특정 인물의 말투를 따라 하며 결론을 내릴 때 사용.","대화의 핵심을 짚거나, 누군가를 가르치려 드는 말투를 흉내 내며 풍자할 때 씀.","""그거쓴~ 네가 잘못했다는 증거지!""",진지한 설명 상황에서 쓰면 상대를 비꼬는 것처럼 들릴 수 있음.,특정 게임 운영진의 발표 어투나 유명 인플루언서의 강조 말투에서 유래.,[낀세대: Safe] [외국인: Safe] [복학생: Safe] 말투 밈의 일종임.,[20-30대] 특정 영상 콘텐츠의 팬덤 혹은 커뮤니티 유저.,"위트, 강조","일상 대화, 풍자"
테토/에겐,"테토 에겐 뜻, 호르몬 밈, 성격 유형 분류","각각 테스토스테론과 에스트로겐의 줄임말로, 사람의 기질을 '행동/주도'와 '감성/다정'으로 나누는 밈적 분류.","자신이나 타인의 성향을 짧게 규정할 때 ""난 완전 테토야"", ""걘 완전 에겐이네"" 처럼 접두사처럼 사용함.","""우리 커플은 테토녀와 에겐남 조합이라 밸런스가 딱 맞아.""","과학적 근거가 완벽한 이론은 아니므로, 사람을 이분법적으로 낙인찍는 용도로 과하게 몰입하지 말 것.",호르몬 수치와 성격의 상관관계를 다룬 인터넷 콘텐츠가 SNS에서 놀이 문화로 확장됨.,[낀세대: Safe] / [외국인: Caution] / [복학생: Safe],10대 ~ 30대,"분석적, 유머러스, 직관적","성격 유형, 총칭"
테토남,"테토남 뜻, 테스토스테론 남자, 상남자 밈, 에겐남 반대",테스토스테론 성향이 강한 남성. 리더십 있고 주도적이며 직설적인 '마초/상남자' 스타일을 지칭.,"남성적인 매력이 돋보이거나, 결정력이 빠르고 듬직한 행동을 하는 남성을 묘사할 때 사용함.","""내 남자친구는 전형적인 테토남이라 데이트 코스도 딱딱 정해와서 편해.""","'무례함'이나 '폭력성'과 혼동해서는 안 되며, 건강하고 자신감 넘치는 남성성을 의미함.",다이어트 블로거의 분석에서 시작되어 인스타툰을 통해 성격 유형 밈으로 안착.,[낀세대: Safe] / [외국인: Caution] / [복학생: Safe],20대 ~ 30대,"강렬함, 주도적, 신뢰감","성격 유형, 연애"
에겐남,"에겐남 뜻, 에스트로겐 남자, 다정한 남자, 섬세한 남자",에스트로겐 성향이 강한 남성. 다정하고 섬세하며 공감 능력이 뛰어난 '부드러운' 스타일을 지칭.,"감성적이고 배려심 깊은 남성을 칭찬하거나, 여성들의 이상형 중 '다정한 타입'을 언급할 때 주로 사용함.","""요즘은 테토남보다 에겐남이 대세지. 말 한마디도 예쁘게 하는 게 너무 좋아.""","무조건 '여성스럽다'고 비하하는 맥락이 아니며, 높은 공감 지수와 다정함이 핵심 매력임.",테토남의 반대 개념으로 등장하여 MBTI처럼 자신의 연애 성향을 설명하는 도구로 정착.,[낀세대: Safe] / [외국인: Caution] / [복학생: Safe],20대 ~ 30대,"부드러움, 다정함, 감성적","성격 유형, 연애"
테토녀,"테토녀 뜻, 테스토스테론 여자, 알파 피메일, 주도적인 여성",테스토스테론 성향이 강한 여성. 솔직하고 카리스마 넘치며 연애나 일에서 능동적으로 이끄는 여성상.,"독립적이고 리더십이 강한 여성, 혹은 '배드애스(Badass)' 같은 쿨한 이미지를 가진 여성을 묘사할 때 사용함.","""부장님 진짜 테토녀 그잡채... 일 처리 속도랑 카리스마가 폭룡적이야.""","성역할 고정관념을 강요하는 용도로 쓰기보다, 개인의 기질과 에너지를 표현하는 칭찬으로 주로 쓰임.",호르몬 기반 성격 분류 밈에서 파생되어 '메인 캐릭터 에너지'를 가진 여성들 사이에서 유행.,[낀세대: Safe] / [외국인: Caution] / [복학생: Safe],10대 ~ 30대,"당당함, 쿨함, 독립적","성격 유형, 여성상"
에겐녀,"에겐녀 뜻, 에스트로겐 여자, 페미닌 스타일, 사랑스러운 여자",에스트로겐 성향이 강한 여성. 부드럽고 온화하며 섬세한 감성을 지닌 '페미닌/사랑스러운' 스타일.,"핑크빛 무드, 감성 카페, 다정하고 조용히 분위기를 맞추는 스타일을 선호하는 여성을 묘사함.","""난 이번 생엔 에겐녀가 추구미야. 발레코어 룩에 다정한 성격 너무 부러워.""","주체성이 없다는 식의 부정적 의미로 쓰이지 않도록 주의하며, '부드러운 강함'을 포함하기도 함.",젠지(Gen Z) 세대의 '추구미' 트렌드와 결합하여 성격과 스타일을 동시에 나타내는 용어로 유행.,[낀세대: Safe] / [외국인: Safe] / [복학생: Safe],10대 ~ 20대,"사랑스러움, 온화함, 섬세함","성격 유형, 스타일"
영포티,"젊은 40대, 꼰대 비하, 세대 갈등, 트렌디한 척",젊게 살고 싶어 하지만 실제로는 젊은 세대의 문화를 강요하거나 눈치 없이 행동하는 40대를 비꼬는 말.,"본인이 젊다고 생각하며 20대에게 과하게 접근하거나, 구식 가치관을 '트렌디함'으로 포장할 때 조롱조로 사용함.","""회식 자리에서 요즘 유행어 남발하는 부장님, 진짜 전형적인 영포티네.""",모든 40대를 비하하는 일반화의 오류를 범할 수 있으므로 특정 무례한 행동을 할 때만 제한적으로 써야 함.,마케팅 용어 'Young Forty'(영포티)가 커뮤니티에서 세대 갈등 양상으로 변질되며 조롱의 의미를 획득.,[낀세대: Danger] [외국인: Danger] [복학생: Caution] 상대 세대에게 직접 쓰면 심각한 모욕이 될 수 있음.,[10-30대: 주사용층] 40대에 대한 거부감을 표현할 때 주로 사용.,"비꼼, 냉소, 적대적","세대 갈등, 인간관계"
살코기세대,"2030 남성, 특정 정치 성향, 세대 비하, 이기적 세대","2030 세대(주로 남성)를 비하하는 말로, 겉은 번지르르하지만 속은 실속(살코기)만 챙기려 한다는 멸칭.",특정 집단이 본인들의 이득에만 민감하게 반응하고 사회적 책임은 회피한다고 주장할 때 공격적으로 사용함.,"""사회 정의보다는 내 통장 잔고가 우선이라는 살코기 세대들답다.""",[절대 주의] 특정 세대와 성별에 대한 강력한 혐오와 일반화를 담고 있어 혐오 표현으로 간주됨.,정치 커뮤니티 등에서 상대 세대를 비하하기 위해 만든 멸칭에서 유래.,[낀세대: Danger] [외국인: Danger] [복학생: Danger] 혐오와 갈등을 조장하는 매우 위험한 단어임.,[40-50대: 공격자] [20-30대: 피해자] 세대 갈등의 중심에 있는 단어.,"공격적, 혐오, 비하","세대 갈등, 정치, 혐오 표현"
밤티,"밤티 뜻, 라인플레이 밤티, 못생긴 밈, 촌스러운 패션",'못생겼다' 혹은 '촌스럽다'는 뜻. 아바타 게임 '라인플레이'의 특정 기묘한 캐릭터 조합에서 유래함.,"자신의 외모 상태가 좋지 않거나 패션이 어색할 때 자조적으로, 혹은 촌스러운 것을 희화화할 때 사용함.","""오늘 아침에 일어났는데 얼굴 완전 밤티... 거울 보기 무섭다.""",타인의 외모를 비하하는 용도로 직접적으로 쓰면 큰 실례가 될 수 있으므로 주로 본인이나 사물에 사용.,라인플레이 유저 '밤티'의 독특한 캐릭터가 2025년 5월경 X(트위터)에서 재유행하며 정착.,[낀세대: Caution] / [외국인: Caution] / [복학생: Safe],10대 ~ 20대,"자조적, 장난스러움, 비하(유머)","외모/패션, 비하어"
프리렌로우앵글,"위를 올려다보는 프리렌, Frieren Looking Up, 프리렌 짤, 로우앵글 챌린지, 테크놀로지아 밈, 신비로운 짤",애니 '장송의 프리렌'의 주인공이 아래에서 위를 올려다보는 구도의 짤방. 신비로움과 엉뚱한 재미를 동시에 주는 밈.,"몽환적이고 감성적인 분위기를 연출하고 싶을 때나, 반대로 아주 뜬금없고 황당한 상황에 묘한 설득력을 주고 싶을 때 사용.","""오늘 하늘 진짜 예쁘다 (프리렌 로우앵글 짤과 함께)"", ""시험 망했는데 기분이 묘하네 (프리렌 로우앵글 합성짤)""",진지하고 엄숙한 비보(悲報)나 예의를 갖춰야 하는 상황에서 엉뚱한 재미를 위해 사용하면 눈치 없다는 소리를 들을 수 있음.,"레딧 유저 'SpaceDev1'의 일러스트가 시초이며, 한국에서는 '로우앵글'이라는 명칭이 붙어 SNS와 커뮤니티로 확산됨.",[낀세대: Safe] [외국인: Safe] [복학생: Safe] 이미지 기반의 무해한 유머 밈임.,[10-30대] 애니메이션 팬덤 및 인스타그램/X(트위터) 유저 중심.,"신비로움, 몽환적, 엉뚱함","미디어, 애니, SNS"
원영적사고,"럭키비키, 초긍정, 장원영 마인드, 오히려 좋아, 긍정 회로, 행운비키, 원영적 사고 뜻",나쁜 상황도 행운으로 해석하는 극강의 긍정 회로.,뜻밖의 위기 상황에서 정신 승리나 긍정이 필요할 때 사용.,"""비가 오네? 세차 안 해도 되니 럭키비키잖아!""",타인의 비극에 무분별하게 쓰면 공감 능력 부족으로 비침.,아이브 장원영의 긍정적인 화법에서 유래.,[낀세대: Safe] [외국인: Safe] [복학생: Safe] 매우 긍정적.,[전 연령대] 직장인 멘탈 관리용으로도 인기.,"긍정, 발랄","사진, SNS"
도달가능미,"추구미 도달가능미 차이, 김고은 장이수 밈, 현실적인 목표, 이상과 현실 괴리, Z세대 라이프스타일",이상향인 '추구미'와 달리 현실적으로 내가 도달하거나 닮을 수 있는 모습. 주로 이상과 현실의 차이를 자학적으로 웃기게 표현할 때 씀.,본인이 닮고 싶은 연예인(추구미) 사진과 본인의 현실적인 모습(도달가능미) 사진을 대비시켜 SNS에 올리며 유머러스한 공감대를 형성할 때 사용.,"""나의 추구미는 김고은인데, 거울 속 도달가능미는 범죄도시 장이수네... 럭키비키?""","자신을 낮추는 유머가 아닌, 타인에게 ""너의 도달가능미는 누구야""라고 지목하면 외모 비하로 비쳐 큰 싸움이 날 수 있음.","배우 '김고은'을 추구미로, 장발의 '장이수(범죄도시)'를 도달가능미로 설정한 짤방이 SNS에서 폭발적인 공감을 얻으며 유행.",[낀세대: Caution] [외국인: Safe] [복학생: Safe] 자학적 유머이므로 타인에게 사용 시 극도로 주의.,[10-30대] 자기표현과 솔직함을 중시하는 MZ/알파 세대.,"해학, 유머, 솔직함","외모, 라이프스타일, SNS"
OIIAOIIA,"고양이 회전 밈, 오이아오이아",중독성 있는 소리와 함께 회전하는 고양이 영상 밈.,아무 생각이 없거나 멍한 상태를 유쾌하게 표현할 때.,"""시험 기간인데 머릿속에 OIIAOIIA 노래만 들려.""",공적인 대화에서는 전혀 소통이 되지 않으므로 지양.,말레이시아 동요 발음과 고양이 영상이 합쳐진 글로벌 밈.,[낀세대: Safe] [외국인: Safe] [복학생: Safe] 유머러스함.,[10-20대] 유튜브 쇼츠 시청자.,"중독성, 멍함","외모, 패션"
GMG,"가면 가, 가면 감, HMH, NCT 재현 밈, 쿨한 거절 방지, 동참 의사","가면 가'의 초성 약자. 친구가 어디 가자고 제안했을 때 ""네가 가면 나도 가겠다""는 긍정적인 동참의 표현.","단톡방이나 개인 메시지에서 약속을 잡을 때, 주저하지 않고 쿨하게 ""너 가면 나도 콜!""이라는 느낌을 주고 싶을 때 사용.","""오늘 밤에 한강 갈 사람?"" -> ""나 GMG!"" (너희들 가면 나도 감)",너무 진지한 비즈니스 협상이나 격식을 차려야 하는 자리에서 쓰면 가벼워 보일 수 있음.,NCT 재현이 팬들과 소통하며 사용한 '하면 해(HMH)'와 세트로 유행하기 시작함.,[낀세대: Safe] [외국인: Safe] [복학생: Safe] 매우 유쾌하고 긍정적인 약속 밈임.,[10-20대: 주사용층] 친구 사이 의리를 강조할 때 인기.,"쿨함, 긍정, 의리","인간관계, SNS, 아이돌"
HMH,"하면 해, GMG, NCT 재현 밈, 쿨한 반응, 도전 정신, 하면 한다","하면 해'의 초성 약자. 누군가 무언가를 제안하거나 도전하자고 할 때 ""그래, 하자!"" 또는 ""하면 하는 거지!""라는 쿨한 태도.","새로운 게임을 시작하거나, 갑작스러운 내기를 제안받았을 때 망설임 없이 도전적인 긍정 리액션을 할 때 사용.","""이거 같이 도전해볼래?"" -> ""당연히 HMH지!"" (하면 하는 거야!)","본인이 감당할 수 없는 위험한 일에 무분별하게 ""HMH""라고 외치면 무책임해 보일 수 있음.","NCT 재현이 팬들에게 ""하면 해""라고 말한 것에서 시작되어 '간지' 나는 긍정 밈으로 정착.",[낀세대: Safe] [외국인: Safe] [복학생: Safe] 도전적이고 자신감 넘치는 표현.,[10-20대] 자신감 있는 이미지를 추구하는 세대 사이에서 유행.,"자신감, 쿨함, 긍정","마인드셋, SNS, 아이돌"
랜선생님,"랜선상님, 랜선위인, 빠더너스 문상훈 밈, 유튜브 스승님, 인생 꿀팁 유튜버, 인터넷 스승",인터넷(랜선) + 선생님'의 합성어. 온라인 콘텐츠를 통해 실질적인 도움을 주거나 깊은 인생의 깨달음을 주는 크리에이터를 존경하며 부르는 말.,"유익한 강의를 제공하는 유튜버나, 배울 점이 많은 스트리머의 영상에 감사의 댓글을 달거나 지인에게 해당 채널을 추천할 때 사용.","""이 영상 보고 고민이 싹 해결됐어. 문상훈은 진짜 나의 랜선생님이야."", ""랜선선생님 덕분에 이번 시험 만점 받았어요!""",가르침을 주는 상황이 아닌 단순히 웃긴 영상에 남용하면 밈의 본래 뜻(존경/유익함)이 희석되어 보일 수 있음.,"'랜선'과 '선생님'의 합성어로 시작되었으며, 유튜브 채널 '빠더너스' 등에서 '랜선상님'이라는 표현으로 변주되며 팬덤 사이에서 확산됨.",[낀세대: Safe] [외국인: Safe] [복학생: Safe] 매우 긍정적이고 교육적인 뉘앙스의 칭찬임.,[전 연령대: 강력 권장] 온라인으로 지식을 습득하는 현대인들에게 아주 적절한 감사 표현임.,"감사, 존경, 따뜻함","교육, 인터넷, 인물"
손절미,"손절하고 싶은 맛, 손절미 인절미, 맛없는 음식, 손절 뜻, 손절미 밈",손절 + 인절미'의 합성어. 너무 맛이 없거나 실망스러워 다시는 먹지 않겠다(손절하겠다)는 뜻.,"기대하고 먹은 신제품이나 유명 맛집 음식이 기대 이하일 때, 실망감을 유머러스하게 표현하며 사용.","""편의점 신상이라 기대했는데 이건 완전 손절미네. 다신 안 삼.""","실제 인절미 떡을 비하하는 것이 아니며, 사람 간의 관계 단절(손절) 상황에 무분별하게 쓰면 문맥이 어색해짐.",'손절'이라는 유행어와 전통 간식 '인절미'의 어감이 비슷하여 커뮤니티에서 음식 리뷰용으로 쓰이기 시작.,[낀세대: Safe] [외국인: Safe] [복학생: Safe] 유머러스한 비판임.,[10-30대] 맛집 리뷰 및 SNS 이용자.,"냉소, 유머, 실망","음식, 일상"
밥플릭스,"밥 먹을 때 보는 영상, 밥플릭스 추천, 밥 친구, 넷플릭스 밥",밥 + 넷플릭스'의 합성어. 식사할 때 곁들여 보는 영상 콘텐츠를 의미함.,"혼자 밥을 먹으면서 지루하지 않게 유튜브나 넷플릭스 영상을 고를 때 ""오늘 밥플릭스 뭐 보지?""라고 사용.","""밥 다 차렸는데 밥플릭스 고르느라 10분째 밥 못 먹는 중.""",단순히 넷플릭스 서비스만을 지칭하는 것이 아니라 '식사 중 시청하는 모든 콘텐츠'를 통칭함.,혼밥 문화가 확산되며 식사 시간이 곧 콘텐츠 시청 시간이 된 현대인의 라이프스타일에서 유래.,[낀세대: Safe] [외국인: Safe] [복학생: Safe] 매우 건전하고 일상적임.,[전 연령대] 혼밥을 즐기는 모든 세대.,"일상, 친근","라이프스타일, 미디어"
하입보이,"뉴진스 하입보이, 뉴진스 하입보이요, 길 물어보기 밈","뉴진스의 곡명이나, 엉뚱한 대답을 하는 '하입보이요' 밈을 의미함.","길을 물어보거나 질문을 했을 때, 에어팟을 가리키며 춤을 추고 ""뉴진스의 하입보이요""라고 답하는 밈적 상황에 사용.","""저기요, 혹시 실례지만..."" -> ""뉴진스의 하입보이요! (춤)""",진지하게 길을 묻는 어르신께 사용하면 무례해 보일 수 있으니 친구들 사이에서만 장난으로 쓸 것.,"뉴진스의 'Hype Boy'가 히트한 후, 에어팟을 낀 MZ세대의 특징을 풍자한 틱톡/릴스 영상에서 유래.",[낀세대: Safe] [외국인: Safe] [복학생: Safe] 유쾌한 장난임.,[10-20대: 강력 권장] 숏폼 콘텐츠의 상징적인 밈.,"유쾌, 엉뚱","음악, SNS"
티라미수케익,"티라미수 케이크 밈 뜻, 헌터헌터 곤 댄스, 위아더나잇 티라미수, T라 미숙해 뜻",인디밴드 노래에 맞춰 캐릭터 '곤'이 춤추는 챌린지. 발음을 비튼 'T라 미숙해(어딘가 미숙하지만 귀엽다)'라는 파생어로도 쓰임.,"엉뚱하고 귀여운 상황을 연출하거나, 중독성 있는 후렴구에 맞춰 가볍게 리듬을 탈 때, 혹은 자신의 미숙함을 유머러스하게 표현할 때 사용함.","""오늘 실수 좀 했는데, 제가 좀 'T라 미숙해'서 그래요~ 티라미수 케익! ""","노래의 원곡자가 실제 티라미수를 안 먹어보고 썼다는 비하인드가 있지만, 밈을 쓸 때는 디저트의 달콤한 이미지에 집중하는 편임.",2015년 위아더나잇의 곡이 2024년 틱톡에서 애니메이션 <헌터x헌터> 캐릭터 '곤'의 춤 영상과 결합되며 재유행함.,[낀세대: Safe] / [외국인: Safe] / [복학생: Safe],전 연령대,"엉뚱함, 발랄함, 중독적","챌린지, 언어유희"
중꺾그마,"중요한건 꺾여도 그냥 하는 마음, 중꺾마 반대, 그냥 해",중요한 건 꺾여도 그냥 하는 마음'의 줄임말. 의지가 꺾여도 묵묵히 제 할 일을 한다는 현실적 태도.,"의욕은 없지만 책임감 때문에 억지로라도 일을 해야 할 때, '중꺾마'의 지나친 열정이 부담스러울 때 사용.","""오늘 비 와서 운동 가기 싫은데... 중꺾그마 정신으로 간다.""","'중꺾마'를 비하하는 것이 아니라, 번아웃 시대에 맞는 현실적인 생존 전략임을 이해해야 함.","박명수의 어록 ""중요한 건 꺾이지 않는 마음이 아니라 꺾였는데도 그냥 하는 마음""에서 유래.",[낀세대: Safe] / [외국인: Safe] / [복학생: Safe] 직장인들의 깊은 공감을 사는 밈.,[20-40대: 주사용층] 실무와 일상에 지친 성인층에서 강력 지지.,"해학, 인내, 현실적","마인드셋, 사회생활"
분좋카,"분위기 좋은 카페, 감성 카페, 카페 투어",분위기 좋은 카페'의 줄임말. 인테리어가 예쁘고 감성적인 카페를 뜻함.,"주말에 데이트를 하거나 친구와 예쁜 곳을 찾아갈 때 ""여기 완전 분좋카네!""라고 사용.","""성수동에 새로 생긴 분좋카 찾았어. 가볼래?""",분위기가 좋지 않은 일반 프랜차이즈 카페에서 쓰면 비꼬는 것으로 들릴 수 있으니 주의.,인스타그램 '카페 투어' 문화가 정착되면서 해시태그용으로 줄여 부르기 시작.,[낀세대: Safe] [외국인: Safe] [복학생: Safe] 일상적이고 세련된 용어.,[전 연령대] 카페 문화를 즐기는 모든 세대.,"세련됨, 일상","라이프스타일, 장소"
각할모,"각할모 뜻, 모각코 의미, 모각공 유래, 느슨한 연대 모임","""각자 할 일을 하는 모임""의 줄임말. 한 장소에 모여서 친목보다는 각자의 공부나 업무에 집중하는 생산적인 모임 형태.",독서실이나 카페에서 혼자 하기 힘든 공부나 일을 타인의 시선을 빌려 강제성을 부여하고 싶을 때(집중력 향상) 사용함.,"""오늘 오후에 카공 말고 '각할모' 하실 분? 각자 할 일 하고 쿨하게 해산해요.""","모임 이름은 '모임'이지만 실제로는 대화가 거의 없는 것이 특징이므로, 수다를 떨고 싶은 친목 모임에는 적절하지 않음.",코로나19 이후 개인의 효율성과 느슨한 연결을 중시하는 문화에서 '모각코' 등과 함께 파생되어 정착됨.,[낀세대: Safe] / [외국인: Safe] / [복학생: Safe],20대 ~ 40대,"실용적, 생산적, 차분함","사회 현상, 라이프스타일"
예카,"예쁜 카페, 감성 카페, 분좋카 유의어",예쁜 카페'의 줄임말. '분좋카'와 거의 같은 의미로 쓰임.,주로 짧게 텍스트를 칠 때나 친구와 카페를 고를 때 가볍게 사용.,"""우리 집 근처에 예카 많아. 놀러 와!""",너무 줄임말을 남발하면 가벼워 보일 수 있으니 적절한 상황에 쓸 것.,'예쁜 카페'를 빠르게 말하거나 해시태그를 달 때 쓰이던 용어.,[낀세대: Safe] [외국인: Safe] [복학생: Safe] 표준적인 줄임말.,[10-30대] 여성 유저들 사이에서 빈도가 높음.,"가벼움, 일상","라이프스타일, 장소"
도파민,"도파민 터진다, 도파민 중독, 자극적인 거, 꿀잼 영상","뇌의 즐거움을 주는 신경전달물질로, '엄청난 재미'나 '강한 자극'을 뜻하는 대명사.","너무 재미있는 드라마 전개, 반전이 있는 사건, 혹은 자극적인 숏폼을 보며 쾌감을 느낄 때 사용.","""야, 이번 회차 대박이다. 도파민 제대로 터지네!""",도파민 저하로 인한 질병 등 의학적 진단 상황과 밈적 상황을 명확히 구분하여 사용해야 함.,뇌과학 용어인 '도파민'이 쾌락과 보상을 상징하면서 자극적인 콘텐츠를 소비하는 현상을 일컫는 유행어가 됨.,[낀세대: Safe] [외국인: Safe] [복학생: Safe] 대중적인 유행어임.,[전 연령대] 자극적인 재미를 찾는 모든 세대.,"흥분, 유희, 중독적","심리, 라이프스타일"
쌈뽕,"쌈뽕하다 뜻, 쌈뽕 챌린지, 간지나는, 힙한, 스웩",매우 멋지고 힙함'을 뜻하는 형용사. '쌈(Swag/간지)'과 '뽕(중독성/취함)'이 합쳐진 뉘앙스.,"패션이 세련되었거나, 행동이 거침없이 당당하고 멋질 때, 혹은 영상미가 뛰어난 챌린지를 칭찬할 때 사용.","""오늘 코디 진짜 쌈뽕하다! 어디서 샀어?"", ""춤선 쌈뽕하네.""",비속어 '짬뽕'이나 '쌍봉' 등과 발음이 유사하므로 문맥상 '멋짐'을 의미함을 확실히 인지해야 함.,틱톡 및 릴스 등 숏폼 플랫폼에서 스타일리시한 크리에이터들을 칭찬하며 확산된 신조어.,[낀세대: Safe] [외국인: Safe] [복학생: Safe] 긍정적인 감탄사임.,[10-20대: 강력 권장] 힙한 문화를 향유하는 세대 핵심 용어.,"자신감, 힙함, 찬사","유행어, SNS"
오저치고,"오늘 저녁 치킨 고, 오늘 메뉴 추천, 오저치고 뜻","""오늘 저녁에 치킨 먹으러 가자(Go)!""의 줄임말.","퇴근 시간이나 하교 시간에 친구, 동료에게 가볍게 메뉴를 제안하거나 번개를 요청할 때 사용.","""다들 오늘 고생했는데 오저치고 어때?""","치킨 외의 메뉴에는 쓰지 않으며, 너무 진지한 저녁 미팅 제안에는 가벼워 보일 수 있음.",한국인의 대표 야식인 '치킨'과 'Go'를 결합한 줄임말로 메신저 문화에서 빠르게 정착함.,[낀세대: Safe] [외국인: Safe] [복학생: Safe] 친근한 인사치레로도 적절함.,[전 연령대] 치킨을 좋아하는 모든 사람.,"친근, 유쾌, 제안","음식, 일상"
자만추,"자연스러운 만남 추구, 자만추 반대, 인만추",자연스러운 만남 추구'의 줄임말. 인위적인 소개팅보다 일상에서 서서히 정드는 인연을 선호함.,"새로운 사람을 만나는 방식에 대해 대화할 때, 본인의 연애 가치관을 설명하며 사용.","""난 소개팅은 어색해서 못 하겠어. 완전 자만추 스타일이야.""","자고 나서 만남 추구'라는 저속한 의미로 변형되어 쓰이기도 하므로, 맥락을 정확히 파악해야 함.",연애 관련 예능 및 커뮤니티에서 만남의 경로를 분류하면서 대중화된 용어.,[낀세대: Safe] [외국인: Safe] [복학생: Safe] 일반적인 연애 담론용.,[20-30대] 연애와 결혼을 고민하는 주 세대.,"진솔, 가치관, 일상","인간관계, 연애"
인만추,"인위적인 만남 추구, 소개팅, 데이팅 앱, 자만추 반대",인위적인 만남 추구'의 줄임말. 소개팅이나 앱 등 계획된 수단으로 적극적으로 이성을 찾는 태도.,"바쁜 일상에서 효율적으로 인연을 찾고 싶을 때나, 적극적인 구애 활동을 지지할 때 사용.","""요즘 시대엔 인만추가 답이지. 주말에 소개팅 두 건 잡았어.""","'인위적'이라는 말이 부정적으로 들릴 수 있으나, 밈적으로는 '적극적이고 합리적인' 뉘앙스로 쓰임.",자만추의 반대 개념으로 등장하여 현대의 데이터 앱/소개팅 문화를 긍정하는 용어로 정착.,[낀세대: Safe] [외국인: Safe] [복학생: Safe] 합리적인 태도로 해석됨.,[20-40대] 적극적으로 연애 시장에 참여하는 세대.,"적극적, 합리적","인간관계, 연애"
삼귀다,"사귀기 전 단계, 썸 타다, 삼귀다 유래, 2귀다 뜻","사귀다(4)의 직전 단계인 3(삼) 단계라는 뜻. 즉, '썸 타는 중'을 귀엽게 표현한 말.",친구 이상의 호감은 확실하지만 아직 정식으로 고백하거나 연인이 되기 전의 간지러운 상태일 때 사용.,"""우리 아직 삼귀는 사이라 다음 주 데이트가 중요해!""",연인 관계인 '사귀다'와 헷갈리지 않도록 숫자 '3'을 강조하는 귀여운 톤앤매너가 필수임.,"사귀다의 '사'를 숫자 '4'로 치환하고, 그 전 단계를 '3'으로 부르기 시작한 언어유희에서 유래.",[낀세대: Safe] [외국인: Safe] [복학생: Safe] 풋풋하고 귀여운 표현임.,[10-20대] 풋풋한 연애 감정을 즐기는 젊은 층.,"귀여움, 설렘, 유치함","연애, 인간관계"
3귀다,"사귀기 전 단계, 썸 타다, 삼귀다 유래, 2귀다 뜻","사귀다(4)의 직전 단계인 3(삼) 단계라는 뜻. 즉, '썸 타는 중'을 귀엽게 표현한 말.",친구 이상의 호감은 확실하지만 아직 정식으로 고백하거나 연인이 되기 전의 간지러운 상태일 때 사용.,"""우리 아직 삼귀는 사이라 다음 주 데이트가 중요해!""",연인 관계인 '사귀다'와 헷갈리지 않도록 숫자 '3'을 강조하는 귀여운 톤앤매너가 필수임.,"사귀다의 '사'를 숫자 '4'로 치환하고, 그 전 단계를 '3'으로 부르기 시작한 언어유희에서 유래.",[낀세대: Safe] [외국인: Safe] [복학생: Safe] 풋풋하고 귀여운 표현임.,[10-20대] 풋풋한 연애 감정을 즐기는 젊은 층.,"귀여움, 설렘, 유치함","연애, 인간관계"
2귀다,"이귀다, 친구 사이, 0귀다 1귀다 2귀다, 삼귀다 단계, 썸 이전 단계","숫자 '2(이)'를 활용한 언어유희로, 연애 감정이 없는 '단순한 친구 관계'를 뜻함.","'삼귀다(썸)'나 '사귀다(연인)'와 비교하여, 우리 사이는 아무런 감정 없는 편한 친구일 뿐임을 강조할 때 사용.","""우리는 2귀는 사이도 안 돼, 그냥 1귀는 정도야."", ""걔랑은 그냥 2귀는 친구지, 절대 삼귀는 거 아님!""",상대방은 '삼귀다(썸)'라고 생각하는데 본인이 '2귀다'라고 단정 지으면 의도치 않게 상처를 줄 수 있으니 주의.,"'사귀다(4)'의 전 단계를 '삼귀다(3)'라고 부르기 시작하면서, 그 이전 단계를 0, 1, 2로 세분화하여 부르는 놀이 문화에서 유래.",[낀세대: Safe] [외국인: Safe] [복학생: Safe] 유머러스하고 귀여운 표현임.,[10-20대] 관계의 미묘한 차이를 숫자로 나누기 좋아하는 젊은 층.,"유머, 가벼움, 확실함","인간관계, 연애"
헬창,"헬스 중독, 운동 중독, 근손실, 오운완",헬스(운동)에 미친 사람'을 뜻함. 본래 비하 단어였으나 현재는 운동 매니아를 자처하는 긍정적 용어로 변함.,"하루라도 운동을 안 하면 근손실을 걱정하거나, 일상의 모든 것을 운동과 연결하는 사람을 지칭.","""내 친구는 휴가 가서도 호텔 헬스장부터 찾더라. 진짜 헬창이야.""","[중요] 본래 비속어에서 유래했으므로, 운동을 싫어하는 사람에게 강요하거나 비하할 때 쓰면 절대 안 됨.","'헬스 + 인생 망한 사람(비속어)'의 합성어이나, 피지컬 갤러리 등 운동 유튜버들이 쓰며 대중화됨.",[낀세대: Caution] [외국인: Safe] [복학생: Safe] 친한 사이 혹은 본인 지칭 시 사용.,[20-40대] 자기관리에 엄격한 운동인들.,"열정, 코믹, 자폭","운동, 자기관리"
극락,"기분 최고, 맛집 극락, 극락 가다, 천국",최고의 쾌락이나 행복'을 맛본 상태. 불교 용어에서 유래했으나 종교와 무관하게 사용.,"너무 맛있는 음식을 먹었을 때나, 피로가 싹 풀리는 마사지를 받았을 때 등 황홀한 기분을 표현.","""와, 이 집 삼겹살 한 입 먹자마자 바로 극락 갔잖아.""",종교적인 엄숙한 상황에서 쓰기보다는 일상의 소소한 쾌락을 과장할 때 사용함이 적절함.,불교의 이상향인 극락(천국)을 대중적인 '최고의 상태'로 비유하며 인터넷 밈화됨.,[낀세대: Safe] [외국인: Safe] [복학생: Safe] 대중적인 강조 표현임.,[전 연령대] 행복감을 극대화하여 표현하고 싶은 사람.,"황홀, 감탄, 행복","상태, 일상"
나락,"나락 가다, 민심 나락, 실언, 퇴출",밑바닥으로 떨어짐'을 뜻함. 주로 실언이나 잘못으로 대중의 지지를 잃는 상황.,"연예인이나 유튜버가 사회적 논란을 일으켜 비판받을 때, 혹은 본인이 큰 실수를 해서 망했을 때 사용.","""그 유튜버 이번 실언 때문에 민심 나락 갔더라."", ""나 오늘 시험 망해서 인생 나락행임.""",타인의 불행을 조롱하는 의미가 강하므로 사용 시 상대방의 감정을 해치지 않게 주의해야 함.,지옥을 뜻하는 불교 용어가 아프리카TV 등 방송 플랫폼에서 '방송 망함'을 뜻하는 은어로 쓰이며 퍼짐.,[낀세대: Danger] [외국인: Caution] [복학생: Caution] 부정적 뉘앙스가 강해 격식 있는 자리 주의.,[10-30대] 커뮤니티 및 여론에 민감한 세대.,"비판, 자조, 냉소","사회문제, 상태"
멍청비용,"실수로 쓴 돈, 아까운 지출, ATM 수수료, 택시비, 멍청비용 뜻",본인의 부주의나 실수로 인해 아낄 수 있었던 돈을 불필요하게 지출했을 때 쓰는 자조적 표현.,"늦잠 자서 택시를 타거나, 할인 기간을 놓쳐 제값을 냈을 때 등 자신의 실수를 한탄하며 사용.","""세일 어제까지였네... 오늘도 멍청비용 결제 완료.""","타인의 지출에 대고 ""그거 멍청비용이네""라고 하면 상대를 비하하는 것이 되므로 본인 상황에만 쓸 것.","'시발비용'의 파생어로, 합리적 소비를 못한 자신을 풍자하며 SNS에서 확산됨.",[낀세대: Safe] [외국인: Safe] [복학생: Safe] 자아성찰적 유머임.,[전 연령대] 경제 활동을 하는 모든 성인층.,"자조, 해학, 아쉬움","경제, 라이프스타일"
시발비용,"스트레스 비용, 홧김비용, 돈 쓰기, 스트레스 해소 지출","스트레스를 받지 않았으면 쓰지 않았을 돈. 즉, 스트레스 해소를 위해 홧김에 지출하는 비용.","업무 스트레스 때문에 평소 안 타던 택시를 타거나, 비싼 음식을 배달시켜 먹으며 기분 전환을 할 때 사용.","""부장님한테 한 소리 듣고 시발비용으로 명품 지갑 질렀다.""",[주의] 비속어가 포함된 단어이므로 공적인 자리나 어른들 앞에서는 사용을 자제해야 함.,SNS에서 직장인들의 고충을 담은 신조어로 등장하여 '비용 밈' 시리즈의 시초가 됨.,[낀세대: Danger] [외국인: Caution] [복학생: Caution] 비속어 기반임에 유의.,[20-40대] 직장인 및 스트레스가 많은 현대인.,"분노, 해소, 자조","경제, 심리"
홧김비용,"충동구매, 스트레스 쇼핑, 홧김에 지출, 시발비용 유의어",순간적인 감정이나 짜증 때문에 계획에 없던 물건을 구매하거나 돈을 쓰는 행위.,"'시발비용'의 순화된 표현으로, 기분 전환을 위해 먹을 것이나 쇼핑에 돈을 쓸 때 사용.","""기분도 꿀꿀한데 홧김비용으로 마라탕이나 먹어야지.""",단순히 돈을 많이 쓰는 것과 '감정적 이유'로 쓰는 것을 구분해서 사용해야 함.,시발비용이 대중화되자 이를 순화하여 방송이나 기사 등에서 사용하며 정착됨.,[낀세대: Safe] [외국인: Safe] [복학생: Safe] 시발비용보다 안전한 표현.,[전 연령대] 감정 소비를 즐기는 모든 층.,"감정적, 일상","경제, 심리"
쓸쓸비용,"외로움 비용, 혼자 밥 먹기 싫을 때, 외로워서 쓰는 돈 ,쓸쓸비용 뜻, 외로움 비용, 나를 위한 선물","외로움이나 고립감을 해소하기 위해 지출하는 비용. 친구에게 밥을 사주거나 반려동물 용품을 사는 등. ,외로움을 달래거나 기분 전환을 위해 계획에 없던 지출을 하는 비용(배달 음식, 소소한 쇼핑 등).","혼자 있기 싫어 지인에게 연락해 밥을 사주거나, 공허함을 채우려 인형이나 소품을 살 때 사용. ,퇴근 후 갑자기 밀려오는 공허함에 평소 안 먹던 비싼 야식을 시켜 먹으며 자조적으로 사용함.","""오늘 너무 외로워서 쓸쓸비용으로 강아지 간식 잔뜩 샀어."" ,""오늘 비도 오고 마음이 허해서 쓸쓸비용으로 향수 하나 질렀어.""","소비의 목적이 '외로움 해소'에 있음을 강조할 때 써야 문맥이 정확함. ,매번 과소비를 하면서 '쓸쓸비용'이라고 합리화하면 통장이 순식간에 '텅장'이 될 수 있음.","비용 시리즈의 확장판으로, 1인 가구 증가와 고독한 현대인의 심리를 반영하여 등장. ,멍청비용', '홧김비용'과 맥락을 같이 하며 감정적 소모를 소비로 치유하려는 심리에서 유래.","[낀세대: Safe] [외국인: Safe] [복학생: Safe] 공감대를 형성하는 표현. ,[낀세대: Safe] / [외국인: Safe] / [복학생: Safe]","[20-30대] 혼자 사는 가구 및 청년층. ,20대 ~ 40대","쓸쓸, 공감, 위로 ,자조적, 씁쓸함, 위로","경제, 심리 ,소비 문화, 감정"
가심비,"가성비 가심비 차이, 심리적 만족, 비싸도 좋아","가격 대비 성능(가성비)이 아닌, '가격 대비 심리적 만족감'을 중시하는 소비 태도.",조금 비싸더라도 나에게 큰 행복을 준다면 기꺼이 지출하는 '나를 위한 선물' 같은 상황에 사용.,"""비싼 호텔이지만 가심비 생각하면 최고의 선택이었어.""","단순히 비싼 물건을 살 때 쓰는 말이 아니라, 그만큼의 '만족도'가 높음을 증명할 때 써야 함.",가성비라는 단어에 '마음 심(心)'자를 넣어 소비의 가치를 주관적 만족에 둔 신조어.,[낀세대: Safe] [외국인: Safe] [복학생: Safe] 긍정적 소비 트렌드임.,[전 연령대] 가치 소비를 중시하는 현대인.,"만족, 세련, 긍정","경제, 소비트렌드"
편도족,"편의점 도시락, 가성비 식사, 런치플레이션, 편의점 혼밥",편의점 도시락으로 식사를 해결하는 사람들'을 일컫는 말.,고물가 시대에 저렴하고 간편한 한 끼를 찾는 직장인이나 학생들의 자조적 혹은 합리적 생활상을 묘사함.,"""요즘 물가가 너무 올라서 나도 이제 편도족 대열에 합류했어.""","가난함을 비하하는 말이 아니라, 합리적인 생활 방식을 택한 현대인의 모습으로 이해해야 함.",점심값 상승(런치플레이션)과 편의점 도시락의 질적 향상이 맞물리며 생긴 사회 현상 용어.,[낀세대: Safe] [외국인: Safe] [복학생: Safe] 사회 현상 설명용으로 적절.,"[20-40대] 직장인, 학생, 1인 가구.","현실적, 담담","라이프스타일, 경제"
쩐다,"대박, 장난 아니다, 엄청나다, 쩐다 뜻","무언가 매우 훌륭하거나(Great), 혹은 매우 심각할 때(Awful) 쓰는 강력한 강조 표현.","엄청난 기술을 보았을 때나, 상황이 걷잡을 수 없이 커졌을 때 감탄사처럼 사용.","""와, 저 사람 춤 실력 진짜 쩐다!"", ""오늘 날씨 쩔지 않냐?""",매우 격식 없는 표현이므로 웃어른이나 비즈니스 자리에서는 절대 사용 금지.,"'절다(소금에 절이다)'에서 유래했다는 설이 있으며, 2000년대 초반부터 쓰인 장수 유행어.",[낀세대: Caution] [외국인: Safe] [복학생: Safe] 친한 사이 감탄사로만 권장.,[전 연령대] 강조하고 싶은 상황이 있는 사람.,"감탄, 강조, 비격식","감탄사, 유행어"
킹받네,"열받네, 킹받다 뜻, 짜증나, 어이없음",'열받네'에 'King(왕)'을 붙여 '진짜 열받네'를 뜻함. 주로 어이없거나 얄미운 상황에 유머러스하게 사용.,"친구가 킹킹대며 놀릴 때나, 상황이 꼬여서 짜증은 나는데 웃음도 나올 때 가볍게 사용.","""아, 저 말투 진짜 킹받네 ㅋㅋ"", ""날씨 왜 이래? 킹받게.""",진심으로 화가 난 심각한 상황에서 쓰면 상황을 가볍게 여기는 것으로 보여 오해를 살 수 있음.,웹툰 작가 침착맨(이말년)이 사용하며 대중화된 '킹~' 접두사 시리즈의 대표 격.,[낀세대: Safe] [외국인: Safe] [복학생: Safe] 유머러스한 짜증 표현임.,[10-30대] 가벼운 농담을 즐기는 세대.,"유머, 짜증, 리액션","신조어, 일상"
쿠쿠루삥뽕,"비웃음, 도네이션 목소리, 쿠쿠루삥뽕 뜻, 얄미운 웃음",특별한 뜻 없이 상대를 얄밉게 비웃거나 놀릴 때 쓰는 의성어.,"게임에서 상대를 이겼을 때나, 친구가 실수했을 때 킹받게(얄밉게) 놀리려는 목소리로 사용.","""메롱이다 쿠쿠루삥뽕!"", ""아무것도 못 하쥬? 쿠쿠루삥뽕~""",상대가 진지한 상황일 때 쓰면 '인성 논란'이 일어날 정도로 큰 분노를 유발할 수 있으니 주의.,트위치 도네이션 읽어주는 AI 음성 중 '찬구'의 웃음소리를 텍스트로 구현한 것에서 유래.,[낀세대: Danger] [외국인: Caution] [복학생: Caution] 상대방을 자극하는 뉘앙스가 강함.,[10대: 주사용층] 초중고 학생들 사이의 대표적인 놀림 밈.,"조롱, 장난, 얄미움","SNS, 게임"
알빠노,"내 알 바 아님, 알빠임, 무관심, 롤 밈, 알빠노 유래","""내가 알 바 아니다""라는 뜻으로, 타인의 고통이나 상황에 대해 냉소적으로 선을 긋는 표현.","누군가 불평을 할 때 ""그게 나랑 무슨 상관인데?""라는 태도를 보이고 싶을 때 사용.","""그건 네가 선택한 거잖아, 알빠노?"", ""서버 터졌다고? 난 게임 안 하니까 알빠노.""",[극주의] 극도로 냉소적이고 이기적으로 보일 수 있으므로 사용 시 인간관계가 단절될 각오를 해야 함.,"게임 '리그 오브 레전드' 커뮤니티에서 유래했으며, 냉소적 개인주의를 대변하는 밈.",[낀세대: Danger] [외국인: Danger] [복학생: Danger] 무례함의 끝판왕 밈임.,[10-20대] 온라인 커뮤니티 이용자.,"냉소, 무관심, 단호","인간관계, 인터넷문화"
누칼협,"누가 칼 들고 협박함, 내로남불, 본인선택, 냉소","""누가 칼 들고 협박했냐?""의 줄임말. 본인이 선택한 일의 부작용을 불평하지 말라는 냉소적 반응.","공무원이 월급 적다고 한탄하거나, 투자 실패 후 하소연할 때 ""그거 네 선택이잖아""라며 조롱할 때 사용.","""공부하기 싫다고? 누칼협? 네가 대학 간다며.""",사회 구조적 문제를 개인의 탓으로 돌리는 위험한 논리이므로 공식석상에선 절대 금기어.,온라인 커뮤니티에서 책임 회피나 개인의 선택을 강조하며 상대의 입을 막기 위해 시작됨.,[낀세대: Danger] [외국인: Danger] [복학생: Danger] 공감 능력 결여로 보일 위험 큼.,[10-30대] 냉소적인 인터넷 여론 중심.,"조롱, 냉소, 단절","인터넷문화, 사회문제"
힘숨찐,"힘을 숨긴 찐따, 숨은 고수, 반전 매력, 먼치킨",힘을 숨긴 찐따(소외자)'의 줄임말. 겉보기엔 약해 보이지만 실제로는 엄청난 실력자나 부자인 경우.,"평범해 보이던 동료가 사실은 건물주였다거나, 조용하던 친구가 게임 랭킹 1위인 것을 알게 되었을 때 사용.","""우리 과장님 노래 실력 뭐야? 완전 힘숨찐이었네!"", ""이 가방 낡아 보이는데 500만 원이라고? 힘숨찐 템이네.""","'찐따'라는 비하어가 포함되어 있으므로, 칭찬의 의미라 하더라도 공식적인 자리에서는 사용 주의.",판타지 소설이나 애니메이션에서 약한 주인공이 갑자기 각성하는 클리셰에서 유래.,[낀세대: Caution] [외국인: Safe] [복학생: Safe] '찐따' 단어 사용에만 유의.,[10-30대] 서브컬처 및 게임 유저.,"반전, 감탄, 위트","서브컬처, 인물"
돔황챠,"도망쳐 뜻, 주식 돔황챠, 코인 떡락, 돔황챠 유래",도망쳐'를 급하게 발음한 것. 주로 주식이나 코인 가격이 급락할 때 탈출하라는 신호.,"투자 자산의 가치가 떨어지기 시작할 때 커뮤니티에서 ""지금이라도 팔고 나가라""며 장난스럽게 외칠 때 사용.","""비트코인 차트 왜 이래? 다들 돔황챠!""",진지한 재난 상황이나 사고 현장에서 사용하면 상황을 희화화하는 것으로 보여 매우 부적절함.,디시인사이드 주식 갤러리 등에서 급박한 상황을 오타처럼 표현하며 유행.,[낀세대: Safe] [외국인: Safe] [복학생: Safe] 유머러스한 경고임.,[20-40대] 투자에 관심 있는 경제 활동 인구.,"급박, 유머","경제, 투자"
영끌,"영혼까지 끌어모으다, 영끌 대출, 영끌족 뜻",영혼까지 끌어모으다'의 줄임말. 가용한 모든 수단을 동원해 대출을 받아 집을 사거나 투자하는 행위.,부동산 가격 급등기에 대출 한도 끝까지 돈을 마련하여 내 집 마련을 하는 사람들의 상황을 묘사.,"""이번에 영끌해서 아파트 샀는데 금리 올라서 걱정이야.""","무리한 투자를 비꼴 때 쓰이기도 하므로, 상대의 경제적 어려움을 조롱하는 용도로 쓰지 않게 주의.",2020년 전후 부동산/주식 열풍 속에서 자산 마련의 절박함을 표현하며 등장.,[낀세대: Safe] [외국인: Safe] [복학생: Safe] 일반적인 경제 용어로 정착.,[20-40대] 내 집 마련이 화두인 청장년층.,"절박, 현실적","경제, 사회현상"
벼락거지,"벼락거지 유래, 상대적 박탈감, 부동산 벼락거지",본인의 소득은 그대로인데 자산 가치가 급등하여 상대적으로 빈곤해진 사람을 일컫는 자조적 표현.,"집값이 폭등할 때 집이 없는 사람들이 느끼는 박탈감을 표현하거나, 투자를 하지 않아 손해 본 기분을 설명할 때 사용.","""주식 안 하고 예금만 했더니 나만 벼락거지 된 기분이야.""","타인을 지칭하여 ""너 벼락거지네""라고 하는 것은 심각한 모욕이며 경제적 비하가 될 수 있음.","'벼락부자'의 반대 개념으로, 자산 인플레이션 시대의 사회적 소외감을 반영하여 탄생.",[낀세대: Caution] [외국인: Caution] [복학생: Caution] 비하의 소지가 있음.,[20-40대] 자산 격차에 민감한 세대.,"자조, 한탄","경제, 사회문제"
퐁퐁남,"설거지론, 퐁퐁남 뜻, 퐁퐁남 유래","연애 경험이 적은 남성이 경제력을 갖춘 후, 과거가 화려한 여성과 결혼해 가사/경제적 주도권을 뺏긴 상황을 비하하는 혐오 표현.","온라인 커뮤니티에서 특정 결혼 생활을 비방하거나, 남성을 '설거지나 하는 존재'로 비하할 때 사용.","""그 형 결혼하고 용돈 10만 원 받는대. 완전 퐁퐁남 아냐?""","[극주의] 특정 성별 및 결혼 제도를 심각하게 비하하는 단어로, 혐오 표현에 해당하므로 절대 사용 금지.",2021년 디시인사이드에서 시작된 '설거지론'에서 파생된 여성 혐오 및 남성 비하적 신조어.,[낀세대: Danger] [외국인: Danger] [복학생: Danger] 사회적 갈등 유발 단어.,[20-30대] 특정 커뮤니티 이용자.,"비하, 냉소","혐오표현, 인간관계"
퐁퐁녀,"퐁퐁남 여성 버전, 퐁퐁녀 뜻, 맞벌이 비하","퐁퐁남의 여성 버전으로, 경제력 없는 남편을 부양하며 가사까지 전담하는 여성을 비하하거나 조롱하는 표현.","독신 주의자들이 기혼 여성을 비방하거나, 불행한 결혼 생활을 자극적으로 묘사할 때 사용.","""맞벌이하면서 독박 육아까지 하면 그게 바로 퐁퐁녀지.""","[극주의] 성별 갈등을 조장하고 가사 노동의 가치를 훼손하는 단어로, 사용 시 심각한 비난을 받을 수 있음.",퐁퐁남 담론이 확산되면서 이에 대응하거나 변형되어 나타난 비하어.,[낀세대: Danger] [외국인: Danger] [복학생: Danger] 혐오 표현 주의.,[20-30대] 성별 갈등에 민감한 층.,"비하, 냉소","혐오표현, 인간관계"
거거익선,"크면 클수록 좋다, 가전 거거익선, TV 사이즈","클수록 더 좋다'는 뜻. 주로 TV, 냉장고, 모니터 등 가전제품의 크기를 선택할 때 사용함.",큰 화면의 TV나 넓은 집 등 물리적 크기가 주는 만족감이 클 때 사자성어 '다다익선'을 변형해 사용.,"""TV는 거거익선이라더니 85인치 사길 잘했어.""","모든 상황에 적용되지 않으며(예: 휴대성), 과소비를 정당화하는 논리로만 쓰지 않도록 주의.",가전제품 대형화 트렌드와 함께 IT 커뮤니티에서 사용되며 대중화됨.,[낀세대: Safe] [외국인: Safe] [복학생: Safe] 유익한 쇼핑 조언임.,[전 연령대] 가전 및 인테리어 관심층.,"긍정, 확신","라이프스타일, 쇼핑"
선넘네,"선 넘네 뜻, 무례함, 도를 넘다",상대방의 농담이나 행동이 적정 수준(선)을 벗어나 무례하게 느껴질 때 경고하는 표현.,"장난이 지나쳐 기분이 나빠지려 할 때나, 사회적 통념에 어긋나는 행동을 보았을 때 정색하며 사용.","""그 농담은 좀 선넘네. 사과해.""","웃으며 가볍게 쓸 수도 있지만, 진지하게 쓰면 관계 단절의 신호가 되므로 상황 파악이 중요함.",인간관계의 '심리적 경계'를 '선'으로 비유한 관용구가 밈화되어 정착.,[낀세대: Safe] [외국인: Safe] [복학생: Safe] 감정 표현에 유용함.,[전 연령대] 대인관계 스트레스를 겪는 모든 층.,"경고, 단호, 진지","인간관계, 리액션"
까비,"아깝다 줄임말, 까비 뜻, 나이스 까비",아깝다'의 줄임말. 목표를 아주 근소한 차이로 놓쳤을 때 쓰는 가벼운 감탄사.,"게임에서 적을 거의 다 잡았을 때나, 퀴즈 정답을 아쉽게 틀렸을 때 동료를 위로하거나 본인의 아쉬움을 표현.","""아! 한 대만 더 때리면 되는데, 까비!""",너무 큰 실패나 비극적인 상황에 '까비'라고 하면 진정성이 없어 보이고 가볍게 들릴 수 있음.,'아깝다' -> '아까비' -> '까비'로 축약되며 게임 채팅 문화에서 확산됨.,[낀세대: Safe] [외국인: Safe] [복학생: Safe] 친근한 리액션.,[전 연령대] 게임 및 가벼운 내기를 즐기는 층.,"아쉬움, 유쾌","게임, 리액션"
국룰,"국민 룰, 당연한 규칙, 삼겹살 볶음밥 국룰",국민 룰(Rule)'의 줄임말. 보편적으로 통용되는 규칙이나 대다수가 동의하는 관습.,"""삼겹살 먹고 볶음밥은 국룰이지""처럼 특정 상황에서 당연히 해야 하는 행동을 강조할 때 사용.","""치킨에 맥주는 국룰이지, 이건 반박 불가야.""","법적인 강제성이 있는 것처럼 말하면 안 되며, 개인의 취향을 존중하지 않는 강요로 들리지 않게 주의.",게임 내의 암묵적 규칙에서 시작되어 일상의 보편적 취향을 일컫는 단어로 확장.,[낀세대: Safe] [외국인: Safe] [복학생: Safe] 공감대 형성에 최고.,[전 연령대] 한국적 식문화나 생활 습관을 공유하는 층.,"공감, 확신","라이프스타일, 문화"
긁?,"긁혔니 뜻, 긁혔다 유래, 긁?, 긁혔네","상대방의 약점을 건드려 화나게 했을 때, ""화났어? (자존심 긁혔어?)""라고 도발하는 극도로 짧은 의문문.",상대가 내 말에 반박하거나 불쾌해할 때 그를 조롱하며 기선을 제압하기 위해 사용.,"""너 지금 긁? 왜 이렇게 화를 내?""","[극주의] 상대의 감정을 대놓고 조롱하는 표현으로, 사용 시 즉각적인 싸움으로 번질 확률이 매우 높음.",온라인 커뮤니티에서 '마음에 상처를 입다(긁히다)'라는 표현을 한 글자로 줄여 조롱용으로 사용.,[낀세대: Danger] [외국인: Danger] [복학생: Danger] 조롱 및 분노 유발 표현.,[10-20대] 커뮤니티 및 게임 유저.,"조롱, 도발, 냉소","인터넷문화, 인간관계"
캘박,"캘린더 박제, 일정 등록, 약속 확정",캘린더 박제'의 줄임말. 중요한 약속이나 일정을 잊지 않도록 달력에 기록해두는 행위.,"친구와 약속을 잡은 직후 ""나 지금 캘박했어. 늦으면 안 돼!""라며 확답을 줄 때 사용.","""다음 주 금요일 저녁 7시, 캘박 완료! 그때 보자.""",약속이 확정되지 않았는데 강요하듯 '캘박'이라고 하면 상대가 부담을 느낄 수 있음.,스마트폰 캘린더 앱 사용이 일상화되면서 '박제(고정)'한다는 표현과 결합.,[낀세대: Safe] [외국인: Safe] [복학생: Safe] 사회생활 시 매우 유용.,[10-30대] 스마트폰 일정 관리에 익숙한 세대.,"약속, 신뢰, 철저함","라이프스타일, 시간관리"
저메추,"저녁 메뉴 추천, 저메추 해줘, 오늘 뭐 먹지",저녁 메뉴 추천'의 줄임말.,오늘 저녁에 무엇을 먹을지 고민될 때 지인이나 SNS 팔로워들에게 가볍게 물어보는 말.,"""배고픈데 저메추 좀 해줄 사람? 선택장애 왔어.""","너무 자주 물어보면 결정 장애로 보일 수 있으며, 답변해준 메뉴를 매번 거절하면 무례할 수 있음.",점메추(점심 메뉴 추천)와 함께 1인 가구 및 커뮤니티의 소통 방식으로 자리 잡음.,[낀세대: Safe] [외국인: Safe] [복학생: Safe] 소통을 시작하기 좋은 단어.,[전 연령대] 매일 메뉴 선택의 고민을 하는 현대인.,"친근, 질문","일상, 음식"
나야들기름,"나야 들기름 뜻, 최강록 밈, 나야 개기름, 나야 캡사이신, 흑백요리사 나야","특정 대상이나 주인공을 강조할 때 쓰는 ""나야, [대상]"" 형식의 문장 밈.",자신이 준비한 핵심 요소나 본인의 정체성을 엉뚱하면서도 확실하게 각인시키고 싶을 때 사용.,"""이 떡볶이의 매운맛... 나야, 캡사이신!"", ""오늘 퇴근의 주인공은... 나야, 야근!""","단순히 ""나야""라고만 하면 밈의 맛이 살지 않으며, 반드시 뒤에 핵심 명사를 붙여 최강록 셰프 특유의 톤을 살려야 함.","넷플릭스 <흑백요리사>에서 최강록 셰프가 본인의 요리를 ""나야, 들기름""이라고 소개한 엉뚱한 대사에서 유래.",[낀세대: Safe] [외국인: Safe] [복학생: Safe] 유쾌하고 자신감 있는 표현.,[20-40대] 흑백요리사 열풍을 공유하는 전 세대.,"엉뚱, 자신감, 강조","미디어, 요리, 유행어"
익힘정도,"고기 익힘 정도, 안성재 밈, 채소의 익힘, 흑백요리사 심사",완성도'나 '준비 상태'를 평가할 때 쓰는 말. 아주 까다롭고 전문적인 잣대를 들이댈 때 사용.,"프로젝트 검토 중 사소한 디테일을 지적하거나, ""이거 익힘 정도가 적당하지 않네요""라며 안성재 셰프의 심사평을 패러디함.","""대리님, 이 보고서는 데이터의 익힘 정도가 부족한데요?""",진지하게 성과를 비판해야 하는 자리에서 남발하면 심사위원 놀이를 하는 것처럼 보여 무례할 수 있음.,"'흑백요리사' 심사위원 안성재의 깐깐한 심사 기준과 ""채소의 익힘 정도가~""라는 대사가 밈이 됨.",[낀세대: Safe] [외국인: Safe] [복학생: Safe] 유머러스한 비평임.,[전 연령대] 직장인들 사이에서 평가용 밈으로 인기.,"단호, 전문적, 유머","미디어, 평가"
희진적사고,"민희진 사고방식, 희진적 사고 뜻, 정면돌파, 맞짱",어떤 위기나 압박 속에서도 '기죽지 않고 정면으로 맞서 싸우는 당당한 사고방식'.,"억울한 일을 당했거나 압박을 받을 때, ""어차피 내가 이길 건데?""라는 식으로 거침없이 독설하거나 당당하게 굴 때 사용.","""상사가 뭐라 해도 희진적 사고로 정면돌파한다. 내가 맞으니까!""","'원영적 사고(초긍정)'와 정반대이므로, 무작정 긍정하는 상황에 쓰지 않도록 주의.",민희진 대표의 기자회견 속 거침없는 발언과 당당한 태도가 대중에게 카타르시스를 주며 밈화됨.,[낀세대: Caution] [외국인: Safe] [복학생: Safe] 공격적일 수 있음.,[20-30대] 직장 생활이나 사회적 압박에 저항하는 세대.,"당당, 독설, 정면돌파","마인드셋, 사회문제"
농협은행,"농협은행 뜻, 너무 예쁘네, 편의점 밈, 외국인 농협은행","""너무 예쁘네""를 발음이 비슷한 '농협은행'으로 치환하여 부르는 칭찬 밈.","정말 예쁜 것을 보았을 때 정색하며 ""와... 진짜 농협은행이다""라고 말해 상대가 은행 위치를 묻게 만드는 장난.","""너 오늘 코디 진짜 농협은행인데? (상대: 어? 농협 어디?) 아니, 너무 예쁘다고!""",실제 은행 업무를 보는 상황에서 쓰면 심각한 의사소통 오류를 유발함.,"한 외국인이 편의점 알바생에게 ""너무 예쁘네요""라고 한 발언을 알바생이 ""농협은행이 어디냐""로 오해한 썰에서 유래.",[낀세대: Safe] [외국인: Danger] [복학생: Safe] 외국인에겐 혼란을 줌.,[10-20대] 귀여운 언어유희를 즐기는 세대.,"귀여움, 반전, 칭찬","유행어, 일상"
테무인간,"테무 인간 뜻, 어설픈 외모, 테무에서 산 정우성, 테무에서 산 OO, 연예인과 어설프게 닮은 사람","열심히 하지만 어딘가 어설프고 저품질(가성비) 느낌을 주거나, 몹시 지쳐 보이는 현대인을 비유하는 말.","본인이 오늘따라 실수가 잦고 초췌할 때 자조적으로 사용하거나, 유명인을 닮았지만 2% 부족한 사람을 지칭할 때 사용. 저렴한 가격 때문에 품질이 기대 이하인 테무 제품처럼, 노력 대비 결과물이 아쉬운 상황이나 사람을 유머러스하게 표현할 때 사용","""밤샘 작업했더니 몰골이 완전 테무인간이네."", ""야, 너 오늘 좀 테무인간 같다? 가서 좀 쉬어.""","타인에게 ""너 테무인간 같다""고 무분별하게 말하면 '싸구려 같다'는 비하로 들릴 수 있으니 주의.","초저가 플랫폼 '테무(Temu)'의 광고와 실제 품질 차이에서 유래하여, 피곤한 현대인의 모습으로 확장됨.",[낀세대: Safe] [외국인: Safe] [복학생: Safe] 자조적 유머임.,[20-40대] 피로에 찌든 직장인 및 현대인.,"자조, 해학, 피로","라이프스타일, 사회현상"
삐끼삐끼,"삐끼삐끼 춤, 기아 타이거즈 이주은, 아웃 챌린지",기아 타이거즈 치어리더 이주은이 춘 '아웃 선언 시 추는 무심한 춤'.,"무심하고 시크하게 고개를 까딱거리며 손동작을 하는 상황이나, 누군가를 탈락(아웃)시킬 때 사용.","""너 방금 말실수했어. 아웃! (삐끼삐끼 춤을 추며)""","스포츠 팀의 자축 밈이므로, 상대 팀 팬 앞이나 진지한 실패 상황에서 쓰면 무례함.",기아 타이거즈의 '아웃송' 안무가 틱톡/릴스에서 '무심한 예쁨'으로 대박이 나며 전 세계 유행.,[낀세대: Safe] [외국인: Safe] [복학생: Safe] 중독성 있는 댄스 밈.,[전 연령대] 야구 팬 및 숏폼 이용자.,"무심, 시크, 중독성","스포츠, 댄스"
잘자요아가씨,"야레야레, 다나카 밈, 집사 밈, ASMR 밈","""늦게까지 안 자고 스마트폰 보는 아가씨(혹은 유저)를 훈계하며 재우는"" 집사 컨셉의 밈.","밤늦게 SNS를 하는 친구에게 ""이제 그만 자요 아가씨""라고 댓글을 달거나 오글거리는 집사 말투를 흉내 낼 때 사용.","""아직 안 자고 인스타 해요? 못말리는 아가씨네. 잘자요 아가씨.""",상대가 이 밈을 모르면 변태적이거나 너무 오글거리는 사람으로 오해받기 딱 좋음.,ASMR 크리에이터들이나 코미디언들이 '집사' 컨셉으로 밤늦게 깨어있는 팬들을 공략하며 유행.,[낀세대: Caution] [외국인: Danger] [복학생: Caution] 오해의 소지 다분.,[10-20대] 서브컬처 및 집사 컨셉 유머 팬.,"오글거림, 집착, 코믹","캐릭터, SNS"
야레야레,"야레야레 뜻, 못말리는, 어쩔 수 없군, 일본어 밈",일본어로 '이런이런' 혹은 '어쩔 수 없군'이라는 뜻. 주로 오글거리는 '애니메이션 주인공' 말투로 쓰임.,"친구의 엉뚱한 행동을 보고 손등으로 이마를 짚으며 ""야레야레... 못말리는 녀석이군""이라며 과장되게 반응할 때 사용.","""야레야레, 내가 아니면 누가 널 챙기겠니?""",일본어 투의 오타쿠적 표현이므로 진지한 비즈니스 대화에서는 절대 금지.,일본 애니메이션의 전형적인 대사가 한국의 '집사 밈'이나 '중2병 밈'과 결합되어 재발굴됨.,[낀세대: Safe] [외국인: Safe] [복학생: Safe] 서브컬처 유머임.,[10-20대] 애니/만화 문화를 즐기는 층.,"오글거림, 능청, 유머","유행어, 서브컬처"
하룰라라,"하룰라라 뜻, 하늘나라 귀엽게, 기분 좋을 때",하늘나라'를 귀엽게 발음한 것. 기분이 너무 좋아 날아갈 것 같은 상태를 뜻하는 긍정 추임새.,"맛있는 것을 먹거나 좋은 곳에 가서 텐션이 극도로 높아졌을 때 ""기분 완전 하룰라라~""라고 외치며 사용.","""와, 이 디저트 한 입 먹으니까 바로 하룰라라다!""",상황이 좋지 않은데 '하룰라라'라고 하면 맥락 파악 못 하는 사람으로 보일 수 있음.,틱톡 등 숏폼 플랫폼에서 기쁨을 극대화하여 표현하는 의성어로 탄생.,[낀세대: Safe] [외국인: Safe] [복학생: Caution] 과한 텐션 주의.,[10-20대] 숏폼 콘텐츠 주사용층.,"발랄, 고텐션, 귀여움","SNS, 유행어"
저숭라라,"저숭라라 뜻, 저승 귀엽게, 나락, 망했을 때",저승'을 귀엽게 발음한 것. 상황이 매우 좋지 않거나 망했을 때(나락)를 익살스럽게 표현함.,"시험을 망쳤거나 창피한 일을 당했을 때, ""나 지금 기분 완전 저숭라라야""라며 자폭할 때 사용.","""주식 차트 파란불 실화냐... 기분 저숭라라네.""",실제 누군가의 죽음이나 심각한 비극 상황에 사용하면 대단히 무례하므로 절대 금기.,"'하룰라라'의 반대 개념으로, 최악의 상황을 귀엽게 풍자하며 틱톡에서 파생됨.",[낀세대: Caution] [외국인: Danger] [복학생: Caution] 상황 판단 필수.,[10-20대] 숏폼 콘텐츠 주사용층.,"냉소, 자조, 익살","SNS, 유행어"
궁전으로갈수도있어,"궁전 밈, 깊은 밤을 날아서, 황홀한 기분, 이문세 노래 밈",너무 행복하고 만족스러워 현실 감각이 사라질 정도로 황홀한 상태를 표현하는 말.,"멋진 뷰를 보거나 최고의 공연을 관람할 때, 꿈을 꾸는 듯한 기분을 과장되게 나타낼 때 사용.","""오늘 한강 노을 미쳤다... 나 지금 궁전으로 갈 수도 있어~""",단순히 '어디로 간다'는 이동의 의미가 아니라 '무아지경의 행복'이라는 은유임을 이해해야 함.,"이문세의 곡 '깊은 밤을 날아서' 가사가 재조명되며, 하룰라라 밈과 연관되어 역주행함.",[낀세대: Safe] [외국인: Safe] [복학생: Safe] 낭만적이고 긍정적임.,[전 연령대] 뉴트로 감성과 틱톡 감성을 동시에 향유하는 층.,"황홀, 낭만, 행복","음악, 리액션"
햄부기온앤온,"햄부기 뜻, 이수지 밈, 햄버거 온앤온, 햄부기 유래","개그우먼 이수지의 부캐나 영상에서 유래된 밈으로, 햄버거(햄부기)를 소재로 한 중독성 있는 드립.","햄버거를 먹고 싶거나, 햄버거 관련 리액션을 할 때 이수지의 유머러스한 말투와 제스처를 따라 하며 사용.","""오늘 점심은 햄부기온앤온? 완전 맛있겠다!""",음식 이름의 단순 변형이 아니라 특정 연예인의 희극적 맥락이 담겨 있음을 인지해야 함.,개그우먼 이수지가 '햄버거'를 '햄부기'로 부르며 보여준 코믹한 영상 콘텐츠가 화제가 되어 정착.,[낀세대: Safe] [외국인: Safe] [복학생: Safe] 즐거운 먹방 밈.,[전 연령대] 개그 프로그램 및 숏폼 시청자.,"유쾌, 코믹, 식탐","미디어, 음식"
섹시푸드,"섹시푸드 뜻, 비주얼 대박 음식, 군침 도는 음식 ,섹시푸드 뜻, 비주얼 깡패 음식, 앤믹스 해원 섹시푸드, 김남길 유행어","비주얼이 너무 강렬하거나 맛이 자극적이어서 '치명적인 매력'이 느껴지는 음식을 뜻함. ,시각적 매력, 맛, 식감, 분위기까지 완벽하여 '치명적으로 매력적인' 음식을 뜻하는 과장된 감탄사.","치즈가 폭발하거나 소스가 화려하게 뿌려진 음식을 사진 찍으며 ""이게 진짜 섹시푸드지""라고 감탄할 때 사용. ,단순히 '맛있다'는 말로는 부족할 만큼 음식의 비주얼과 퀄리티가 압도적일 때 그 매력을 극대화하여 표현함.","""와, 이 스테이크 육즙 봐. 완전 섹시푸드 그 자체네."" ,""이 치즈 폭포 좀 봐... 진심 섹시푸드 그잡채다."" / ""이 스테이크 플레이팅은 진짜 섹시푸드네.""","실제 성적인 맥락과는 전혀 관계없으나, 단어 자체에 '섹시'가 포함되어 오해할 여지가 있는 자리는 피할 것. ,야하다'는 부정적 의미가 아니므로, 성적인 맥락으로 오해하여 사용하거나 받아들이지 않도록 주의.","음식의 비주얼을 극찬할 때 쓰는 'Food Porn'의 한국식 밈 버전 혹은 트렌디한 표현. ,가수 엔믹스 해원, 배우 김남길 등이 사용하며 아이돌 팬덤과 숏폼 콘텐츠를 통해 확산됨.","[낀세대: Safe] [외국인: Caution] [복학생: Safe] 단어 선택에 유의. ,[낀세대: Safe] / [외국인: Caution] / [복학생: Safe]","[20-30대] 인스타그램 맛집 인증러. ,10대 ~ 30대","감탄, 화려함, 유머 ,감탄, 매혹적, 트렌디","음식, 라이프스타일 ,음식, 감탄사"
이건첫번째레슨,"첫 번째 레슨 밈, 유노윤호 땡큐, 레슨 완료, 일희일비 않기","2021년 유노윤호의 곡 'Thank U' 가사로, 인생의 교훈을 주는 척하며 장난치거나 기선제압을 할 때 쓰는 밈.","친구에게 훈수를 두거나, 본때를 보여준 뒤 ""이건 첫 번째 레슨, 좋은 건 너만 알기""라며 가사를 읊음.","""내기 져서 속상해? 이건 첫 번째 레슨, 일희일비 않기!""",진지한 충고 상황에서 쓰면 상대를 비꼬는 것처럼 들릴 수 있으니 가벼운 장난 상황에서만 쓸 것.,2021년 발매된 유노윤호의 'Thank U'가 2025년 숏폼에서 '열정 만수르' 이미지와 결합해 역주행.,[낀세대: Safe] [외국인: Safe] [복학생: Safe] 열정적이고 유머러스함.,[20-30대] 유노윤호의 열정 서사를 알고 있는 세대.,"당당, 열정, 가르침","음악, 인간관계"
우리애자랑좀할테니까,"내 남자친구 자랑, 커플 챌린지, 댓글 예쁘게 써라, My boyfriend wants to show you","소중한 사람(연인, 자녀, 반려견)의 소소한 장점을 자랑하기 전, 칭찬을 강요(?)하는 귀여운 선언.","연인의 엉뚱한 취미나 반려동물의 귀여운 모습을 보여주기 전 ""댓글 예쁘게 써라?""라며 장난스럽게 압박함.","""우리 애(강아지) 자랑 좀 할 테니까, 다들 댓글 예쁘게 써라? 간식 기다리는 거 봐.""","자랑이 너무 길어지면 밈의 재미가 반감되므로, 상대가 '멋지다'고 해줄 틈을 주는 것이 포인트.",해외 틱톡의 'My boyfriend wants to show you' 챌린지가 한국식 말투(테토녀 등)와 결합되어 유행.,[낀세대: Safe] [외국인: Safe] [복학생: Safe] 따뜻하고 훈훈한 챌린지.,[10-30대] SNS 커플 및 반려동물 가족.,"따뜻, 애정, 당당","SNS, 가족/연인"
텍스트힙,"독서 유행, 텍스트힙 뜻, 종이책 읽기, 지적인 멋",글을 읽는 것(Text)이 멋지다(Hip)는 뜻. 독서를 힙한 문화로 즐기는 현상.,"SNS에 읽고 있는 책의 구절을 올리거나, 종이책을 들고 다니며 본인의 지적인 취향을 과시할 때 사용.","""요즘 내 취미는 독서야. 완전 텍스트힙이지?""",책을 읽지 않으면서 설정샷만 찍는 '보여주기식'을 비꼴 때 쓰이기도 하니 진정성 있는 태도가 중요.,숏폼 시대에 역설적으로 활자 읽기가 지적인 개성으로 떠오르며 2024-25년 핵심 트렌드로 정착.,[낀세대: Safe] [외국인: Safe] 매우 권장되는 문화.,[20-30대] 자기계발과 취향을 중시하는 층.,"지적임, 세련됨","라이프스타일, 독서"
헬시플레저,"즐거운 건강관리, 식단 관리 밈, 오운완, 저칼로리 맛집",건강(Healthy) 관리도 즐거워야(Pleasure) 한다는 가치관. 무조건 굶지 않고 맛있는 식단과 즐거운 운동을 추구함.,"맛있는 저칼로리 음식을 찾거나, 게임하듯 즐겁게 운동하는 일상을 공유할 때 사용.","""마라탕 대신 포케 먹었어. 이게 바로 헬시플레저지!""","건강을 핑계로 과소비를 하거나, 지나치게 유행만 쫓는 태도를 경계해야 함.",코로나 이후 건강 중시 문화가 확산되며 '고통스러운 인내'가 아닌 '지속 가능한 관리'를 강조하며 등장.,[낀세대: Safe] [외국인: Safe] 긍정적인 생활 방식.,[전 연령대] 건강에 관심 있는 모든 층.,"긍정, 활기","라이프스타일, 건강"
한풀루언서,"한숨 인플루언서, 한풀루언서 뜻, 주변 분위기 가라앉힘, 지칠 때",'한숨'을 크게 쉬어 주변 사람들에게까지 우울한 영향력을 끼치는 사람을 뜻함.,회사나 학교에서 답답한 일이 있을 때 습관적으로 한숨을 쉬어 분위기를 전염시키는 본인이나 타인을 지칭.,"""나 오늘 완전 한풀루언서였어. 내 한숨 소리에 팀원들 다 같이 땅 꺼질 뻔함.""","한숨을 쉬는 당사자를 비난하기보다, 그만큼 '지치고 힘든 상황'임을 유머러스하게 표현하는 데 중점을 둠.","한숨 + 인플루언서의 합성어로, 부정적인 에너지가 전파되는 상황을 재치 있게 묘사하며 탄생.",[낀세대: Safe] [외국인: Safe] [복학생: Safe] 공감 섞인 농담.,[20-40대] 피로가 일상인 직장인 및 현대인.,"자조, 위트, 해학","라이프스타일, 인간관계"
위쑤시개,"매운 음식 밈, 위쑤시개 뜻, 빠더너스 신조어, 스트레스 매운맛",스트레스 해소를 위해 위장을 쑤시듯 자극하는 아주 매운 음식 혹은 그것을 먹는 행위.,"업무나 학업 스트레스가 극에 달해 ""오늘 위 좀 쑤셔야겠다""며 극강의 매운맛(마라탕, 불닭 등)을 찾을 때 사용.","""오늘 부장님 때문에 스트레스 만렙이다. 퇴근하고 위쑤시개 하러 갈 사람?""","건강을 해치는 습관을 권장하는 뉘앙스가 될 수 있으므로, 농담 수준에서 사용해야 함.","유튜브 채널 '빠더너스'의 2025 신조어 예측 영상에서 소개된 이후, 한국인의 매운맛 사랑과 맞물려 확산.",[낀세대: Safe] [외국인: Safe] [복학생: Safe] 한국 특유의 스트레스 해소법.,[전 연령대] 스트레스를 매운맛으로 푸는 모든 층.,"해학, 자조, 짜릿함","음식, 심리"
꽁꽁얼어붙은한강위로고양이가걸어다닙니다,"고양이 밈, 꽁꽁 고양이, 한강 위로 고양이, 꽁꽁챌린지",뉴스 보도 멘트와 고양이의 걸음걸이가 결합된 밈. 어떤 상황에 리듬감을 실어 묘사할 때 사용.,"추운 날씨나 어색한 상황 등에서 해당 리듬에 맞춰 ""꽁꽁 얼어붙은~""이라며 노래하듯 말함.","""꽁꽁 얼어붙은 사무실 위로 부장님이 걸어다닙니다~""",2024년 초에 대유행한 밈이라 2025년 말 현재는 약간 지난 밈(사망 밈) 취급을 받을 수 있음.,MBN 뉴스 보도 중 기자의 멘트가 묘한 박자감을 가져 챌린지로 대유행.,[낀세대: Safe] [외국인: Safe] 무해한 귀여움.,[전 연령대] 숏폼 챌린지 경험자.,"리드미컬, 귀여움","SNS, 유행어"
시그마보이,"시그마 페이스, 패트릭 베이트먼 밈, 쿨한 남자, 독립적 매력",사회적 계급에 연연하지 않고 자신만의 길을 가는 독고다이 스타일의 멋진 남성.,"남의 시선을 무시하고 쿨하게 행동하거나, 카리스마 있는 저음을 낼 때, 혹은 특유의 표정을 지으며 사용.","""(미간을 찌푸리며) 그건 내 알 바 아니지. 나는 나만의 길을 간다. 완전 시그마보이 같지?""","'시그마 페이스(입술 내밀기)'가 조롱의 의미로 쓰이기도 하므로, 맥락에 따라 '멋짐'과 '허세' 사이를 잘 타야 함.",레드필 문화의 '시그마 메일' 개념이 영화 <아메리칸 사이코>의 이미지와 결합되어 틱톡/릴스에서 밈화.,[낀세대: Caution] [외국인: Safe] [복학생: Safe] 허세로 보일 위험.,[10-20대] 쿨하고 다크한 매력을 선호하는 층.,"카리스마, 쿨함, 다크","캐릭터, 인터넷문화"
스키비디토일렛,"Skibidi Toilet, 알파세대 밈, 변기 괴물",변기 속에서 머리가 나오는 기괴한 영상 시리즈. 알파세대(초등생 이하)의 대통령격 밈.,"이해할 수 없는 이상한 행동을 하거나, 요즘 아이들의 문화를 언급할 때 대명사처럼 쓰임.","""요즘 애들은 스키비디 토일렛 모르면 대화가 안 된대.""",기괴하고 엽기적인 비주얼이므로 혐오감을 느끼는 사람 앞에서는 영상을 보여주지 말 것.,유튜브 채널 'DaFuq!?Boom!'에서 제작한 3D 애니메이션 시리즈가 전 세계 초등학생들에게 폭발적 인기.,[낀세대: Danger] [외국인: Safe] 기괴함 주의.,[~10대 초반] 알파세대의 핵심 문화.,"엽기, 기괴, 혼란","SNS, 하위문화"
너T야?,"너 티야 뜻, 공감 능력 부족, MBTI 밈, T발놈","상대방이 너무 현실적이고 냉정하게 말할 때 ""너 공감 능력이 왜 그래? (너 MBTI가 T야?)""라고 묻는 말.",위로가 필요한 상황에서 팩트 폭격을 당했을 때 서운함을 담아 리액션으로 사용.,"""나 아프다니까 약 먹으라고만 해? 너 T야?""",'T' 성향을 가진 사람을 비하하는 뉘앙스로 번질 수 있으니(T발놈 등) 농담조로만 쓸 것.,MBTI 유행 중 사고형(T)과 감정형(F)의 대화 차이를 희화화하면서 전국민적인 리액션 밈이 됨.,[낀세대: Safe] [외국인: Safe] 보편적인 유머.,[전 연령대] MBTI를 아는 모든 사람.,"서운함, 유머, 리액션","심리, 인간관계"
~한건에대하여,"에 대하여 밈, 그거슨, 유머러스한 변명, 핑계 밈",어떤 사건에 대해 장황하고 어처구니없는 변명이나 핑계를 늘어놓을 때 쓰는 문체.,"잘못을 저질렀거나 곤란한 질문을 받았을 때, ""그거슨... ~한 건에 대하여""라고 운을 떼며 기발한 핑계를 댈 때 사용.","""지각한 건에 대하여, 사실 지구 반대편에서 악당과 싸우느라 5분 늦은 것이다.""",진지한 사과가 필요한 자리에서 사용하면 무책임하고 장난스러운 사람으로 찍힐 수 있음.,"라이트노벨 식 문체에 '변명'의 맥락이 합쳐져, 특정 상황을 모면하려는 유머러스한 짤(이미지) 형태로 확산.",[낀세대: Safe] [외국인: Safe] [복학생: Safe] 창의적인 유머.,[20-30대] 커뮤니티식 유머를 즐기는 세대.,"능청, 장난, 과장","문체, 유행어"
갓기,"신생아 밈, 귀여운 아이돌, 갓기 뜻",갓(God) + 아기의 합성어. 아기처럼 귀엽지만 실력은 신(God)급인 어린 유망주나 아이돌.,"어린 나이에 데뷔한 아이돌이 너무 귀엽거나, 실력이 압도적일 때 찬양의 의미로 사용.","""우리 막내 이번 무대 봤어? 진짜 갓기 그 자체다.""",실제 아기에게 쓰기보다는 주로 10대 후반~20대 초반의 연예인/공인에게 사용하는 용어임.,덕질 커뮤니티에서 실력 있는 어린 아티스트를 애정 가득하게 부르며 시작됨.,[낀세대: Safe] [외국인: Safe] 긍정적인 찬사.,[10-30대] 팬덤 문화 향유층.,"애정, 감탄, 찬양","팬덤, 인물"
갓벽,"갓벽하다 뜻, 갓+완벽, 완벽 그 이상",갓(God) + 완벽의 합성어. 말로 다 할 수 없을 만큼 완벽한 상태를 뜻함.,"외모, 성적, 업무 결과물 등이 흠잡을 데 없이 훌륭할 때 최고의 찬사로 사용.","""오늘 네 프레젠테이션 진짜 갓벽했어. 수고했어!""",너무 자주 쓰면 단어의 무게감이 떨어지므로 정말 놀라운 결과물에만 아껴 쓸 것.,'갓' 접두사를 활용한 강조법이 '완벽'과 결합하여 표준어처럼 굳어진 사례.,[낀세대: Safe] [외국인: Safe] 매우 긍정적임.,[전 연령대] 칭찬을 즐기는 모든 세대.,"감탄, 확신, 찬사","유행어, 상태"
꾸안꾸,"꾸민 듯 안 꾸민 듯, 자연스러운 패션, 꾸안꾸 뜻",꾸민 듯 안 꾸민 듯'의 줄임말. 과하지 않으면서도 세련된 스타일을 뜻함.,너무 힘주지 않았지만 센스 있어 보이는 코디나 메이크업을 칭찬하거나 설명할 때 사용.,"""오늘 스타일 괜찮다. 완전 꾸안꾸 정석인데?""","실제로 아예 안 꾸민 것(생얼 등)과는 다르며, '세심하게 계산된 자연스러움'이 핵심임.",패션 잡지나 뷰티 채널에서 자연스러운 미니멀리즘을 강조하며 대중화된 필수 용어.,[낀세대: Safe] [외국인: Safe] 일상적인 패션 용어.,[전 연령대] 외모 가꾸기에 관심 있는 모든 층.,"세련, 자연스러움","패션, 라이프스타일"
뇌절,"뇌절 뜻, 작작해라, 1절만 해라, 뇌절 유래",똑같은 말이나 행동을 적절한 선을 넘어 반복함으로써 상대를 질리게 만드는 행위.,"1절, 2절을 넘어 명절에 큰절까지 하느냐는 식의 비유. 재미있는 농담도 지나치게 반복될 때 정색하며 사용.","""야, 그 드립은 이제 그만해. 완전 뇌절이야.""","본인은 재미있다고 생각해서 계속하는 경우가 많으므로, 주변 반응이 냉랭하다면 즉시 멈춰야 함.","만화 <나루토>의 기술 이름 '뇌절'에서 유래했으나, 현재는 '뇌의 회로가 끊길 정도로 반복한다'는 의미로 변질됨.",[낀세대: Safe] [외국인: Safe] [복학생: Safe] 일상적 경고 표현.,[전 연령대] 커뮤니티 및 게임 유저.,"단호, 정색, 비판","인터넷문화, 리액션"
엄근진,"엄격 근엄 진지, 엄근진 뜻, 선비질","엄격, 근엄, 진지'의 줄임말. 가벼운 농담 상황에서 혼자만 정색하거나 지나치게 진지한 태도를 보일 때 사용.","분위기를 깨는 사람을 비꼬거나, 혹은 본인이 진지한 의견을 말하기 전 ""나 지금 엄근진하다""라며 운을 뗄 때 사용.","""농담인데 왜 그렇게 엄근진해?"", ""지금부터 엄근진하게 회의 시작한다.""","진지함이 꼭 필요한 상황(장례식, 공식 사과 등)에서 '엄근진'이라는 표현을 쓰면 매우 무례해 보임.",인터넷 커뮤니티에서 사진 속 인물의 표정을 묘사하다가 신조어로 정착.,[낀세대: Safe] [외국인: Safe] [복학생: Safe] 보편적인 줄임말.,[전 연령대] 온라인 소통을 즐기는 층.,"유머, 냉소, 진지","신조어, 태도"
고독방,"고독한 채팅방, 고독방 유래, 말 없는 방",오픈채팅방에서 대화 없이 오직 사진(이미지)으로만 소통하는 방.,"좋아하는 연예인이나 반려동물 사진을 공유하기 위해 모였으나, 채팅(텍스트) 금지 규칙을 지켜야 할 때 사용.","""나 이번에 최애 고독방 들어갔는데 사진 퀄리티 갓벽해.""",텍스트를 입력하면 강퇴당할 수 있으므로 규칙 준수가 핵심. 외국인에게는 '고독(Solitude)'의 의미를 잘 설명해야 함.,'고독한 미식가' 시리즈의 컨셉을 따와 대화 없이 사진으로만 승부하는 오픈채팅 문화에서 유래.,[낀세대: Safe] [외국인: Caution] [복학생: Safe] 문화적 이해 필요.,[10-30대] 덕질 및 취미 공유층.,"무심, 집중, 정보공유","인터넷문화, 팬덤"
퇴근핑,"퇴근하고 싶다, 퇴근핑 뜻, 직장인 티니핑",퇴근하고 싶어 안달이 난 상태의 직장인을 캐릭터처럼 부르는 말.,시계만 쳐다보며 퇴근 시간만을 기다리는 본인의 처지를 귀엽게 자조할 때 사용.,"""오후 5시 되니까 나 완전 퇴근핑 됐어. 짐 벌써 다 쌈.""","상사 앞에서 ""저 퇴근핑이에요""라고 하면 일하기 싫어하는 사람으로 보일 수 있으니 동료끼리만 쓸 것.",[공통] 애니 <캐치! 티니핑>의 캐릭터 이름이 '~핑'으로 끝나는 데서 유래. 어떤 단어에든 붙여 상황을 캐릭터화하는 마법의 접미사 밈.,[낀세대: Safe] [외국인: Safe] [복학생: Safe] 직장인의 애환.,[20-40대] 대한민국 모든 직장인.,"귀여움, 자조, 간절함","라이프스타일, 직장인"
파산핑,"등골핑, 파산핑 뜻, 티니핑 장난감, 지출 밈",티니핑 굿즈 구매로 인해 부모님들이 파산할 지경임을 뜻함.,"아이의 등쌀에 장난감을 사주다 지갑이 비었을 때, 혹은 본인이 덕질로 과소비했을 때 사용.","""조카 선물 사주다가 파산핑 되게 생겼어. 장난감이 왜 이렇게 많아?""",실제로 경제적 어려움을 겪는 사람에게 쓰면 실례가 되므로 소비의 고충을 나누는 농담으로만 사용.,[공통] 애니 <캐치! 티니핑>의 캐릭터 이름이 '~핑'으로 끝나는 데서 유래. 어떤 단어에든 붙여 상황을 캐릭터화하는 마법의 접미사 밈.,[낀세대: Safe] [외국인: Safe] [복학생: Safe] 육아/덕질 고충 공유.,[20-40대] 학부모 및 컬렉터.,"해학, 아쉬움, 경제","경제, 육아"
등교핑,"학교 가기 싫어, 등교핑 뜻, 억지 등교, 학생 티니핑",아침에 일어나기 힘들어하며 억지로 학교에 가는 상태의 학생.,"월요일 아침, 좀비처럼 학교로 향하는 본인의 모습을 형상화하거나 자녀의 모습을 묘사할 때 사용.","""우리 집 고딩은 아침마다 등교핑이랑 사투를 벌이는 중이야.""",단순히 학교에 가는 행위를 넘어 '가기 싫은 억지스러움'이 포함되어야 뉘앙스가 정확함.,[공통] 애니 <캐치! 티니핑>의 캐릭터 이름이 '~핑'으로 끝나는 데서 유래. 어떤 단어에든 붙여 상황을 캐릭터화하는 마법의 접미사 밈.,[낀세대: Safe] [외국인: Safe] [복학생: Safe] 학생의 일상.,[10-20대] 학생 및 학부모.,"피곤, 귀여움, 일상","라이프스타일, 학생"
출근핑,"출근하기 싫어, 출근핑 뜻, 월요병, 직장인 캐릭터",아침에 일어나기 힘들어하며 억지로 회사로 향하는 상태의 직장인.,"월요일 아침, 지하철에서 넋이 나간 본인의 모습을 캐릭터처럼 표현하고 싶을 때 사용.","""월요병 도진 출근핑 등장... 오늘 커피 3잔 마셔야 버틸 듯.""",업무 태만을 정당화하는 용도로 상사 앞에서 쓰지 않도록 주의해야 함.,[공통] 애니 <캐치! 티니핑>의 캐릭터 이름이 '~핑'으로 끝나는 데서 유래. 어떤 단어에든 붙여 상황을 캐릭터화하는 마법의 접미사 밈.,[낀세대: Safe] [외국인: Safe] [복학생: Safe] 보편적인 아침 풍경.,[20-40대] 직장인 세대.,"피곤, 귀여움, 일상","라이프스타일, 직장인"
떡상,"급상승, 폭등, 대박, 떡상 유래","주가나 코인 가격, 혹은 인기나 수치가 갑자기 폭발적으로 상승하는 것.","투자한 종목이 오를 때나, SNS 게시물이 갑자기 조회수가 터졌을 때 기쁨을 표현하며 사용.","""와, 이번에 올린 릴스 조회수 떡상했다!"", ""내 주식 제발 떡상 가자.""",상황이 좋지 않은 사람 앞에서 자신의 운을 과하게 자랑할 때 쓰면 시기 질투를 살 수 있음.,"'떡'처럼 부풀어 오른다는 설과 '턱(턱걸이)'의 변형설이 있으나, 현재는 '폭등'의 대명사로 정착.",[낀세대: Safe] [외국인: Safe] 일상적 경제 용어화.,[전 연령대] 경제 및 SNS 활동 인구.,"환희, 기대, 활기","경제, SNS"
떡락,"급락, 폭락, 망했다, 떡락 뜻","주가나 인기, 수치가 갑자기 큰 폭으로 떨어지는 것.","투자 손실이 크거나, 사회적 물의를 일으켜 인기가 급감한 상황을 묘사할 때 사용.","""어제 산 코인 하룻밤 사이에 떡락함... 내 돈 돌려줘.""",타인의 불행(떡락)을 보며 즐거워하는 표현(사이다 등)과 함께 쓰면 인성 논란이 생길 수 있음.,"'떡상'의 반대 개념으로, 바닥으로 '떡(철퍼덕)' 떨어진다는 이미지가 결합되어 탄생.",[낀세대: Safe] [외국인: Safe] 일상적 경제 용어화.,[전 연령대] 경제 및 SNS 활동 인구.,"슬픔, 절망, 한탄","경제, SNS"
가즈아,"가자, 가즈아 유래, 투자 밈, 외침","""가자!""를 길게 늘여 발음한 것. 주로 주가 상승을 간절히 바라는 구호로 사용.","상승장(Bull Market)에서 분위기를 띄우거나, 무언가 잘되기를 응원하는 단체 기합처럼 사용.","""비트코인 1억 가즈아!"", ""이번 시험 합격 가즈아!""",하락장이나 심각한 분위기에서 눈치 없이 외치면 주변의 분노를 유발할 수 있음.,스포츠 도박 커뮤니티에서 시작되어 코인 열풍 당시 전 국민적인 유행어가 됨.,[낀세대: Safe] [외국인: Safe] 열정적인 외침.,[20-40대] 투자 및 목표 달성 희망층.,"열정, 간절, 파이팅","경제, 커뮤니티"
존버,"존나 버티기, 존버 유래, 버티기 뜻, 존버 승리",존나게 버티다'의 줄임말. 힘들고 고통스러운 상황에서도 끝까지 참고 기다리는 행위.,"투자 종목이 반토막 났을 때나, 힘든 업무/군 생활 등을 견뎌내야 할 때 스스로를 다독이며 사용.","""상승장 올 때까지 존버한다."", ""이번 주만 존버하면 연휴다!""",비속어가 포함된 단어이므로 격식 있는 자리나 어른들 앞에서는 '끝까지 버티다'로 순화 권장.,"소설가 이외수 씨가 사용하며 대중화되었고, 주식/코인 하락장에서 투자자들의 신조어로 정착.",[낀세대: Caution] [외국인: Caution] 비속어(존) 포함 주의.,[20-40대] 인내가 필요한 모든 현대인.,"인내, 비장, 해학","경제, 인생관"
헬린이,"헬스 초보, 헬린이 뜻, 운동 시작, 헬스장 뉴비",헬스 + 어린이의 합성어. 운동을 막 시작한 초보자나 서툰 사람을 귀엽게 이르는 말.,운동 루틴을 물어보거나 헬스장에서 겪는 시행착오를 공유할 때 겸손하게 본인을 지칭.,"""오늘부터 운동 시작한 갓 태어난 헬린이입니다. 잘 부탁드려요!""",[주의] 최근 '어린이'를 '초보'의 의미로 쓰는 것이 아동 비하적이라는 지적이 있어 사용 시 주의 필요.,'부동산 어린이(부린이)' 등에서 파생된 초보자 지칭 시리즈 중 가장 대중적인 단어.,[낀세대: Safe] [외국인: Safe] [복학생: Safe] 겸손한 초보 표현.,[20-40대] 운동 시작 세대.,"겸손, 의욕","라이프스타일, 운동"
캠린이,"캠핑 초보, 캠린이 장비, 캠핑 입문",캠핑 + 어린이의 합성어. 캠핑 장비나 매너에 익숙하지 않은 초보 캠퍼.,텐트 치는 법을 배우거나 첫 캠핑 후기를 올릴 때 자조적 혹은 귀엽게 사용.,"""캠린이라 텐트 치는 데 3시간 걸렸네요. 그래도 감성 대박!""","타인에게 ""님 완전 캠린이네""라고 하면 무시하는 어조로 들릴 수 있으니 본인에게 주로 사용.",캠핑 열풍과 함께 초보자를 지칭하는 접미사 '~린이'가 결합되어 탄생.,[낀세대: Safe] [외국인: Safe] [복학생: Safe] 입문자용 단어.,[20-40대] 캠핑 입문층.,"설렘, 자조, 정보구걸","라이프스타일, 취미"
요린이,"요리 초보, 요린이 레시피, 요리 입문",요리 + 어린이의 합성어. 요리 실력이 서툴거나 이제 막 요리에 재미를 붙인 사람.,"간단한 요리에도 당황하거나, 완성된 요리 비주얼이 어설플 때 귀엽게 사용.","""간장 대신 설탕 넣은 요린이 여기 있습니다... 맛은 있네요.""",'어린이' 접미사 사용에 대한 사회적 거부감이 늘고 있으므로 '요리 초보'라는 말과 혼용 권장.,백종원의 요리 예능 등에서 요리 못하는 성인들을 친근하게 부르며 대중화됨.,[낀세대: Safe] [외국인: Safe] [복학생: Safe] 친근한 초보 표현.,[전 연령대] 요리 입문자 및 자취생.,"친근, 어설픔, 도전","라이프스타일, 요리"
사이다,"사이다 뜻, 속 시원함, 일침, 팩폭 사이다",답답한 상황이 한순간에 해결되어 탄산음료를 마신 듯 청량하고 속 시원한 기분.,"무례한 사람에게 당당하게 일침을 가하거나, 억울한 일이 해결되었을 때 리액션으로 사용.","""어제 뉴스 보는데 범인 잡히는 거 보고 완전 사이다였어!""",상대방의 고통을 보고 무분별하게 '사이다'라고 하면 공감 능력 부족으로 보일 수 있음.,꽉 막힌 속을 뚫어주는 음료의 특성을 인간관계나 사회 현상에 비유하며 유행.,[낀세대: Safe] [외국인: Safe] [복학생: Safe] 대중적인 비유 표현.,[전 연령대] 카타르시스를 느끼는 모든 세대.,"통쾌, 청량, 단호","인간관계, 리액션"
고구마,"고구마 백개, 답답함, 고구마 전개",목이 메는 밤고구마를 먹은 듯 상황이 꽉 막혀 답답하고 답이 없는 상태.,"드라마 전개가 느리거나, 말이 통하지 않는 상대를 상대할 때의 답답함을 호소하며 사용.","""우리 과장님은 말이 안 통해. 진짜 고구마 백 개 먹은 기분이야.""","'사이다'와 반대되는 개념으로, 너무 남발하면 본인 자체가 부정적인 사람으로 비칠 수 있음.",음료 없이 고구마를 먹었을 때의 신체적 답답함을 심리적 상태에 비유한 표현.,[낀세대: Safe] [외국인: Safe] [복학생: Safe] 대중적인 비유 표현.,[전 연령대] 답답한 상황을 겪는 모든 층.,"답답, 한탄, 울화","인간관계, 감정"
입덕,"덕질 시작, 입덕 뜻, 입덕 계기, 팬 되다","특정 연예인, 캐릭터, 취미 등에 깊이 빠져들어 팬(덕후)이 되는 것.",우연히 본 영상 하나에 반해 팬클럽에 가입하거나 관련 굿즈를 사기 시작할 때 사용.,"""나 어제 공연 보고 이 그룹에 완전히 입덕해버렸어.""","탈덕(팬 그만두기)과 반대되는 말로, 일시적인 관심이 아닌 깊은 애정이 시작됨을 뜻함.","'들 입(入)'과 '덕후'의 합성어로, 취미의 세계에 들어간다는 의미로 정착됨.",[낀세대: Safe] [외국인: Safe] [복학생: Safe] 열정적인 팬덤 용어.,[전 연령대] 무언가에 열중하기 시작한 사람.,"설렘, 열정, 선언","팬덤, 라이프스타일"
탈덕,"덕질 그만두기, 탈덕 뜻, 탈덕 계기",'덕질에서 탈출함'. 좋아하던 연예인이나 취미를 더 이상 좋아하지 않게 된 상태.,"실망스러운 사건이 터졌거나, 자연스럽게 흥미가 식어 팬 활동을 종료할 때 선언함.","""나 어제부로 그 가수 탈덕했어. 굿즈 다 나눔함.""",팬들이 모여 있는 곳에서 대놓고 탈덕 선언을 하면 분위기를 흐릴 수 있으므로 주의.,'벗어날 탈(脫)' + '덕후'의 합성어.,[낀세대: Safe] [외국인: Safe] 일반적인 팬덤 용어.,[전 연령대] 팬 활동 경험자.,"담담, 냉정, 정리",팬덤
휴덕,"휴덕 뜻, 덕질 휴식, 탈덕 휴덕 차이",'덕질을 잠시 쉼'. 탈덕은 아니지만 현생이 바쁘거나 지쳐서 잠시 팬 활동을 중단함.,"""휴덕은 있어도 탈덕은 없다""는 말처럼, 언젠가 돌아올 것을 기약하며 잠시 거리를 둘 때 사용.","""요즘 업무가 너무 많아서 잠시 휴덕 중이야. 앨범만 사둘게.""",탈덕과 휴덕을 혼동하면 팬들 사이에서 의리가 없다는 오해를 살 수 있음.,'쉴 휴(休)' + '덕후'의 합성어.,[낀세대: Safe] [외국인: Safe] 유연한 팬 활동 표현.,[전 연령대] 바쁜 현대인 덕후들.,"아쉬움, 기약, 휴식",팬덤
성덕,"성공한 덕후 뜻, 성덕 유래, 계 타다",'성공한 덕후'. 자신이 좋아하던 대상을 직접 만나거나 함께 일하게 된 운 좋은 팬.,"팬 사인회에서 눈을 맞추거나, 연예인이 내 댓글을 읽어주는 등 꿈을 이룬 상황을 부러워하며 사용.","""나 방금 최애랑 셀카 찍었어! 드디어 나도 성덕이다!""",타인의 운을 시기하기보다 축하해주는 분위기에서 사용해야 진정한 성덕 문화가 형성됨.,좋아하는 분야에서 성공하여 영향력을 갖게 된 팬들을 지칭하며 대중화됨.,[낀세대: Safe] [외국인: Safe] 매우 긍정적인 찬사.,[전 연령대] 무언가를 열렬히 좋아하는 층.,"환희, 부러움, 축하","팬덤, 인물"
고인물,"썩은물, 고인물 뜻, 게임 고수, 쌉고수",한 분야에 오랫동안 머물러 실력이 압도적으로 뛰어난 숙련자.,게임이나 업무에서 일반인은 따라올 수 없는 기교를 부리는 사람을 경외심(혹은 질투)을 담아 부름.,"""저 사람 점프하는 것 좀 봐. 진짜 고인물 그 자체네.""",뉴비(초보)를 배척하거나 변화를 거부하는 부정적인 뉘앙스로 쓰일 수 있으니 주의.,"'고인 물은 썩는다'는 속담을 뒤집어, 한 게임만 오래 한 유저들의 괴물 같은 실력을 빗대어 탄생.",[낀세대: Safe] [외국인: Caution] 의미 변화 주의.,[전 연령대] 특정 분야의 전문가/고수.,"감탄, 경외, 냉소","게임, 능력"
청정수,"뉴비, 청정수 뜻, 고인물 반대, 새싹 유저","고인물과 반대되는 개념으로, 아무것도 모르는 깨끗한 상태의 초보자.","고인물들이 가득한 곳에 나타난 순수한 뉴비를 반기거나, 본인이 초보임을 밝히며 도움을 요청할 때 사용.","""여기 청정수 한 명 왔습니다! 공략법 좀 알려주세요.""",아예 모르는 척하며 고수를 낚는 '가짜 청정수' 행동은 커뮤니티에서 비난받을 수 있음.,'고인 물'에 대비되는 '맑고 깨끗한 물' 이미지에서 유래.,[낀세대: Safe] [외국인: Safe] 귀여운 뉴비 지칭.,[전 연령대] 새로운 분야 입문자.,"순수, 겸손, 환영","게임, 능력"
무지개반사,"반사 밈, 초딩 드립, 무지개반사 뜻, 무반",상대의 공격이나 욕설을 무지개처럼 화려하고 강력하게 되돌려준다는 초등학생식 방어 기제.,"유치한 논쟁 중에 ""너 바보!""라고 하면 ""무지개반사!""라고 응수하며 상황을 코믹하게 종결지을 때 사용.","""뭐? 내가 싫다고? 응~ 무지개반사~ 안 들려~""",2025년 성인이 진지한 토론 중에 사용하면 대단히 지능이 낮아 보이거나 소통 거부로 느껴져 큰 결례임.,90년대~2000년대 초반 초등학교 운동장에서 유행하던 방어 구호가 복고(레트로) 밈으로 재발굴.,[낀세대: Caution] [외국인: Danger] 유치함 주의.,[전 연령대] 주로 장난칠 때 사용하는 성인들.,"유치, 장난, 차단","리액션, 레트로"
무지성,"무지성 뜻, 생각 없음, 뇌 빼기, 무지성 풀매수",지성(생각)이 없는 상태. 아무런 계획이나 논리 없이 본능적으로만 행동하는 것.,"앞뒤 안 가리고 주식을 사거나(무지성 풀매수), 논리 없는 비난을 퍼붓는 행동을 비판할 때 사용.","""이건 그냥 무지성 비난이잖아. 논리가 하나도 없네.""","[주의] 상대방을 지능적으로 낮게 평가하는 모욕이 될 수 있으므로, 자조적인 상황이 아니면 사용 금기.",만화 <진격의 거인> 속 '무지성 거인'에서 유래하여 온라인 전반으로 확산.,[낀세대: Danger] [외국인: Danger] 모욕 가능성 매우 높음.,[10-30대] 커뮤니티 및 투자자.,"공격, 비판, 자조","태도, 비하"
극혐,"극도로 혐오, 극혐 뜻, 극혐주의",'극도로 혐오함'. 보기만 해도 소름 돋거나 기분이 매우 나쁜 대상을 지칭.,"비위생적인 상황, 무례한 행동, 혹은 끔찍한 비주얼을 보았을 때 강한 거부감을 표현.","""길거리에 쓰레기 버리는 사람 진짜 극혐이야.""",[주의] 특정 집단이나 소수자를 향해 사용하면 혐오 표현(Hate Speech)이 되므로 대상 설정에 극도로 주의.,'혐오'를 강조하기 위해 '극(極)'을 붙인 줄임말.,[낀세대: Danger] [외국인: Danger] 혐오 표현 주의.,[전 연령대] 강한 거부감을 표출하는 층.,"혐오, 분노, 거부","감정, 사회현상"
안물안궁,"안 물어봤어 안 궁금해, 안물안궁 뜻, TMI 차단",'안 물어봤고 안 궁금해'. 상대방의 이야기가 본인과 상관없거나 듣기 싫을 때 대화를 끊는 말.,관심 없는 TMI(Too Much Information)를 남발하는 사람에게 차갑게 일침을 가할 때 사용.,"""너 오늘 점심 뭐 먹었는지 안물안궁이거든? 업무 얘기나 해.""",[주의] 대화 의지를 완전히 꺾는 무례한 표현임. 친한 사이라도 상처를 줄 수 있으니 극도로 보수적으로 사용.,2010년대 중반부터 유행한 전형적인 '대화 단절형' 줄임말.,[낀세대: Danger] [외국인: Danger] 무례함의 상징.,[10-30대] 냉소적인 소통을 선호하는 층.,"무관심, 냉소, 공격","인간관계, 리액션"
아가리다이어터,"말만 다이어트, 아가리다이어터 뜻, 입다이어터",입(아가리)으로만 다이어트한다고 말하고 실제로는 계속 먹는 사람을 비꼬는 자조적 표현.,내일부터 살 뺄 거라고 선언한 뒤 바로 야식을 주문하는 본인의 한심함을 웃음으로 승화할 때 사용.,"""나 오늘 치킨 시켰어... 역시 난 영원한 아가리다이어터인가 봐.""",타인에게 사용하면 입(입술/입구멍)을 비속어로 부르는 것이므로 심각한 외모/인격 비하가 됨.,비속어 '아가리'와 '다이어터'를 결합하여 의지박약을 풍자하며 탄생.,[낀세대: Caution] [외국인: Danger] 비속어 포함 주의.,[전 연령대] 다이어트 결심과 포기를 반복하는 층.,"자조, 해학, 한심","라이프스타일, 신체"
뇌피셜,"뇌피셜 뜻, 개인적 추측, 뇌피셜 유래, 지피셜",공식 근거 없이 개인적인 생각(뇌)을 공식 입장(오피셜)인 것처럼 주장하는 것.,"상대의 근거 없는 주장을 비판할 때 쓰거나, 본인의 의견이 추측일 뿐임을 밝히며 겸손하게 말할 때 사용.","""이건 제 뇌피셜인데요, 이번 신제품 색상 진짜 예쁠 것 같아요."", ""증거도 없으면서 뇌피셜 좀 그만 써.""",사실 관계가 명확한 상황에서 상대의 의견을 무조건 '뇌피셜'로 치부하면 대화가 단절될 수 있음.,뇌(腦) + 오피셜(Official)의 합성어. '오피셜'의 반대 개념으로 정착.,[낀세대: Safe] [외국인: Safe] 매우 대중적인 논리 비판 용어.,[전 연령대] 정보 공유 및 토론을 즐기는 층.,"겸손, 비판, 분석","논리, 인터넷문화"
팩폭,"팩트폭행, 팩폭 뜻, 팩폭 유래, 팩트폭력,팩트폭격 뜻, 뼈 때리는 말, 냉정한 사실 지적","반박할 수 없는 객관적인 사실(Fact)로 상대방에게 심리적 타격을 주는 행위.,팩트(Fact) 폭격'의 줄임말. 반박할 수 없는 사실로 상대방의 정곡을 찔러 정신적 충격을 주는 행위.","상대방의 약점이나 모순을 정확한 사실로 지적하여 할 말이 없게 만드는 상황에서 사용.,논리적으로 상대의 잘못을 지적하거나, 듣기 괴롭지만 부인할 수 없는 진실을 말할 때 사용함.","""야, 너 공부 안 한다며 어제 게임 접속했더라? (친구: 윽, 팩폭 멈춰!)"",""공부 안 하면서 성적 잘 나오길 바라는 건 양심 없는 거지. (팩폭 미안)""","[주의] 친하지 않은 사이나 상처받기 쉬운 사람에게 쓰면 인신공격이 될 수 있으므로 유의.,상대의 상처를 후벼파는 무례한 인신공격을 해놓고 '팩폭'이라며 정당화하는 것은 금물.","'사실'이 물리적인 폭력만큼 아프다는 의미에서 탄생.,온라인 커뮤니티에서 논리적으로 상대를 압도하는 상황을 묘사하며 유래됨.","[낀세대: Caution] [외국인: Danger] 공격성 주의.,[낀세대: Safe] / [외국인: Safe] / [복학생: Safe]","[10-30대] 거침없는 소통을 선호하는 세대.,전 연령대","단호, 공격, 통쾌,냉정함, 단호함, 직설적","인간관계, 리액션,대화 기술, 리액션"
뼈때리다,"뼈맞았다, 뼈때리기 뜻, 뼈아픈 조언","팩폭과 비슷한 맥락으로, 정곡을 찔러 정신이 번쩍 들게 하거나 마음을 아프게 함.","본인이 잊고 싶었던 사실이나 정곡을 찔렸을 때 ""와, 방금 뼈 맞았다""라며 자조적으로 리액션할 때 사용.","""오늘 할 일 내일로 미루지 말라는 글 봤는데... 와, 완전 뼈 때리네.""",실제로 뼈를 때린다는 뜻이 아니므로 외국인에게는 비유적 표현임을 명확히 설명해야 함.,신체에서 가장 아픈 부위인 '뼈'를 직접 타격받은 것 같은 고통(정신적 충격)에 비유.,[낀세대: Safe] [외국인: Caution] 비유적 표현.,[전 연령대] 조언이나 일침을 주고받는 상황.,"비유, 통찰, 리액션","인간관계, 감정"
팩트체크,"팩트체크 밈, 사실 확인, 팩트체크 풍자","주장이나 정보의 사실 여부를 검증하는 행위, 혹은 그 행위 자체를 풍자/유머로 사용하는 것.","루머를 바로잡거나, 혹은 반대로 사소한 것에 집착하는 언론의 태도를 비꼬는 반어적 상황에서 사용.","""나 어제 10시간 잤어. (친구: 팩트체크 들어갑니다. 너 새벽 3시에 카톡 했잖아.)""",핵심과 상관없는 사소한 사실 관계에만 집착하면 '진지충' 소리를 들을 수 있음.,"언론의 팩트체크 코너가 대중화되면서, 이를 일상 대화나 밈의 유래 검증에 적용하며 탄생.",[낀세대: Safe] [외국인: Safe] 지적인 검증 문화.,[전 연령대] 정보의 신뢰성을 중시하는 세대.,"진지, 풍자, 검증","논리, 미디어"
피셜,"~피셜 뜻, 셜 뜻, 내 피셜, 지피셜 유래",'Official'에서 파생되어 '~에 따르면'이라는 출처를 나타내는 접미사적 표현.,"본인의 생각(내 피셜), 지인의 말(지피셜), 부모님의 말(엄마피셜) 등 정보의 출처를 장난스럽게 밝힐 때 사용.","""내 피셜인데, 내일 비 올 것 같아."", ""이건 지피셜인데 걔네 둘이 사귄대.""",'오피셜'과 달리 신뢰도가 낮은 경우가 많으므로 공식적인 보고서 등에는 절대 사용 금지.,"'뇌피셜'의 대유행 이후, 앞 단어만 바꾸면 어디든 붙일 수 있는 편리함 덕분에 확산.",[낀세대: Safe] [외국인: Safe] 유연한 정보 출처 표기.,[10-30대] 가벼운 정보 공유층.,"유머, 강조, 능청","인터넷문화, 신조어"
내로남불,"내로남불 뜻, 이중잣대, 내로남불 유래","""내가 하면 로맨스, 남이 하면 불륜""의 줄임말. 자신에게는 관대하고 남에게는 엄격한 이중잣대를 비판함.",본인도 똑같은 잘못을 저지르면서 남의 잘못만 크게 지적하는 사람을 비판할 때 사용.,"""자기는 지각하면서 나한테만 뭐라 하네. 진짜 내로남불의 정석이다.""","정치적/사회적 비판 시 매우 자주 쓰이므로, 자칫 대화가 과열될 수 있음에 유의.",1990년대 정치권에서 사용되며 유행하기 시작하여 현재는 전 국민이 사용하는 사자성어급 밈이 됨.,[낀세대: Safe] [외국인: Safe] 보편적 비판 용어.,[전 연령대] 이중잣대를 경계하는 모든 세대.,"비판, 냉소, 단호","사회현상, 인간관계"
취존,"취향 존중, 취존 뜻, 개취, 취향입니다 존중해주시죠",취향 존중'의 줄임말. 타인의 독특한 기호나 취미를 비난하지 말고 인정하자는 태도.,"호불호가 갈리는 음식(민초 등)이나 서브컬처 취미를 언급할 때, 다름을 인정받고 싶거나 인정해줄 때 사용.","""난 파인애플 피자 좋아해. 취존 부탁!"", ""네 취향이 그렇다면 취존해줄게.""",상대의 취향이 사회적으로 해롭거나 불법적인 경우까지 '취존'이라는 명목으로 정당화할 수는 없음.,"""취향입니다. 존중해주시죠""라는 문장이 널리 퍼지며, 서로의 다름을 인정하는 문화적 흐름으로 정착.",[낀세대: Safe] [외국인: Safe] 평등하고 민주적인 태도.,[전 연령대] 다양성을 중시하는 모든 세대.,"평등, 존중, 화합","라이프스타일, 가치관"
자낳괴,"자본주의가 낳은 괴물, 자낳괴 뜻, 돈의 노예",돈을 위해 체면이나 상식을 버리고 기이하거나 굴욕적인 행동을 하는 사람을 비꼬거나 자조함.,"후원을 받기 위해 코믹한 벌칙을 수행하는 유튜버를 보거나, 월급을 위해 싫은 일을 참고 하는 본인을 묘사할 때 사용.","""내가 돈 벌자고 이런 춤까지 추다니... 나도 참 자낳괴다."", ""저 BJ 별풍선 받더니 완전 자낳괴 됐네.""","타인에게 무분별하게 사용하면 ""돈만 밝히는 속물""이라는 비하가 될 수 있으므로 주로 자조적으로 사용.",인터넷 방송에서 후원을 유도하기 위해 자극적인 리액션을 하는 모습에서 유래하여 사회 전반으로 확장.,[낀세대: Caution] [외국인: Safe] 자조적 뉘앙스 강함.,[20-40대] 경제 활동을 하는 세대.,"자조, 해학, 냉소","경제, 미디어"
이생망,"이번 생은 망했어, 이생망 뜻, 자조 밈",이번 생은 망했다'의 줄임말. 현실의 벽이 너무 높을 때 쓰는 자조적 표현.,시험을 망쳤거나 집값이 너무 오르는 등 본인의 힘으로 어쩔 수 없는 좌절 상황에서 사용.,"""청약 점수 보니까 이번 생은 망했네. 이생망이다 진짜.""",진심으로 힘들어하는 사람에게 쓰면 무책임해 보일 수 있으니 가벼운 한탄으로만 쓸 것.,2010년대 중반 헬조선 담론과 함께 등장하여 현재까지 스테디셀러로 정착.,[낀세대: Safe] [외국인: Safe] 보편적 자조.,[20-30대] 현실의 벽을 느끼는 청년층.,"자조, 한탄, 해학","사회현상, 인생관"
할말하않,"할말하않 뜻, 말 아끼기, 답답할 때",할 말은 많지만 하지 않겠다'의 줄임말. 너무 어이가 없거나 화가 나서 말을 아끼는 상태.,상대의 행동이 너무 비상식적이라 논쟁할 가치조차 느끼지 못할 때 침묵 대신 사용.,"""팀장님 오늘 진짜... 하, 할말하않.""",상대 면전에서 쓰면 강한 거부의 표현이 되므로 무례해 보일 수 있음에 유의.,방송 자막 등에서 속마음을 숨기는 연출로 쓰이며 대중화됨.,[낀세대: Safe] [외국인: Safe] 감정 억제 표현.,[전 연령대] 소통의 피로감을 느끼는 층.,"침묵, 답답, 냉소","인간관계, 리액션"
케바케,"Case by Case, 케바케 뜻, 상황마다 다름",Case by Case(사례마다 다름)'의 줄임말. 정해진 답 없이 상황에 따라 결과가 달라짐을 뜻함.,"질문에 대해 명확한 답을 주기 어려울 때 ""그건 케바케야""라며 유연하게 답변할 때 사용.","""이 옷 사이즈 정사이즈야? (친구: 그건 케바케라 입어봐야 해.)""",너무 남발하면 우유부단하거나 책임을 회피하는 인상을 줄 수 있음.,영어 표현 'Case by Case'를 한국식 줄임말로 정착시킨 사례.,[낀세대: Safe] [외국인: Safe] 일상적 관용어.,[전 연령대] 모든 상황.,"중립, 객관, 유연","일상, 논리"
점바점,"점포바점포, 점바점 뜻, 지점별 차이",'점포 by 점포'. 같은 프랜차이즈라도 지점마다 맛과 서비스 품질이 다른 현상.,"맛집 추천 시 ""거긴 점바점이 심해""라고 조언하거나 특정 지점의 퀄리티를 칭찬/비판할 때 사용.","""이 브랜드 치킨은 점바점이 너무 심해서 우리 동네 지점만 먹어.""",특정 지점을 근거 없이 비방하는 용도로 쓰이지 않도록 주의.,'케바케'의 형식을 빌려 프랜차이즈 시장의 현실을 풍자하며 탄생.,[낀세대: Safe] [외국인: Safe] 실용적 경험 공유.,[전 연령대] 소비자층.,"정보공유, 분석","소비, 음식"
부바부,"부서바부서, 부바부 뜻, 직장인 신조어",'부서 by 부서'. 같은 회사라도 부서나 팀에 따라 업무 강도와 문화가 천차만별인 현상.,이직 준비생에게 회사 분위기를 설명하거나 본인 부서의 고충을 토로할 때 사용.,"""우리 회사가 복지는 좋은데 야근은 부바부야. 우리 팀은 좀 심해.""","회사 전체를 일반화하려는 사람에게 ""그건 부바부야""라고 반박하는 용도로 유용함.","직장 내 다양성을 강조하며 '점바점', '사바사'에서 파생된 직장인 필수 용어.",[낀세대: Safe] [외국인: Safe] 직장 생활 상식.,[20-40대] 직장인.,"객관, 정보공유",직장생활
폭룡적,"폭룡적이다 뜻, 압도적, 트위터 밈","압도적, 대단하다, 미쳤다'는 뜻의 강렬한 긍정 감탄사.","외모가 너무 훌륭하거나 무대 퍼포먼스가 굉장할 때, 혹은 맛이 끝내줄 때 극찬의 의미로 사용.","""오늘 너 코디 진짜 폭룡적이다. 너무 멋있어!"", ""이 떡볶이 맛이 폭룡적이네.""",'폭발적'이라는 단어보다 훨씬 자극적이고 강한 뉘앙스이므로 격식 있는 자리에선 피할 것.,트위터 유저의 닉네임 혹은 '폭발적+용'의 결합 이미지에서 유래한 고텐션 유행어.,[낀세대: Safe] [외국인: Safe] [복학생: Caution] 과한 텐션 주의.,[10-20대] 숏폼 및 SNS 활성 유저.,"감탄, 열정, 극찬","리액션, SNS"
행집욕부,"행복에 집중 욕심 부리지 말자, 행집욕부 유래, 사자셍어",행복에 집중하고 욕심 부리지 말자'는 뜻의 긍정 확언 밈.,"불안하거나 지칠 때 마음을 다스리는 주문처럼 쓰며, 소소한 일상에 만족하려는 태도를 보일 때 사용.","""오늘도 맛있는 거 먹고 행집욕부 하자! 화이팅!""",진지한 야망이 필요한 상황에서 쓰면 의욕 없는 사람처럼 보일 수 있음.,크리에이터 '셍이'의 긍정 메시지가 숏폼 릴스를 통해 '사자셍어'로 유행하며 정착.,[낀세대: Safe] [외국인: Safe] 무해하고 긍정적임.,[전 연령대] 갓생을 꿈꾸는 힐링 지향층.,"따뜻, 긍정, 위로","라이프스타일, 심리"
부생긍말,"부정적인 생각 금지 긍정적으로 말하기, 부생긍말 뜻","부정적인 생각 금지, 긍정적으로 말하기'의 줄임말. 언어와 생각의 힘을 긍정적으로 바꾸자는 밈.","비관적인 친구를 다독이거나 본인이 투덜대고 싶을 때 ""부생긍말!""이라며 분위기를 환기할 때 사용.","""힘들다 말하면 더 힘드니까 부생긍말 하기로 했어.""","'행집욕부'와 세트로 사용되며, Z세대의 새로운 마음 챙김 문화로 자리 잡음.",크리에이터 '셍이'의 긍정 확언 시리즈 중 하나.,[낀세대: Safe] [외국인: Safe] 건전한 소통 문화.,[10-30대] 자기계발 및 마음 관리층.,"긍정, 활기, 다짐","라이프스타일, 심리"
짜않투않,"짜증 내지 않기 투덜대지 않기, 짜않투않 뜻","짜증 내지 않기, 투덜대지 않기'의 줄임말. 힘든 상황을 긍정적으로 버텨내자는 다짐.",일이 꼬이거나 짜증 나는 상황에서 스스로 멘탈을 관리하기 위해 외치는 주문.,"""월요일 아침이지만 짜않투않! 웃으면서 시작하자.""","'행집욕부'와 함께 쓰이며, 고난을 유머러스하게 극복하려는 태도를 상징함.",크리에이터 '셍이'의 '사자셍어' 시리즈 중 하나.,[낀세대: Safe] [외국인: Safe] [복학생: Safe] 멘탈 관리용.,[10-30대] 긍정적 태도를 중시하는 세대.,"다짐, 위로, 인내","라이프스타일, 심리"
행사일자,"행집욕부 친구, 행사일자 뜻",'행복은 사소한 일에 자부심을 느끼는 것' 등의 변형으로 쓰이는 긍정 밈. (맥락에 따라 변형 가능),"소소한 성취(청소, 운동 등)에 큰 기쁨을 느끼며 스스로를 칭찬할 때 사용.","""오늘 방 청소 싹 했어. 행사일자 실천 중!""",사자성어 형식을 빌린 밈이므로 실제 고사성어와 혼동하지 않도록 유의.,"'사자셍어' 시리즈의 확장형으로, 소소한 행복의 가치를 강조하며 등장.",[낀세대: Safe] [외국인: Safe] 자존감 향상 표현.,[10-20대] 소확행 실천 세대.,"뿌듯, 긍정, 위트","라이프스타일, 심리"
느좋,"느낌 좋다 줄임말, 느좋 뜻, 감성 밈",느낌 좋다'의 줄임말. 분위기나 감성이 본인의 취향에 딱 맞을 때 사용.,"카페 인테리어, 사진 보정 느낌, 새로 산 옷의 핏 등이 마음에 들 때 짧게 감탄하며 사용.","""여기 카페 인테리어 완전 느좋이다. 내 스타일임.""",너무 성의 없어 보일 수 있으므로 진지한 감상평보다는 가벼운 추임새로 권장.,"인스타그램, 핀터레스트 등 시각적 감성을 중시하는 플랫폼에서 짧게 댓글을 달며 유행.",[낀세대: Safe] [외국인: Safe] 트렌디한 감각.,[10-20대] 감성 중시층.,"세련, 간결, 감탄","SNS, 디자인"
육각형인간,"육각형인간 뜻, 팔방미인, 완벽한 사람, 육각형 아이돌","외모, 학력, 자산, 성격 등 모든 조건이 완벽한 이상적인 사람.",능력치 그래프가 꽉 찬 정육각형인 연예인이나 주변의 엄친아/엄친딸을 부러워하며 지칭.,"""우리 오빠는 춤, 노래에 인성까지 갓벽해. 진짜 육각형 아이돌이야.""","완벽주의를 강요하는 사회적 압박으로 느껴질 수 있으므로, 비현실적인 선망의 대상에게 주로 사용.",능력치를 시각화하는 헥사곤 그래프에서 유래하여 사회적 완벽주의를 상징하는 용어로 정착.,[낀세대: Safe] [외국인: Safe] 최고의 찬사.,[전 연령대] 선망의 대상이 있는 모든 세대.,"선망, 감탄, 분석","인물, 가치관"
홈프로텍터,"홈 프로텍터 뜻, 자택경비원, 백수 밈",직업 없이 집에만 있는 무직자(백수)를 유머러스하게 지키는 '집 수호자'.,"본인의 무직 상태를 민망해하지 않고 ""나는 우리 집을 지키는 홈프로텍터야""라며 농담할 때 사용.","""직업이 뭐냐고요? 현재는 소중한 저희 집 홈프로텍터로 활동 중입니다.""",부모님께 등골 브레이커 소리를 들을 때 쓰면 화를 돋울 수 있으니 친구들 사이에서만 쓸 것.,"일본의 '자택경비원' 밈에서 유래하여, 한국 청년들의 취업난을 해학적으로 승화하며 탄생.",[낀세대: Safe] [외국인: Safe] 자조적 유머.,[20-30대] 구직자 및 휴학생.,"자조, 해학, 당당","라이프스타일, 사회현상"
와비사비,"[완전최신밈], [완전최신신조어], 와비사비 뜻, 불완전함의 미학, 낡은 것의 아름다움",불완전하고 소박한 것에서 아름다움을 찾는 태도. 완벽하지 않은 '나'를 긍정하는 라이프스타일.,"SNS에 보정 없는 사진, 흉터, 낡은 애착 물건 등을 올리며 '완벽하지 않아도 괜찮다'는 메시지를 전할 때 사용.","""오늘 내 방 진짜 와비사비 그 자체네. 어질러져 있어도 정겹고 좋아.""","단순히 '지저분함'을 합리화하기보다, 그 안에서 느껴지는 본질적인 가치와 고요함을 강조해야 밈의 맛이 삶.",일본 전통 미학 '와비(단순함)'와 '사비(오래됨)'에서 유래하여 글로벌 SNS 긍정 트렌드로 확산.,[낀세대: Safe] [외국인: Safe] 매우 철학적이고 긍정적임.,[20-40대] 마음 챙김과 본질을 중시하는 세대.,"평온, 긍정, 깊이","라이프스타일, 가치관"
그래놀라걸코어,"[완전최신밈], [완전최신신조어], 그래놀라걸 뜻, 하이킹 패션, 내추럴 룩",자연 친화적이고 건강한 라이프스타일을 추구하는 '그래놀라를 먹을 것 같은' 여성의 패션 스타일.,"플리스 자켓, 바람막이 등 편안한 아웃도어 룩을 입고 산책이나 캠핑을 즐기는 모습을 공유할 때 사용.","""오늘 완전 그래놀라걸 코어로 입고 등산 다녀왔어. 건강해지는 기분!""","'고프코어'가 패션의 힙함에 집중한다면, '그래놀라걸'은 건강한 삶의 태도가 더 강조되어야 함.",해외 틱톡커들의 플리스 자켓 영상이 '의외의 섹시함'으로 한국에서 화제가 되며 트렌드화.,[낀세대: Safe] [외국인: Safe] 건강하고 활동적임.,[10-30대] 아웃도어와 자기관리를 즐기는 여성층.,"내추럴, 활기, 실용","패션, 라이프스타일"
밤비코어,"[완전최신밈], [완전최신신조어], 밤비코어 뜻, 아이브 레이 사슴, 사슴 패턴 유행",디즈니 사슴 '밤비'처럼 사랑스럽고 순수한 느낌을 주는 패션 스타일. 사슴 무늬(디어 프린트)가 핵심.,"브라운 톤의 퍼(fur) 자켓, 사슴 패턴 네일, 부드러운 소재의 아이템을 착용했을 때 사용.","""오늘 네일 밤비코어 느낌으로 해봤는데 너무 귀엽지 않아?"", ""사슴 무늬 가방 완전 밤비코어다!""",사슴 무늬가 과하면 자칫 '사냥꾼'이나 '올드한 모피' 느낌이 날 수 있으니 귀여운 디테일을 살리는 게 포인트.,해외 틱톡 'Deer Print' 유행이 아이돌 아이브(IVE) 레이의 착장을 기점으로 국내에서 대유행.,[낀세대: Safe] [외국인: Safe] 사랑스럽고 무해함.,[10-20대] 트렌디한 패션과 아이돌 팬덤.,"귀여움, 순수, 힙함","패션, 신조어"
식스세븐(67),"[완전최신밈], [완전최신신조어], 식스세븐 뜻, 67 밈 유래, 저글링 제스처",영미권 알파세대 사이에서 유행하는 아무 맥락 없이 던지는 유쾌한 감탄사.,"질문에 대해 엉뚱하게 ""식스세븐!""이라고 답하거나, 저글링 제스처를 하며 분위기를 띄울 때 사용.","""목적지까지 얼마나 걸려? (저글링하며) 식스세븐!"", ""오늘 기분 어때? 식스세븐!""",논리적인 대화가 필요한 상황에서 쓰면 '스키비디 토일렛'급의 당혹감을 줄 수 있으니 장난칠 때만 쓸 것.,래퍼 스크릴라의 곡과 NBA 선수 라멜로 볼의 영상이 결합된 저글링 챌린지에서 유래한 알파세대 밈.,[낀세대: Danger] [외국인: Safe] 혼란스러움 주의.,[~10대 초반] 글로벌 알파세대 및 틱톡 유저.,"엉뚱, 유쾌, 혼란","SNS, 하위문화"
털동생,"[완전최신밈], [완전최신신조어], 털동생 뜻, 털가족, 반려동물 밈",반려동물을 단순한 동물이 아닌 '털이 난 내 동생'으로 부르며 가족처럼 여기는 표현.,강아지나 고양이와 산책하거나 같이 노는 사진을 올리며 애정을 듬뿍 담아 소개할 때 사용.,"""우리 집 털동생 오늘 미용하고 왔는데 너무 갓벽해!"", ""털가족들과 함께하는 행복한 주말.""","동물을 싫어하는 사람 앞에서는 공감을 얻기 어려울 수 있으나, 반려인들 사이에서는 최고의 친근함 표시.",반려동물을 가족으로 여기는 '펫팸족' 문화가 확산되면서 SNS를 중심으로 정착된 귀여운 표현.,[낀세대: Safe] [외국인: Safe] 무해하고 따뜻함.,[전 연령대] 반려동물을 키우는 모든 사람.,"애정, 친근, 따뜻","라이프스타일, 동물"
화가 머리 끝까지 났어,"[완전최신밈], [완전최신신조어], 화 160cm, 화 170cm 뜻, 화가 머리끝까지 밈","""화가 머리끝까지 났다""는 말을 '화'라는 존재의 키(Height)로 치환하여 분노의 정도를 수치화하는 밈.","분노가 극에 달한 상황을 심각하게 전달하기보다, 상대방과 재치 있게 수치 대결을 하며 분위기를 풀 때 사용.","""나 지금 화가 머리끝까지 났어!"", ""(답글) 화: 165cm""",상대방이 진심으로 분노해 위로가 필요한 상황에서 눈치 없이 숫자를 던지면 싸움이 날 수 있음.,X(구 트위터)에서 '머리끝까지'라는 표현을 키와 연결해 '화'의 신장을 측정하며 시작됨.,[낀세대: Safe] [외국인: Caution] 중의적 표현 주의.,[10-30대] SNS 활성 유저.,"위트, 능청, 해학","리액션, SNS"
"꾸몃고, 입체임","[완전최신밈], [완전최신신조어], 꾸몄고 입체임 뜻, 풀메 밈, 입체임 유래",화장을 공들여 하고 옷을 잘 차려입은 '풀 세팅' 상태를 장난스럽게 표현하는 말.,평소와 다른 화려한 모습이나 입체적인 메이크업(쉐딩 등)이 잘 된 사진을 SNS에 올릴 때 제목으로 사용.,"""(잘 꾸민 셀카와 함께) 오늘 나... 꾸몃고, 입체임.""",'꾸몄고'를 '꾸몃고'로 적는 특유의 말투가 포인트이므로 맞춤법을 지나치게 따지는 자리에선 지양.,잘 꾸민 자신의 모습을 3차원(입체)으로 강조하고 싶은 심리를 귀여운 말투로 표현하며 정착.,[낀세대: Safe] [외국인: Safe] 무해한 자기과시.,[10-20대] 뷰티 및 패션 관심층.,"자신감, 귀여움","패션, SNS"
와 이걸 해준다고?,"[완전최신밈], [완전최신신조어], 실리카겔 밈, 노페인 밈, 이걸 해준다고 뜻","예상치 못한 큰 호의나 보상, 혹은 간절히 원하던 결과물을 얻었을 때 내뱉는 감탄사.","콘서트에서 최애곡이 나올 때는 물론, 브랜드의 파격적인 혜택이나 친구의 깜짝 선물을 받았을 때 사용.","""신제품 1+1에 50% 할인까지? 와 이걸 해준다고?"", ""시험 전 범위를 요약해줬어? 이걸 해준다고?""",상대가 당연히 해야 할 일을 했을 때 쓰면 오히려 비꼬는 것처럼 들릴 수 있으니 주의.,밴드 실리카겔 콘서트에서 'No Pain' 전주가 나오자 한 관객이 감격해 외친 소리가 SNS에서 화제가 됨.,[낀세대: Safe] [외국인: Safe] 긍정적 놀람.,[전 연령대] 공연 문화 및 혜택 중시층.,"감탄, 들뜸, 환희","리액션, 마케팅"
어화둥둥체,"[완전최신밈], [완전최신신조어], 챗GPT 말투, 갸륵체, 과한 칭찬 밈",사소한 행동에도 과하게 의미를 부여하며 찬사를 보내는 챗GPT 특유의 말투.,친구가 당연한 일을 했을 때 비꼬는 듯하면서도 장난스럽게 극찬하여 유머러스한 상황을 연출할 때 사용.,"""너 오늘 쓰레기 분리수거했어? 그건 단순한 청소가 아니야. 지구의 미래를 생각하는 너의 숭고한 정신이 느껴져.""",상대방이 진지하게 고민 상담을 할 때 사용하면 장난치는 것으로 오해받아 화를 돋울 수 있음.,챗GPT의 공손하고 긍정적인 답변 방식이 '과하다'는 인상을 주면서 SNS에서 놀이 문화로 정착.,[낀세대: Safe] [외국인: Safe] 지적인 유머.,[20-30대] AI 활용 빈도가 높은 세대.,"가식, 칭찬, 능청","AI, 리액션"
밤샤 / 아샤,"[완전최신밈], [완전최신신조어], 아침샤워 밤샤워 줄임말, 샤워 논쟁",밤에 하는 샤워(밤샤)'와 '아침에 하는 샤워(아샤)'의 줄임말.,"여행 시 샤워 순서를 정하거나, 개인의 생활 습관을 공유하며 논쟁(어느 쪽이 더 건강에 좋은가 등)할 때 사용.","""나는 무조건 아샤파야. 아침에 씻어야 잠이 깨거든."", ""여름엔 아샤 밤샤 둘 다 해야 됨.""",공식적인 자리나 비즈니스 미팅에서 청결 상태를 언급하며 쓰기엔 너무 사적인 용어임.,2010년대 후반부터 온라인 커뮤니티에서 샤워 시간대 논쟁이 벌어지며 정착된 스테디 밈.,[낀세대: Safe] [외국인: Safe] 일상적 소통.,[전 연령대] 생활 습관을 공유하는 모든 층.,"일상, 중립, 실용",라이프스타일
왼얼사 / 오얼사,"[완전최신밈], [완전최신신조어], 왼쪽 얼굴 사수, 오얼사 뜻, 사진 잘 나오는 각도",사진이나 영상을 찍을 때 더 예쁘게 나오는 '왼쪽/오른쪽 얼굴을 사수'한다는 뜻.,"단체 사진을 찍을 때 본인이 선호하는 위치를 선정하거나, 본인의 '사진빨' 잘 받는 각도를 설명할 때 사용.","""나 오얼사니까 너가 내 왼쪽에 서줄래?"", ""오늘 사진 잘 나왔네? 역시 난 왼얼사야.""",얼굴의 비대칭을 너무 강조하며 예민하게 굴면 피곤한 사람처럼 보일 수 있으니 장난스럽게 활용 권장.,셀카와 SNS 인증샷 문화가 발달하며 각자 선호하는 '얼굴 각도'를 지칭하는 용어로 탄생.,[낀세대: Safe] [외국인: Safe] 외모 관리 꿀팁.,[10-30대] 사진 촬영과 SNS를 즐기는 층.,"당당, 관리, 패션","패션, 뷰티"
유혜주 남편 됨,"[완전최신밈], [완전최신신조어], 유혜주 남편 밈, 주접 밈, 캡쳐하느라 못 들었어",상대방이 너무 예쁘거나 멋져서 할 말을 잊고 정신없이 사진(캡쳐)만 찍는 극강의 주접 상태.,"연인이나 좋아하는 아이돌 사진을 보고 감탄할 때, 혹은 친구의 미모를 과하게 칭찬하고 싶을 때 사용.","""와 오늘 너 사진 뭐야? 나 방금 유혜주 남편 됐잖아. 캡쳐하느라 네 말 하나도 못 들음.""","상대방에 대한 과한 애정 표현이므로, 전혀 호감이 없는 관계에서 쓰면 부담스러울 수 있음.",인플루언서 유혜주의 남편이 과거 연애 시절 보여준 '사랑꾼' 에피소드가 인스타그램에서 화제가 되며 유래.,[낀세대: Safe] [외국인: Caution] 에피소드 이해 필요.,[10-30대] 주접 밈을 즐기는 팬덤 및 커플.,"사랑꾼, 주접, 감탄","팬덤, 인간관계"
실수로 너무 많이 먹었어요,"[완전최신밈], [완전최신신조어], 앤팀 니콜라스 밈, 실수로 많이 먹음 유래",어쩔 수 없이(?) 과식해버린 상황을 귀엽고 무해하게 변명할 때 쓰는 말.,"다이어트 중에 폭식했거나, 맛있는 음식 앞에서 의지가 무너진 본인의 모습을 SNS에 올릴 때 사용.","""(배부른 강아지 사진과 함께) 미안해... 실수로 너무 많이 먹었어요.""",정말 심각한 거식/폭식증 등의 질환과 연결하기보다 가벼운 식사 해프닝에 사용하는 것이 적절함.,아이돌 그룹 &TEAM(앤팀)의 니콜라스가 팬들에게 보낸 메시지를 한 팬이 반려견 사진에 입히며 밈으로 확산.,[낀세대: Safe] [외국인: Safe] 귀여운 자조.,[10-20대] 아이돌 팬덤 및 귀여운 짤 선호층.,"귀여움, 자조, 능청","음식, 일상"
묵찌빠,"묵찌빠 전공 뜻, 최재림 묵찌빠, 오페라 리타 밈, 묵찌빠 유학","오페라의 진지한 창법으로 ""난 대학 시절 묵찌빠를 전공했단 사실""과 같은 황당한 가사를 노래하는 밈. 고전 예술과 유치한 놀이의 부조화가 핵심입니다.","무언가 사소하거나 엉뚱한 일에 대해 자신이 전문가임을 허세 섞어 자랑하고 싶을 때, 혹은 황당한 상황을 유머러스하게 승화시킬 때 사용합니다.","""나 어제 5시간 동안 누워서 폰만 봤는데, 거의 '침대 누워 있기' 전공했단 사아실~"" / ""내 친구는 탕후루 맛집 찾기로 유학까지 다녀왔단 사실!""",진지한 전공이나 경력을 묻는 공식적인 자리에서 사용하면 상대방이 장난으로 받아들여 불이익을 얻을 수 있으니 주의해야 함.,"오페라 <리타> 한국 공연 중 배우 최재림, 이경수의 열연 영상이 SNS에서 화제가 되고, 엔믹스 해원 등 연예인들이 패러디하며 확산됨.",[낀세대: Safe] / [외국인: Safe] / [복학생: Safe],10대 ~ 30대,"위트, 황당함, 웅장함","리액션, 유머"
옴브리뉴댄스,"옴브리뉴 뜻, 브라질 춤, 어깨 춤 챌린지","브라질에서 유래한 춤으로, 어깨를 위아래로 으쓱거리며 리드미컬하게 움직이는 동작이 특징인 챌린지.","힙한 노래에 맞춰 특유의 여유로운 분위기를 연출하거나, 어깨 근육을 자랑하며 춤을 출 때 사용함.","""옴브리뉴 이거 보기엔 쉬워 보이는데 어깨 털기 진짜 힘들다. 근데 힙하네!""","단순히 어깨를 들썩이는 것보다 발동작과 상체의 리듬감이 중요하므로, 뻣뻣하게 추면 밈의 맛이 안 삶.",브라질의 댄스 문화가 'Ombrinho'라는 이름으로 틱톡을 통해 전 세계적 유행이 됨.,[낀세대: Safe] / [외국인: Safe] / [복학생: Safe],10대 ~ 20대,"힙함, 여유로움, 에너제틱","챌린지, 댄스"
포켓몬댄스,"포켓몬 챌린지, 푸린 댄스, 고라파덕 춤","포켓몬스터 캐릭터들의 특징적인 동작을 형상화하거나, 귀여운 포켓몬 음악에 맞춰 추는 간단한 안무.","귀여운 매력을 발산하고 싶을 때나, 캐릭터 코스튬을 입고 숏폼 영상을 찍을 때 주로 사용함.","""어제 조카랑 포켓몬댄스 췄는데 너무 귀엽더라. 역시 갓켓몬이다.""",포켓몬의 특징을 살리지 않은 무분별한 춤은 그냥 일반 댄스로 취급되어 밈으로서의 가치가 떨어짐.,포켓몬 IP의 대중적인 인기와 중독성 있는 팬메이드 리믹스 음원이 결합하여 탄생.,[낀세대: Safe] / [외국인: Safe] / [복학생: Safe],전 연령대,"귀여움, 발랄함, 친근함","챌린지, 캐릭터"
야레야레못말리는아가씨,"야레야레 뜻, 집사 카페 밈, 다나카 집사","""이런이런(야레야레), 정말 못말리는 아가씨군요""라는 대사와 함께 집사 컨셉으로 추는 코믹한 댄스.","상대방의 엉뚱한 행동을 집사처럼 우아하게(?) 지적하거나, 과장된 상황극을 할 때 유머러스하게 사용함.","""또 점심 건너뛰었나요? 야레야레... 정말 못말리는 아가씨군요. 어서 드세요.""",일본어 서브컬처 말투에 거부감이 있는 자리에서 쓰면 '오타쿠' 취급을 받을 수 있으니 친한 사이에서만 쓸 것.,개그맨 김경욱(나몰라패밀리)의 'ASMR 집사' 컨셉 영상이 숏폼에서 폭발적인 반응을 얻으며 유래.,[낀세대:Caution] / [외국인: Caution] / [복학생: Safe],10대 ~ 30대,"유머러스, 과장됨, 오글거림","상황극, 유머"
움파룸파 챌린지,"움파룸파 챌린지, 웡카 댄스, 움파룸파 노래",영화 <웡카> 속 움파룸파 캐릭터의 노래와 독특한 춤 동작을 따라 하는 챌린지.,묘하게 중독적인 리듬에 맞춰 우스꽝스러우면서도 절도 있는 동작을 보여주고 싶을 때 사용함.,"""나 오늘 하루 종일 머릿속에 '움파룸파 둠파디두' 노래만 맴돌아. 수능 금지곡 급임.""",너무 진지하고 멋있게만 추면 원작 캐릭터 특유의 엉뚱하고 유머러스한 느낌이 살지 않음.,영화 <웡카> 개봉 이후 휴 그랜트의 움파룸파 연기가 SNS에서 밈화되며 챌린지로 안착.,[낀세대: Safe] / [외국인: Safe] / [복학생: Safe],10대 ~ 30대,"중독적, 유머러스, 기발함","챌린지, 영화"
외모췤,"외모췤 뜻, 외모 체크 밈, 거울 셀카",거울을 보거나 카메라를 켜고 자신의 외모를 점검하는 동작을 '외모 체크'라고 부르며 인증하는 밈.,"외출 전 완벽한 스타일링을 자랑하거나, 반대로 엉망인 상태를 유머러스하게 보여줄 때 사용함.","""오늘 코디 완전 맘에 들어. 외모췤 완료! 이제 나가보자고.""",자신의 외모에 너무 심취한 것처럼 보이면 '자뻑'으로 오해받을 수 있으니 가벼운 톤 유지가 중요함.,힙합 음악의 추임새나 댄서들의 제스처에서 유래하여 거울 셀카 문화와 결합됨.,[낀세대: Safe] / [외국인: Safe] / [복학생: Safe],10대 ~ 20대,"당당함, 트렌디, 자기만족","일상, 인증"
아파트(APT.),"로제 아파트 뜻, 아파트 게임 밈, APT 챌린지","블랙핑크 로제와 브루노 마스의 협업곡 'APT.'의 인기와 함께, 한국의 술자리 게임 '아파트'가 전 세계적으로 유행한 현상.","술자리에서 게임을 시작할 때나, 노래의 중독성 있는 후렴구를 따라 부르며 신나는 분위기를 연출할 때 사용함.","""어제 외국 친구들이랑 아파트 게임 했는데 다들 로제 노래 부르면서 하더라. 국뽕 차오름!""",노래 제목만 언급하는 것이 아니라 술자리 게임 '아파트'의 룰을 모르면 밈의 재미를 온전히 즐기기 어려움.,한국의 전통적인(?) 술자리 게임 '아파트'를 소재로 로제가 곡을 만들면서 글로벌 밈이 됨.,[낀세대: Safe] / [외국인: Safe] / [복학생: Safe],전 연령대,"신남, 글로벌, 힙함","노래, 놀이 문화"
팜호초,"뉴진스 팜하니 뜻, 하니 단발, 푸른 산호초",뉴진스 멤버 하니가 일본 공연에서 '푸른 산호초'를 불러 화제가 된 사건을 '팜하니 + 푸른 산호초'로 줄여 부르는 말.,"80년대 청량한 감성이나 단발머리 스타일, 혹은 하니의 역대급 무대 매너를 찬양할 때 사용함.","""이번 하니 무대 보고 팜호초에 입덕함... 그 시절 청량함 그잡채다.""",원곡 가수인 마츠다 세이코에 대한 존중 없이 단순히 '하니 노래'로만 치부하면 음악 팬들의 지적을 받을 수 있음.,뉴진스 도쿄돔 팬미팅에서 하니가 선보인 80년대 일본 전설적 아이돌 노래 커버 무대에서 유래.,[낀세대: Safe] / [외국인: Safe] / [복학생: Safe],전 연령대,"청량함, 감동적, 향수","무대, 팬덤"
맞다이로들어와,"민희진 기자회견, 맞다이 뜻, 정면승부","민희진 대표의 기자회견 중 ""맞다이로 들어와""라는 발언이 화제가 되어, 피하지 않고 정면으로 승부하겠다는 뜻으로 쓰이는 밈.","억울한 상황에서 당당하게 맞서거나, 경쟁자에게 자신 있게 도전장을 내밀 때 강한 어조로 사용함.","""준비는 끝났다. 억울하면 숨어서 말하지 말고 맞다이로 들어와!""","실제 폭력적인 상황을 조장하는 것처럼 들릴 수 있으므로, 비유적인 '정면 승부' 맥락에서만 사용할 것.",어도어 민희진 대표의 경영권 분쟁 관련 기자회견 중 파격적이고 솔직한 발언들이 밈화됨.,[낀세대: Caution] / [외국인: Caution] / [복학생: Safe],20대 ~ 40대,"단호함, 직설적, 카리스마","사회 현상, 리액션"
반전어둠챌린지,"반전 챌린지 뜻, 어둠 필터, 흑화 밈",밝은 곳에서의 평범한 모습과 어두운 조명 아래서의 강렬하거나 섹시한 모습이 반전되는 영상 챌린지.,"자신의 반전 매력을 보여주고 싶거나, 조명과 편집 기술을 이용해 세련된 영상을 연출하고 싶을 때 사용함.","""반전어둠챌린지 찍어봤는데 나 생각보다 섹시 컨셉 잘 어울리는 듯?""","조명이 너무 어두워 아무것도 보이지 않거나, 반전의 효과가 미미하면 '실패'한 챌린지가 됨.",틱톡과 릴스의 편집 효과와 특정 배경음악이 결합하여 '반전 매력'을 강조하는 트렌드로 정착.,[낀세대: Safe] / [외국인: Safe] / [복학생: Safe],10대 ~ 20대,"신비로움, 반전, 힙함","챌린지, 영상 편집"
HAPPY차노을,"차노을 해피, 긍정 랩, 초등학생 래퍼",초등학생 차노을 군의 긍정적인 가사와 밝은 에너지가 담긴 랩 영상. 듣기만 해도 기분이 좋아지는 긍정 밈.,"우울하거나 힘든 상황에서 기분 전환이 필요할 때, 혹은 순수한 긍정의 힘을 전하고 싶을 때 사용함.","""오늘 아침 기분은 완전 HAPPY차노을! 세상이 다 아름다워 보여.""","억지로 밝은 척을 강요하거나, 진지한 슬픔을 겪는 사람에게 이 밈을 던지면 눈치 없다는 소리를 들음.",초등학생 래퍼 차노을의 'HAPPY' 영상이 SNS에서 폭발적인 조회수를 기록하며 전 국민적 힐링 밈이 됨.,[낀세대: Safe] / [외국인: Safe] / [복학생: Safe],전 연령대,"긍정적, 힐링, 활기참","챌린지, 긍정"
RATDANCE,"쥐 춤 뜻, 틱톡 쥐 춤, 라따뚜이 댄스",쥐 캐릭터가 리듬에 맞춰 춤을 추는 영상이나 그 동작. 중독성 있는 음악과 함께 유행하는 챌린지.,"멍하게 리듬을 타거나, 아무 생각 없이 즐겁고 싶을 때 숏폼 영상 댓글이나 리액션으로 사용함.","""공부하다 지쳐서 RAT DANCE 추는 중. 뇌 빼고 보기에 딱이다.""",진지한 댄스 실력을 평가하는 자리에서 이 춤을 추면 장난스러움이 과해 보일 수 있음.,해외 틱톡에서 시작된 쥐 캐릭터 애니메이션 댄스가 국내 숏폼 유저들에게 전파됨.,[낀세대: Safe] / [외국인: Safe] / [복학생: Safe],10대 ~ 20대,"중독적, 유머러스, 멍함","챌린지, 댄스"
퉁퉁퉁 사후르,"퉁퉁퉁 사후르 뜻, 이탈리안 브레인로트, AI 기괴한 밈, 퉁퉁 사후르 최강자, 트랄라레오 트랄랄라","AI로 만든 기괴한 캐릭터와 함께 ""퉁퉁퉁, 사후르""라는 중독성 있는 소리가 반복되는 '브레인로트(Brainrot)' 밈. 의미보다는 뇌가 녹는 듯한 허무함과 자극이 핵심임.",무논리적이고 병맛 넘치는 영상을 멍하니 보며 '뇌를 비우고 싶을 때' 혹은 기괴한 AI 영상의 중독성을 표현할 때 사용함.,"""요즘 유튜브 알고리즘에 퉁퉁퉁 사후르만 떠서 뇌 녹을 것 같아... 근데 계속 보게 됨.""","종교적 용어인 '사후르(새벽 식사)'가 포함되어 있으므로, 관련 문화를 희화화하는 것으로 보이지 않게 상황과 장소를 가려 사용하는 매너가 필요함.",인도네시아에서 시작된 AI 사물 합성 밈이 '이탈리안 브레인로트' 세계관과 결합하여 전 세계적으로 확산됨.,[낀세대: Safe] / [외국인: Caution] / [복학생: Safe],10대 ~ 20대,"병맛, 중독적, 허무함","브레인로트, AI 밈"
나니가스키,"나니가스키 뜻, 나니가스키 초코민또, 러브라이브 밈, 민트초코 고백","""무엇을 좋아해?(나니가스키?)""라는 질문에 ""민트초코보다 너를 더 좋아해""라고 답하며 애정을 표현하는 귀엽고 설레는 고백 밈.","최애 아이돌이나 연인에게 귀엽게 고백하거나, 자신의 취향을 숏폼 영상(틱톡, 릴스)으로 인증하며 팬들과 소통할 때 사용함.","""나니가스키? 초코민또 요리모 아나타! (민초보다 네가 더 좋아!)""","질문 없이 대뜸 답만 하거나, 너무 진지한 분위기에서 쓰면 오글거림을 유발할 수 있으니 챌린지 특유의 가벼운 톤을 유지할 것.",애니메이션 <러브라이브! 슈퍼스타!!>의 유닛 'AiScReam' 노래 가사에서 유래하여 틱톡 챌린지로 대중화됨.,[낀세대: Safe] / [외국인: Safe] / [복학생: Safe],10대 ~ 20대,"설렘, 귀여움, 풋풋함","챌린지, 고백 밈"
고능하다,"고능하다 뜻, 지능 높다, 갓생 살기","저능하다'의 반대 개념으로, 지능이 높거나 판단력이 뛰어나고 세련되게 행동하는 상태를 칭찬하는 말.","똑똑한 해결책을 내놓거나, 효율적으로 일을 처리했을 때 ""진짜 고능해 보인다""라며 극찬함.","""문제를 한 번에 해결하다니, 너 오늘 좀 고능해 보이는데?""","단순히 공부를 잘하는 것을 넘어 '센스'가 핵심이므로, 공부만 잘하고 눈치 없는 사람에겐 쓰지 않음.",온라인 커뮤니티에서 기존의 부정적 단어를 긍정적으로 비틀어 '고지능자'를 묘사하며 유래.,[낀세대: Safe] / [외국인: Safe] / [복학생: Safe],10대 ~ 30대,"찬사, 세련됨, 지적임","지능/상태, 평가"
분초사회,"분초사회 뜻, 시간 효율, 시성비 트렌드","1분 1초가 아까울 정도로 바쁘게 살며, 시간의 가치를 극대화하려는 현대 사회 현상.","시간을 아끼기 위해 유튜브 2배속 시청을 하거나, 자투리 시간을 활용하는 자신의 바쁜 일상을 묘사함.","""나 오늘 분초사회 실천 중이야. 이동 시간에 팩하면서 강의 듣는 중.""",너무 효율만 따지느라 주변 사람과의 여유로운 대화조차 거부하면 인간미가 없어 보일 수 있음.,"김난도 교수의 <트렌드 코리아 2024>에서 제안된 키워드로, 현대인의 시간 활용법을 정의함.",[낀세대: Safe] / [외국인: Safe] / [복학생: Safe],20대 ~ 40대,"현실적, 바쁨, 효율적","사회 현상, 라이프스타일"
얼죽신,"얼죽신 뜻, 얼어 죽어도 신축, 아파트 밈","""얼어 죽어도 신축 아파트""의 줄임말. 인프라보다 무조건 새 아파트에 살기를 고집하는 경향.",구축 아파트의 불편함을 견디기보다 가격이 비싸더라도 깔끔한 신축 거주를 선호하는 태도를 표현함.,"""난 구축 리모델링보다 무조건 얼죽신! 커뮤니티 시설이 제일 중요해.""",신축의 층간소음이나 하자 문제를 겪고 있을 때는 이 밈이 오히려 스트레스가 될 수 있음.,얼죽아'에서 파생되어 부동산 커뮤니티에서 주거 선호도를 극명하게 나타내는 용어로 정착.,[낀세대: Safe] / [외국인: Safe] / [복학생: Safe],30대 ~ 50대,"단호함, 선명함, 트렌디","부동산, 주거 취향"
시성비,"시성비 뜻, 시간 대비 성능, 시간 가성비","가격 대비 성능(가성비)이 아닌, 투입한 시간 대비 얼마나 큰 만족이나 효율을 얻었는가를 따지는 기준.","짧은 영상으로 핵심만 파악하거나, 돈을 더 내더라도 시간을 아끼는 서비스를 이용할 때 사용함.","""이 영화는 3시간짜리인데 좀 지루해. 시성비가 너무 안 좋다.""",시성비만 따지다 보면 진득하게 즐겨야 하는 예술 작품이나 깊은 관계의 즐거움을 놓칠 수 있음.,분초사회 트렌드와 함께 시간의 가치가 돈보다 중요해진 현대인의 가치관을 반영해 등장.,[낀세대: Safe] / [외국인: Safe] / [복학생: Safe],20대 ~ 40대,"합리적, 날카로움, 효율적","가치 평가, 시간 관리"
폭룡적이다,"폭룡적이다 뜻, 엄청나다, 압도적 비주얼","폭풍'처럼 강력하고 '용'처럼 압도적이라는 뜻으로, 매우 대단하거나 충격적으로 멋질 때 쓰는 찬사.","아이돌의 외모가 눈부시게 잘생겼거나, 음식 맛이 정신이 번쩍 들 정도로 강력할 때 사용함.","""오늘 우리 웅니 비주얼 진짜 폭룡적이다... 심장이 못 견디겠어.""",부정적인 폭력 상황이나 정말로 위협적인 상황에는 이 긍정적인 찬사를 쓰지 않도록 주의.,애니메이션이나 장르 소설의 수식어에서 유래하여 팬덤 커뮤니티의 강력한 감탄사로 안착.,[낀세대: Safe] / [외국인: Safe] / [복학생: Safe],10대 ~ 20대,"격함, 찬사, 경탄","수식어, 리액션"
독파민,"독파민 뜻, 독서 도파민, 책 읽는 즐거움",독서' + '도파민'의 합성어. 자극적인 숏폼 대신 책을 읽으며 느끼는 깊은 몰입감과 즐거움.,"디지털 디톡스를 하며 책에 푹 빠졌을 때, 혹은 어려운 책을 완독하고 성취감을 느낄 때 사용함.","""스마트폰 끄고 책 보니까 독파민 터지네. 숏폼보다 훨씬 유익해.""",책 내용을 이해하지 못한 채 사진만 찍어 올리며 '독파민'이라고 하면 보여주기식 행위로 보임.,텍스트 힙(Text Hip) 트렌드와 함께 독서를 힙한 문화로 즐기려는 젊은 층 사이에서 유래.,[낀세대: Safe] / [외국인: Safe] / [복학생: Safe],10대 ~ 30대,"차분함, 성취감, 지적임","취미, 자기계발"
무물보,"무물보 뜻, 무엇이든 물어보살, 질문 받기","""무엇이든 물어보세요""의 줄임말. SNS 스토리에 질문 상자를 올려 팔로워들과 소통하는 행위.","자신의 근황을 알리거나 팬들과 대화하고 싶을 때, 혹은 고민 상담을 해주고 싶을 때 사용함.","""심심한데 무물보 합니다! 궁금한 거 다 물어봐 주세요.""","답변하기 곤란한 선 넘는 질문을 하거나, 답변을 강요하는 것은 '무물보' 예절에 어긋남.",인스타그램의 질문 기능과 예능 프로그램 <무엇이든 물어보살>의 제목이 결합되어 정착.,[낀세대: Safe] / [외국인: Safe] / [복학생: Safe],10대 ~ 30대,"사교적, 개방적, 가벼움","SNS 소통, 질문"
돼단하다,"돼단하다 뜻, 먹성 좋다, 대단하다 밈",돼지' + '대단하다'의 합성어. 엄청난 양의 음식을 먹거나 기발한 음식 조합을 찾아낸 사람에게 보내는 경탄.,"친구가 혼자서 3인분을 먹거나, 편의점 꿀조합 레시피로 완벽한 맛을 구현했을 때 사용함.","""치킨 먹고 바로 떡볶이까지 시켰다고? 너 진짜 돼단하다!""",단순히 체중이 많이 나가는 사람을 비하하는 용도로 쓰면 공격적으로 들릴 수 있으니 주의.,"돼지런하다'와 맥락을 같이 하며, 먹는 것에 대한 열정을 칭찬하는 유머러스한 표현.",[낀세대: Safe] / [외국인: Safe] / [복학생: Safe],10대 ~ 30대,"유머러스, 감탄, 장난","음식, 인물 묘사"
밈친자,"밈친자 뜻, 밈에 미친 자, 유행어 박사",밈(Meme)' + '미친 자'의 합성어. 최신 유행어와 인터넷 밈을 꿰뚫고 있으며 이를 적재적소에 사용하는 사람.,"대화 중에 모든 리액션을 최신 밈으로 소화하거나, 유행에 매우 민감한 사람을 지칭할 때 사용함.","""부장님이 맑눈광 밈을 알아? 진짜 밈친자 다 되셨네.""",밈을 모르는 사람에게 억지로 사용하며 소외감을 주면 '눈치챙겨' 소리를 들을 수 있음.,눈광(눈에 광기 서린 자)' 등 '~에 미친 자' 시리즈의 파생형으로 온라인 커뮤니티에서 정착.,[낀세대: Safe] / [외국인: Safe] / [복학생: Safe],10대 ~ 30대,"감탄, 활기참, 트렌디","인물 묘사, 문화"
간술,"간술 뜻, 간단히 술 한잔, 짧은 술자리",간단히 술 한잔'의 줄임말. 거하게 마시는 회식보다는 가볍게 즐기는 술자리를 의미함.,"퇴근 후 가볍게 맥주 한 잔 하거나, 다음 날 일정이 있어 짧게 만날 때 제안하는 용어.","""오늘 불금인데 집 가기 아쉽다. 편의점 앞에서 간술 할래?""",간술'이라고 해놓고 밤새 마시거나 만취하는 경우 '간술(간 때문이야 술이야)'이라며 비꼬는 상황 발생.,술 문화가 '부어라 마셔라'에서 '즐기는 문화'로 바뀌며 생겨난 일상 줄임말.,[낀세대: Safe] / [외국인: Safe] / [복학생: Safe],20대 ~ 40대,"가벼움, 여유로움, 사교적","술 문화, 일상어"
꿀떡시리얼,"꿀떡시리얼 레시피, 편의점 꿀조합, 우유에 꿀떡",우유에 꿀떡을 넣고 시리얼처럼 말아 먹는 음식 조합. 쫀득한 식감과 달콤한 맛이 특징.,SNS에서 화제가 된 이색 레시피를 직접 해 먹어보거나 맛의 신세계를 경험했을 때 사용함.,"""아침에 꿀떡시리얼 해 먹었는데 진짜 극락 가는 맛이다. 꼭 해봐!""",일반적인 시리얼을 생각하고 너무 오래 두면 떡이 딱딱해지거나 식감이 망가질 수 있음.,틱톡과 인스타그램 릴스 등 숏폼에서 유행한 편의점/간식 커스텀 레시피에서 유래.,[낀세대: Safe] / [외국인: Safe] / [복학생: Safe],10대 ~ 20대,"흥분, 만족감, 추천","음식/료, 꿀조합"
혈중마라농도,"마라탕 중독, 마라 수치 뜻, 매운 음식 수혈","혈중 알코올 농도에 빗대어, 마라탕을 얼마나 자주 먹는지 혹은 지금 얼마나 먹고 싶은지를 나타내는 표현.","마라탕을 먹은 지 오래되어 금단 현상이 오거나, 주기적으로 마라를 섭취해줘야 할 때 사용함.","""아... 지금 혈중마라농도 너무 낮아. 오늘 무조건 마라 수혈하러 간다.""",마라를 못 먹는 사람(맵찌리)에게 이 농도를 강요하면 괴로움의 대상이 될 수 있음.,마라탕 열풍이 불며 '마라 수혈' 등 의학 용어에 비유하는 팬덤식 표현에서 유래.,[낀세대: Safe] / [외국인: Safe] / [복학생: Safe],10대 ~ 30대,"절박함(유머), 열정적, 중독적","음식 취향, 라이프스타일"
억텐,"억텐 뜻, 억지 텐션, 가짜 리액션",억지 텐션'의 줄임말. 즐겁지 않은데 억지로 흥이 난 척하거나 과한 리액션을 하는 상태.,방송이나 단체 모임에서 분위기를 띄우기 위해 무리하게 에너지를 끌어올리는 모습을 지적하거나 자조할 때 사용.,"""아까 내 리액션 너무 억텐이었나? 분위기 맞추느라 힘들었네.""",진심으로 신나서 하는 행동을 '억텐'이라고 치부하면 상대방의 기분을 상하게 할 수 있음.,인터넷 방송인들이 시청자 반응을 유도하기 위해 과하게 행동하는 것을 비판하며 생긴 용어.,[낀세대: Safe] / [외국인: Safe] / [복학생: Safe],10대 ~ 30대,"냉소적, 피곤함, 연출된","상태 묘사, 리액션"
고진감래,"고진감래 뜻, 직장인 밈, 퇴근하고 싶을 때","""고용해주셔서 진짜 감사한데 집에 갈래""의 줄임말. 취업/이직의 기쁨도 잠시, 고된 업무에 지쳐 퇴근하고 싶은 직장인의 마음을 해학적으로 표현함.","입사 초기나 월요일 아침, 혹은 과도한 업무가 쏟아질 때 자신의 솔직한 심정을 위트 있게 드러내며 사용함.","""출근한 지 1시간 됐는데 벌써 고진감래 중... 사장님 죄송해요, 전 집이 좋아요.""",정말로 퇴사할 각오가 아니라면 상사 면전에서 쓰기보다 동료들끼리 푸념하는 용도로 쓰는 것이 안전함.,사자성어 '고생 끝에 즐거움이 온다'를 직장인의 현실에 맞게 비튼 언어유희에서 유래.,[낀세대: Safe] / [외국인: Safe] / [복학생: Safe],20대 ~ 40대,"자조적, 유머러스, 애환","직장 생활, 언어유희"
초코아,"초코아 뜻, 초품아 급지, 부동산 신조어","""초등학교가 코 앞에 있는 아파트""의 줄임말. 자녀의 안전한 통학이 가능한 입지 조건이 뛰어난 아파트를 의미함.","부동산 커뮤니티나 학부모 모임에서 아파트 입지의 장점을 강조하거나, 집을 알아볼 때 핵심 조건으로 언급함.","""이번에 이사 갈 집은 진정한 초코아라 애들 등교 걱정은 안 해도 되겠어.""",초코 아메리카노' 음료와 혼동될 수 있는 맥락에서는 반드시 '아파트'나 '입지' 관련 키워드를 함께 쓸 것.,초등학교를 품은 아파트(초품아)'에서 한 단계 더 나아가 '코 앞'이라는 근접성을 강조하며 탄생함.,[낀세대: Safe] / [외국인: Safe] / [복학생: Safe],30대 ~ 50대,"실속 있음, 강조, 정보성","부동산, 주거 환경"
홀리몰리,"홀리몰리 과카몰리 뜻, 감탄사 밈, 대박","영어 감탄사 'Holy Moly'에 'Guacamole' 등을 붙여 리듬감을 살린 표현. ""세상에나"", ""세상 마상""과 비슷한 뜻.","예상치 못한 놀라운 광경이나 예쁜 것을 보았을 때, 혹은 어이없는 상황에서 감탄사로 사용함.","""홀리몰리! 오늘 하늘 색깔 실화야? 진짜 너무 예쁘다.""",진지하거나 비극적인 사고 상황에서 이 가벼운 감탄사를 쓰면 상황 파악 못 하는 사람으로 보임.,영어권 관용구를 한국 유저들이 특유의 말맛과 리듬감에 매료되어 그대로 가져와 밈화함.,[낀세대: Safe] / [외국인: Safe] / [복학생: Safe],10대 ~ 20대,"경쾌함, 경악, 발랄함","감탄사, 리액션"
오노추,"오늘 노래 추천, 오노추 뜻, 플레이리스트",오늘의 노래 추천'의 줄임말. 자신이 듣고 있는 좋은 노래를 공유하거나 추천받고 싶을 때 사용.,"SNS 스토리에 노래 스트리밍 화면을 캡처해 올리거나, 단톡방에서 대화 소재로 노래를 던질 때 씀.","""오늘 비 오는데 감성 미쳤다. 오노추: 잔나비 - 주저하는 연인들을 위해.""","본인이 듣기 싫은 노래를 억지로 추천하거나, 음악 취향을 무시하는 태도는 금물.",인스타그램 스토리와 트위터(X) 등에서 자신의 감성을 공유하는 문화에서 유래.,[낀세대: Safe] / [외국인: Safe] / [복학생: Safe],10대 ~ 30대,"감성적, 사교적, 공유","취미, 소통"
가슴에국밥쏟음,"감동 실화 뜻, 눈물 광광, 국밥 밈","너무 감동적이거나 뭉클한 이야기를 들었을 때, 뜨거운 국밥을 가슴에 부은 것처럼 뜨겁고 든든한 감정이 요동친다는 뜻.",훈훈한 미담이나 역경을 이겨낸 사연을 접했을 때 극찬과 감동의 의미를 담아 사용함.,"""와... 유기견 구조 사연 보고 진심 가슴에 국밥 쏟았다. 너무 감동이야.""",실제로 뜨거운 음식을 쏟은 물리적 사고 상황에 이 관용구를 쓰면 큰 실례가 됨.,국밥이 주는 따뜻하고 든든한 이미지를 '감동'의 정서에 대입한 온라인 커뮤니티식 반전 수사법.,[낀세대: Safe] / [외국인: Caution] / [복학생: Safe],20대 ~ 30대,"감동적, 뭉클함, 해학적","리액션, 감정 표현"
웃수저,"웃수저 뜻, 태생부터 웃긴 사람, 개그 유전자","금수저'를 빗댄 말로, 가만히 있어도 웃기거나 태어날 때부터 웃기는 재능을 타고난 사람.","특별히 노력하지 않아도 주변을 즐겁게 하거나, 황당하고 웃긴 상황이 자꾸 생기는 친구를 칭찬할 때 사용함.","""아무 말 안 해도 웃긴 거 보니까 쟤는 진짜 천생 웃수저다.""",억지로 남을 비하하거나 선을 넘는 농담을 던지는 무례한 사람에게는 '웃수저'라는 표현을 쓰지 않음.,수저 계급론 밈이 개그 감각과 결합하여 긍정적인 찬사의 의미로 변형됨.,[낀세대: Safe] / [외국인: Safe] / [복학생: Safe],전 연령대,"찬사, 유머러스, 부러움","인물 묘사, 유머"
웃국자,"웃국자 뜻, 웃수저 상위호환, 대량 웃음 유발","웃수저보다 더 큰 단위인 '국자'를 사용해, 압도적인 웃음 화력을 가진 사람을 뜻함.",웃수저라고 불리는 사람보다 훨씬 더 강력한 웃음을 주거나 상황을 주도할 때 강조형으로 사용.,"""쟨 웃수저 정도가 아니라 웃국자 수준인데? 숨도 못 쉬게 웃기네.""",본인이 스스로를 '나 웃국자임'이라고 하면 오히려 분위기가 싸해질 수 있으니 주의.,웃수저 밈이 확장되면서 더 큰 도구를 붙여 강조하는 언어적 놀이에서 유래.,[낀세대: Safe] / [외국인: Safe] / [복학생: Safe],10대 ~ 30대,"경이로움, 감탄, 폭소","인물 묘사, 유머"
돼지런하다,"돼지런하다 뜻, 먹는 데 부지런함, 맛집 열정",돼지' + '부지런하다'의 합성어. 먹는 것에 있어서는 누구보다 빠르고 열정적으로 움직이는 태도.,"맛집 웨이팅을 마다하지 않거나, 다음 끼니 계획을 미리 세우는 등 음식에 진심인 모습을 자조적으로 표현함.","""나 오늘 맛집 오픈런 성공했어. 이럴 때만 참 돼지런하지?""","정말 게으른 사람을 비하하는 게 아니라, 오직 '먹는 일'에만 성실한 반전 매력을 강조할 때 씀.",부지런함을 먹거리에 대입한 자조적 밈으로 인스타그램 등 SNS에서 유행함.,[낀세대: Safe] / [외국인: Safe] / [복학생: Safe],20대 ~ 40대,"자조적, 유머러스, 열정적","음식, 라이프스타일"
개-멍-댕,"댕댕이 뜻, 멍멍이 밈, 매우 ~하다","강아지'를 뜻하는 귀여운 표현들이자, 접두사로 쓰여 '매우'라는 강조의 의미를 담음.","매우 좋을 때 '개좋음', 귀여운 대상을 볼 때 '댕귀엽' 등 감정을 증폭시키는 강조어임.","""오늘 날씨 진짜 댕좋다! 산책 가기 딱이야.""","개~'는 비속어 느낌이 강하므로 격식 있는 자리에선 피하고, 부드러운 '댕/멍'을 사용하는 것이 안전함.",강'과 '댕'의 글자 모양이 비슷해 보이는 야민정음에서 유래하여 귀여운 강조어로 정착됨.,[낀세대: Safe] / [외국인: Caution] / [복학생: Safe],10대 ~ 20대,"강조, 귀여움, 친근함","리액션, 형용사"
국가권력급,"국가권력급 뜻, 나혼렙 밈, 압도적인 능력,국가의 권력에 맞먹을 만큼 압도적으로 강력하거나 대단함","웹툰 <나 혼자만 레벨업>에서 유래한 말로, 국가 하나에 맞먹을 정도로 엄청난 힘이나 수준을 가졌을 때 사용.,엄청난, 최강, 레전드, 압도적, 세계관 최강자","실력이 엄청난 운동선수, 외모가 압도적인 연예인, 혹은 실생활의 고수를 찬양할 때 극찬으로 사용.,대상의 스펙, 외모, 능력 등이 비현실적으로 뛰어날 때 최상급 칭찬으로 사용","""이번 신곡 비주얼 진짜 국가권력급이다. 이보다 더 좋을 수 없음."",""와, 이번 신곡 비주얼 진짜 국가권력급이다. 웅장해지네.""","수준이 평범한데 장난으로 사용하면 비꼬는 것처럼 들릴 수 있으니 '최고'의 순간에만 쓸 것.,정치적이거나 실제 국가 권력과 관련된 민감한 뉴스에 사용하면 오해 소지","웹툰 설정상의 등급이 온라인 커뮤니티로 퍼지며 '최고 등급'을 뜻하는 대명사가 됨.,웹소설 '나 혼자만 레벨업'","[낀세대: Safe] / [외국인: Safe] / [복학생: Safe],[낀세대: Safe] / [외국인: Safe] / [복학생: Safe] ""역대급이다""를 요즘 식으로 표현한 최상급 칭찬.","10대 ~ 20대,[10-20대: 웹소설 팬] 동료의 성과나 비주얼이 압도적일 때 ""와, 오늘 발표 실력 국가권력급이네요""라고 극찬.","찬사, 과장됨, 압도적,웅장/찬양","가치 평가, 최고,웹소설/유행어"
꾸웨엑,"꾸웨엑 뜻, 후회해 밈, 맞춤법 파괴",후회해'를 '꾸웨엑'으로 잘못 알아들은 짤방에서 유래. 절규하거나 무언가 어이없는 상황에서 내뱉는 소리.,"억울하거나, 힘들어서 비명을 지르고 싶을 때, 혹은 '후회한다'는 말을 장난스럽게 할 때 사용함.","""과제 제출 기한 지났어... 꾸웨엑!!!""",상대방이 진지하게 슬퍼하거나 사과하는 상황에서 '꾸웨엑'이라고 답하면 소통 거부로 느껴질 수 있음.,메신저 오타나 잘못 들은 단어가 짤방으로 제작되며 웃픈 상황의 대명사가 됨.,[낀세대: Safe] / [외국인: Caution] / [복학생: Safe],10대 ~ 20대,"절망(유머), 당황, 비명","리액션, 상황 묘사"
추미스,"추미스 뜻, 추리 미스터리 스릴러, 장르물","추리, 미스터리, 스릴러'의 앞 글자를 딴 줄임말. 해당 장르의 소설, 영화, 드라마를 통칭함.","장르물 마니아들이 작품 추천을 주고받거나, 긴장감 넘치는 콘텐츠를 지칭할 때 간결하게 사용.","""이번 주말엔 넷플릭스에서 추미스 장르만 몰아볼 예정이야.""",장르와 상관없는 로맨스나 코미디 작품에 '추미스'라고 하면 혼란을 줄 수 있음.,"도서관, 서점 및 장르 팬덤 커뮤니티에서 장르 분류를 효율적으로 하기 위해 정착됨.",[낀세대: Safe] / [외국인: Safe] / [복학생: Safe],전 연령대,"전문적, 명확함, 효율적","콘텐츠 장르, 취미"
그잡채,"그 자체 뜻, 잡채 밈, 완벽한 상태",그 자체'를 발음이 비슷한 '그 잡채'로 바꾸어 부르는 언어유희. 어떤 특성이 완벽하게 일치할 때 사용함.,"맑눈광 그잡채, 킹받음 그잡채 등 대상을 강조하고 싶을 때 귀엽고 세련되게 표현함.","""우리 과장님 오늘 패션, 완전 부장님 그잡채네.""",공식적인 문서나 보고서에서 '그 자체' 대신 쓰면 맞춤법을 모르는 사람으로 오해받을 수 있음.,자체'와 '잡채'의 발음 유사성을 이용한 트위터발 유머가 대중화됨.,[낀세대: Safe] / [외국인: Safe] / [복학생: Safe],10대 ~ 30대,"위트, 강조, 귀여움","수식어, 리액션"
은반/초반,"은근히 반말, 대놓고 반말, 커뮤니티 규칙",은근히 반말'과 '초면에 반말'의 줄임말. 온라인 익명 게시판에서 반말을 허용하는 분위기를 뜻함.,"커뮤니티 이용 규칙을 설명하거나, 상대의 말투가 무례할 때 지적하는 맥락에서 사용함.","""여기 게시판은 은반 분위기니까 편하게 말해."" / ""초면에 초반은 좀 아니지 않냐?""",오프라인 사회 생활에서 대뜸 '은반/초반'을 적용하면 심각한 예의 문제로 번짐.,커뮤니티별 고유의 소통 방식(반말/존댓말)을 정의하며 정착된 인터넷 용어.,[낀세대: Caution] / [외국인: Caution] / [복학생: Safe],20대 ~ 30대,"직설적, 냉소적, 규칙적","온라인 에티켓, 커뮤니티"
프메,"프로필 메시지 뜻, 카톡 프메, 상태 메시지",카카오톡 등 메신저의 '프로필 메시지' 줄임말. 자신의 상태나 기분을 짧게 적어두는 영역.,"친구의 기분을 살피거나, 본인의 근황을 짧게 알릴 때 '프메 확인해' 등의 방식으로 소통함.","""너 프메 보니까 무슨 일 있어? 힘내라!""",나이가 많은 세대에게 '프메'라고 하면 '프린세스 메이커(게임)'로 오해할 확률이 높음.,모바일 메신저 기능 명칭이 일상화되면서 자연스럽게 축약됨.,[낀세대: Safe] / [외국인: Safe] / [복학생: Safe],10대 ~ 30대,"간결함, 일상적, 개인적","메신저, 소통"
분깨미,"분위기 깨서 미안, 분깨미 뜻, 진지충 방지",분위기 깨서 미안해'의 줄임말. 신나는 분위기에서 찬물을 끼얹는 진지한 이야기를 꺼내기 전 방어막으로 씀.,"다 같이 노는 자리에서 갑자기 가야 하거나, 팩트 폭격을 하기 직전에 미안함을 담아 사용.","""분깨미인데... 우리 내일 9시 회의인 거 안 잊었지?""",사과 없이 분위기만 망쳐놓고 '분깨미'라고 툭 던지면 더 기분이 나빠질 수 있음.,갑분싸(갑자기 분위기 싸해짐) 상황을 미연에 방지하고자 하는 배려 섞인 신조어.,[낀세대: Safe] / [외국인: Safe] / [복학생: Safe],10대 ~ 20대,"미안함, 조심스러움, 위트","대화 예절, 리액션"
트민남/여,"트렌드에 민감한 남자/여자, 전현무 밈",유행하는 것이라면 무엇이든 따라 하고 싶어 하는 트렌드에 아주 민감한 사람을 일컫는 말.,"새로운 밈이나 아이템을 누구보다 빨리 시도하지만, 가끔은 과해 보일 때 유머러스하게 표현함.","""전현무가 진짜 독보적인 트민남이지. 유행하는 건 다 해봐야 직성이 풀린대.""",트렌드에 민감한 것을 넘어 '줏대 없다'는 비판으로 들릴 수 있으니 친한 사이에서만 쓸 것.,방송인 전현무가 예능에서 유행을 쫓는 모습을 '트민남'으로 자칭하며 큰 인기를 끈 용어.,[낀세대: Safe] / [외국인: Safe] / [복학생: Safe],20대 ~ 40대,"유머러스, 트렌디, 열정적","라이프스타일, 인물 묘사"
잼얘,"재미있는 얘기 뜻, 잼얘 해줘, 스몰토크",재미있는 이야기'의 줄임말. 심심하거나 대화가 끊겼을 때 분위기 전환을 위해 요청하는 것.,"단톡방이 조용할 때나 친구와 있을 때 ""심심한데 잼얘 좀 해봐""라며 대화의 물꼬를 틀 때 사용함.","""오늘 학교에서 무슨 일 없었어? 잼얘 하나만 해줘라.""","상대방에게 강박적으로 재미를 강요하는 느낌을 줄 수 있어, 상황에 따라 '광대 취급'으로 오해받을 수 있음.",효율적인 메신저 대화를 선호하는 1020 세대의 언어 습관에서 탄생함.,[낀세대: Safe] / [외국인: Safe] / [복학생: Safe],10대 ~ 20대,"가벼움, 심심함, 사교적","대화 방식, 리액션"
싫존주의,"싫존주의 뜻, 취향 존중, 싫어하는 것 존중",싫어하는 것도 존중해달라'는 주의. 불호(不好)의 취향을 당당히 밝히고 존중받길 원하는 태도.,"단체 메뉴를 정하거나 보편적인 유행을 따르지 않을 때, 개인의 거부 의사를 분명히 밝히며 사용함.","""전 민초 싫어해요. 싫존주의 부탁드립니다!""",자신의 불호를 밝히는 것을 넘어 타인의 선호를 비난하거나 공격하는 용도로 쓰면 안 됨.,개인의 취향을 중시하는 MZ세대의 '취존(취향 존중)' 문화가 확장되며 탄생함.,[낀세대: Safe] / [외국인: Safe] / [복학생: Safe],20대 ~ 30대,"당당함, 단호함","가치관, 라이프스타일"
SBN,"SBN 뜻, 선배님 신조어, 아이돌 SBN",선배님(Seon-Bae-Nim)'의 자음 약자. 주로 아이돌 팬덤에서 특정 가수를 높여 부를 때 사용함.,"좋아하는 가수의 선배 격인 인물을 언급하거나, 예우를 갖추는 척하며 장난스럽게 부를 때 씀.","""우리 뫄뫄 SBN은 무대 매너도 GOAT네.""",실제 직장 상사나 엄격한 선배에게 'SBN'이라고 메신저를 보내면 장난치는 것으로 오해받을 수 있음.,케이팝 팬덤 내에서 '선배님'을 영어 자음으로 짧게 줄여 쓰던 것이 유행하며 정착됨.,[낀세대: Safe] / [외국인: Safe] / [복학생: Safe],10대 ~ 20대,"친근함, 존경(유머), 간결함","호칭, 팬덤 문화"
페이스펙,"페이스펙 뜻, 얼굴 스펙, 외모 지상주의",페이스(Face)' + '스펙(Spec)'의 합성어. 외모도 하나의 경쟁력이자 스펙이라는 의미.,"외모가 뛰어난 사람을 보며 실력까지 갖췄다고 칭찬하거나, 외모 관리에 투자하는 상황을 묘사함.","""저 신입은 업무 능력도 좋은데 페이스펙까지 완벽하네.""",외모로 사람을 서열화하거나 차별하는 부정적인 외모 지상주의 맥락으로 남발하면 위험함.,취업 시장의 '스펙' 경쟁이 외모 관리 영역까지 확장된 사회적 현상을 풍자하며 탄생.,[낀세대: Caution] / [외국인: Safe] / [복학생: Safe],20대 ~ 30대,"냉소적, 감탄, 현실적","사회 현상, 외모"
식집사,"식물 집사, 반려식물, 홈가드닝, 식물 키우기 ,식집사 뜻, 반려식물 키우기, 식물 집사","식물 + 집사'의 합성어. 반려동물을 모시는 집사처럼 식물을 애지중지 키우는 사람. ,식물' + '집사'의 합성어. 반려동물을 돌보는 집사처럼 정성껏 식물을 키우는 사람.","집에서 화초를 정성껏 키우며 힐링하는 일상을 공유하거나, 새로운 식물을 들였을 때 사용. ,집에서 반려식물을 가꾸며 힐링하거나, 식물 성장 과정을 SNS에 인증하며 소통할 때 사용함.","""드디어 몬스테라 새 잎이 났어요! 초보 식집사는 감동 중."" ,""우리 집 몬스테라가 새 잎을 냈어요! 초보 식집사 감격 중.""","식물을 단순히 인테리어 소품으로만 여기는 사람에게는 집사라는 표현이 어색할 수 있음. ,식물을 단순히 인테리어 소품으로만 취급하며 돌보지 않는 사람에게는 어울리지 않는 호칭임.","반려견/반려묘 문화가 반려식물로 확장되며 홈가드닝 열풍과 함께 정착된 용어. ,코로나19 이후 홈 가드닝 열풍이 불며 '반려식물' 개념과 함께 유행하게 된 용어.","[낀세대: Safe] [외국인: Safe] [복학생: Safe] 따뜻하고 생산적인 밈. ,[낀세대: Safe] / [외국인: Safe] / [복학생: Safe]","[전 연령대] 힐링과 인테리어를 중시하는 세대. ,20대 ~ 40대","따뜻, 애정 ,따뜻함, 정성, 힐링","라이프스타일, 취미 ,취미, 라이프스타일"
별다줄,"별다줄 뜻, 별걸 다 줄인다, 줄임말 유행",별걸 다 줄인다'의 줄임말. 너무 과하거나 생소한 줄임말을 접했을 때 황당함을 담아 하는 말.,"이해하기 힘든 신조어나 줄임말을 들었을 때 ""그런 것까지 줄여 쓰냐""며 핀잔 섞인 반응을 보일 때 사용.","""방금 그 단어도 줄임말이야? 진짜 별다줄이다.""",본인이 줄임말을 쓰면서 남에게 '별다줄'이라고 하면 모순이 되므로 상황 파악이 필요함.,무분별한 줄임말 사용에 대한 기성세대 혹은 대중의 거부감이 유머러스하게 표현된 단어.,[낀세대: Safe] / [외국인: Safe] / [복학생: Safe],전 연령대,"황당함, 냉소적, 유머","언어 현상, 리액션"
가나디,"가나디 뜻, 강아지 귀엽게, 가나디 밈",강아지'를 아주 귀엽고 뭉뚱그려 발음한 것. 주로 귀여운 강아지 영상이나 사진에 댓글로 씀.,너무 귀여워서 말이 잘 안 나올 정도의 강아지를 보며 애정을 듬뿍 담아 표현할 때 사용함.,"""아고... 저 뽀시래기 가나디 좀 봐요. 심멎이다 진짜.""",격식 있는 자리나 진지한 동물 보호 관련 토론에서는 '강아지'나 '반려견'이라는 용어를 써야 함.,인스타그램이나 틱톡의 반려동물 커뮤니티에서 유아어처럼 발음하던 것이 확산됨.,[낀세대: Safe] / [외국인: Safe] / [복학생: Safe],10대 ~ 30대,"애교, 귀여움, 황홀함","반려동물, 리액션"
ㄱㅂㅈㄱ,"가보자고 초성, ㄱㅂㅈㄱ 뜻, 가보자고 밈",가보자고'의 초성 줄임말. 어떤 일을 시작하거나 결심했을 때 외치는 긍정적인 파이팅 문구.,"다이어트 시작, 시험 공부, 혹은 여행을 떠나기 직전 의지를 다지며 SNS 게시물 등에 씀.","""월요일 아침 출근 완료. 이번 주도 ㄱㅂㅈㄱ!""",정말 가기 싫은 곳을 억지로 가야 하는 절망적인 상황에는 '절망편' 뉘앙스로 반어법 사용 주의.,스포츠 경기 응원이나 예능에서 '가보자고!'를 외치던 에너지가 초성 문화와 결합함.,[낀세대: Safe] / [외국인: Safe] / [복학생: Safe],10대 ~ 30대,"의욕적, 활기참, 긍정","의지 표현, 소통"
급여체,"급여체 뜻, 직장인 말투, 넵병, 일잘러 말투",월급(급여)을 받는 직장인들이 메신저나 이메일에서 자주 사용하는 특유의 사무적이고 기계적인 말투.,"넵', '네 알겠습니다', '확인 부탁드립니다' 등 감정을 배제하고 효율을 극대화한 말투를 풍자함.","""오늘도 급여체 장착하고 '넵'만 100번 하다가 퇴근합니다.""",신입 사원이 너무 딱딱하게 급여체만 고집하면 인간미가 없어 보이거나 소통이 어려울 수 있음.,직장 생활의 애환과 효율성을 중시하는 온라인 커뮤니티의 공감대 형성을 통해 유래.,[낀세대: Safe] / [외국인: Safe] / [복학생: Safe],20대 ~ 40대,"현실적, 냉소적, 공감","직장 생활, 언어 문화"
도파밍,"도파밍 뜻, 도파민 파밍, 자극적인 재미",도파민(Dopamine)' + '파밍(Farming)'. 즐거움을 주는 자극적인 콘텐츠나 경험을 찾아다니는 행위.,"숏폼 영상을 계속 넘겨보거나, 자극적인 맛, 익스트림 스포츠 등 강렬한 재미를 쫓는 상황을 묘사함.","""주말 내내 침대에서 숏폼 보면서 도파밍 제대로 했네.""",일상적인 평화로움을 지루함으로 느끼며 자극에만 매몰되는 중독 증상에 대한 경각심이 필요함.,게임 용어인 '아이템 파밍'과 뇌과학 용어 '도파민'이 결합하여 탄생한 사회 트렌드 용어.,[낀세대: Safe] / [외국인: Safe] / [복학생: Safe],10대 ~ 30대,"흥미진진, 탐닉, 트렌디","즐거움, 라이프스타일"
아망추,"아망추 뜻, 아이스티 망고 추가, 이디야 꿀조합",아이스티에 망고 추가'의 줄임말. 특정 카페 브랜드의 커스텀 메뉴가 SNS에서 화제가 되며 고유 명사화됨.,"카페에서 시원하고 달콤한 메뉴를 추천하거나, 직접 주문해서 먹는 인증샷을 올릴 때 사용함.","""여름엔 역시 아망추지! 시원한 아이스티에 얼린 망고 조합 킹아.""",해당 옵션이 없는 카페에 가서 대뜸 '아망추 주세요'라고 하면 직원이 당황할 수 있음.,SNS상에서 가성비와 맛을 모두 잡은 카페 꿀조합 레시피로 입소문을 타며 유행함.,[낀세대: Safe] / [외국인: Safe] / [복학생: Safe],10대 ~ 20대,"시원함, 달콤함, 만족감","음식/료, 꿀조합"
뉴런공유,"뇌 공유, 생각 공유 뜻, 찐친 밈","마치 뇌세포(뉴런)를 공유하는 것처럼, 말하지 않아도 생각이 완벽하게 일치하거나 동시에 같은 행동을 하는 상태.","친구와 동시에 같은 단어를 말하거나, 약속이라도 한 듯 똑같은 옷을 입고 나왔을 때 신기해하며 사용함.","""방금 나도 그 말 하려 했는데! 우리 진짜 뉴런공유 중인 듯.""",전혀 공감이 안 되는 상황에서 억지로 '뉴런공유'라고 우기면 상대방이 당황할 수 있음.,뇌를 공유한다'는 서양 밈(Single Brain Cell)이 한국식 과학 용어와 결합하여 세련되게 변형됨.,[낀세대: Safe] / [외국인: Safe] / [복학생: Safe],10대 ~ 30대,"신기함, 일체감, 유머러스","관계, 리액션"
펠리컨적 사고,"펠리컨 밈, 다 먹어치우기, 긍정적 사고","입이 큰 펠리컨이 무엇이든 일단 입에 넣고 보는 것처럼, 닥친 상황이나 문제를 고민 없이 일단 수용하거나 해결하려는 태도.","복잡하게 생각하지 않고 ""일단 해보자"", ""다 먹어버리자""는 식으로 단순하고 긍정적으로 대처할 때 사용함.","""시험 범위가 많지만 펠리컨적 사고로 일단 다 머릿속에 집어넣어 보겠어!""",충분한 계획과 고민이 필요한 중대한 결정 상황에서 무턱대고 '펠리컨적 사고'를 적용하면 위험함.,펠리컨이 덩치 큰 동물이나 물건을 입에 넣으려 시도하는 엉뚱한 짤방이 유머러스하게 재해석됨.,[낀세대: Safe] / [외국인: Safe] / [복학생: Safe],10대 ~ 20대,"낙천적, 단순함, 파이팅","가치관, 리액션"
환승이직,"환승이직 뜻, 퇴사 전 이직, 바로 이직","이별 후 바로 다른 연애를 시작하는 '환승연애'에 비유하여, 퇴사 후 공백기 없이 바로 다른 회사로 출근하는 것.","퇴사 결정과 동시에 이미 갈 곳이 정해져 있어 경제적, 심리적 공백 없이 이동하는 유능한 상황을 묘사함.","""나 이번에 환승이직 성공했어! 다음 주 월요일부터 바로 새 직장 출근이야.""",현재 직장에 대한 예의 없이 업무를 내팽개치고 이직 준비에만 몰두하는 부정적 태도와는 구분해야 함.,연애 리얼리티 프로그램 <환승연애>의 제목을 직장인의 현실적인 상황에 대입한 비유적 표현.,[낀세대: Safe] / [외국인: Safe] / [복학생: Safe],20대 ~ 40대,"능력적, 효율적, 부러움","직장 생활, 커리어"
짜치다,"짜치다 뜻, 모양 빠지다, 수준 낮다","어떤 상황이나 행동이 기대에 못 미쳐서 궁색해 보이거나, 완성도가 떨어져 부끄러운 느낌이 들 때 쓰는 경상도 방언 기반 밈.","디자인 퀄리티가 낮거나, 누군가의 대처가 쪼졸해 보일 때 그 '모양새'를 비판적으로 묘사함.","""아, 기획안 폰트 보니까 좀 짜치는데... 더 세련되게 못 바꿔?""","비하의 의미가 강하므로, 상대방의 노력에 대해 면전에서 '짜치다'라고 하면 큰 상처가 될 수 있음.",경상도 사투리가 인터넷 커뮤니티와 방송 작가들 사이에서 '느낌이 안 산다'는 뜻으로 쓰이며 확산됨.,[낀세대: Caution] / [외국인: Caution] / [복학생: Safe],20대 ~ 40대,"냉소적, 비판적, 찝찝함","가치 평가, 상태 묘사"
말아주다,"말아주는 밈, 갓벽하게 해주다, 연출하다",특정 분위기나 스타일을 완벽하게 소화하여 선보이는 것. 주로 아이돌의 무대나 작가의 서사를 찬양할 때 사용함.,"래퍼가 랩을 기가 막히게 하거나, 배우가 멜로 연기를 완벽히 소화했을 때 ""서사 한 사발 말아줬다""라고 함.","""이번 신곡 컨셉 진짜 미쳤다. 우리 웅니가 하이틴 감성 제대로 말아주네.""","국밥을 말아 먹는 등의 일상적인 행위에는 쓰지 않으며, 반드시 '공들인 퍼포먼스'가 전제되어야 함.",음식을 솜씨 좋게 말아 내놓는 행위를 '콘텐츠 생산'에 비유하여 팬덤 문화에서 극찬의 의미로 정착됨.,[낀세대: Safe] / [외국인: Safe] / [복학생: Safe],10대 ~ 20대,"감탄, 찬사, 과몰입","콘텐츠 감상, 팬덤"
GOAT,"고트 뜻, goat 의미, 역대 최고, 메시 goat","Greatest Of All Time'의 약자로, 특정 분야에서 역대 최고의 인물을 지칭하는 말.","스포츠 선수, 예술가, 혹은 일상에서 엄청난 능력을 보여준 사람에게 경의를 표할 때 사용함.","""어제 경기 봤어? 역시 메시가 축구 GOAT다."" / ""이 집 떡볶이 맛은 진짜 GOAT네.""",실력이 평범하거나 논란이 많은 인물에게 비꼬는 의미 없이 남발하면 단어의 무게감이 떨어짐.,미국 스포츠계에서 최고의 선수를 논할 때 쓰던 용어가 인터넷 밈을 통해 전 세계로 확산됨.,[낀세대: Safe] / [외국인: Safe] / [복학생: Safe],전 연령대,"찬사, 존경, 압도적","인물 평가, 최고"
알파세대,"알파세대 특징, mz 다음 세대, 2010년생 세대","MZ세대의 다음 세대로, 2010년대 초반부터 2020년대 중반 사이에 태어난 디지털 네이티브 세대.",스마트폰과 AI에 익숙하고 영상 콘텐츠를 주 소비하는 어린 세대의 문화나 특성을 설명할 때 사용함.,"""요즘 알파세대는 검색을 네이버가 아니라 유튜브나 틱톡으로 한대.""",10대 후반이나 20대에게 알파세대라고 하면 세대 구분을 잘못한 것이 됨 (그들은 MZ나 Z세대임).,인구학자 마크 맥크린들이 사회적 변화에 따라 MZ 다음을 정의하며 명명함.,[낀세대: Safe] / [외국인: Safe] / [복학생: Safe],10대 미만 ~ 10대 초반,"분석적, 트렌디, 신선함","세대 구분, 사회 현상"
아할,"아이스크림 할인점 뜻, 아할 위치, 무인 아이스크림",아이스크림 할인점'의 줄임말. 주로 무인으로 운영되며 다양한 간식과 아이스크림을 저렴하게 파는 곳.,"친구들과 간식을 사러 가거나, 동네 편의시설에 대해 이야기할 때 간결하게 표현함.","""덥다, 아할 가서 하드나 하나씩 때릴까?""",공식적인 지도 앱이나 공공장소에서는 '아이스크림 할인점'이라는 정식 명칭을 써야 함.,무인 점포가 급격히 늘어나며 1020 세대 사이에서 일상적인 줄임말로 정착됨.,[낀세대: Safe] / [외국인: Safe] / [복학생: Safe],10대 ~ 30대,"가벼움, 일상적, 친근함","장소, 라이프스타일"
할매니얼,"할매니얼 뜻, 할머니 취향, 약과 밈, 흑임자 라떼",할머니' + '밀레니얼'의 합성어. 할머니들이 좋아할 법한 전통 간식이나 복고풍 패션을 즐기는 세대.,"약과, 흑임자, 인절미 등 전통 식재료가 들어간 디저트가 유행하거나 빈티지한 스타일을 선호할 때 사용함.","""요즘 편의점 약과 구하기가 하늘의 별 따기네. 진짜 할매니얼 열풍이다.""","단순히 '노인'을 지칭하는 것이 아니라, 젊은 층이 그 문화를 '힙'하게 즐기는 현상을 지칭함에 유의.",전통 문화를 현대적으로 재해석하여 즐기는 뉴트로(New-tro) 트렌드의 일환으로 탄생함.,[낀세대: Safe] / [외국인: Safe] / [복학생: Safe],20대 ~ 30대,"따뜻함, 복고풍, 트렌디","소비 트렌드, 음식"
런치플레이션,"점심값 상승, 런치플레이션 뜻, 외식 물가 비상",런치(Lunch)' + '인플레이션'의 합성어. 물가 상승으로 인해 점심 식사 비용이 급격히 오른 현상.,직장인들이 식비 부담을 느껴 편의점 도시락을 찾거나 도시락을 싸 오는 상황을 한탄하며 사용함.,"""요즘 만 원으로 먹을 게 없어. 런치플레이션 때문에 지갑 다 털리겠다.""",점심 식사가 아닌 다른 소비재 물가 상승에는 '인플레이션'이나 다른 합성어를 쓰는 것이 정확함.,고물가 시대의 경제 상황을 풍자하기 위해 언론과 커뮤니티에서 만들어진 신조어.,[낀세대: Safe] / [외국인: Safe] / [복학생: Safe],20대 ~ 50대,"한탄, 현실적, 냉소적","경제, 사회 현상"
ㅈㅂㅈㅇ,"정보좀요 초성, 정보 공유, ㅈㅂㅈㅇ 뜻",정보 좀 주세요'의 초성 줄임말. SNS나 커뮤니티에서 사진 속 물건의 구매처나 정보를 물을 때 사용함.,"예쁜 옷이나 맛있는 식당 사진이 올라왔을 때, 댓글로 빠르게 정보를 요청하며 소통할 때 씀.","""헐, 언니 이 가방 너무 예뻐요! ㅈㅂㅈㅇ!""","초면에 대뜸 초성만 쓰면 무례해 보일 수 있으므로, 주로 익명 커뮤니티나 친근한 사이에서 사용 권장.",모바일 메신저와 SNS에서 타자 속도를 줄이기 위한 극강의 효율성 추구 문화에서 유래.,[낀세대: Caution] / [외국인: Caution] / [복학생: Safe],10대 ~ 20대,"급함, 호기심, 간결함","정보 요청, 소통"
이왜진,"이게 왜 진짜 뜻, 당황스러운 상황, 이왜진 밈",이게 왜 진짜야?'의 줄임말. 도저히 믿기지 않는 황당한 소식이나 합성 같은 사진이 사실일 때 사용함.,"루머인 줄 알았던 연예인 열애설이 기사로 뜨거나, 말도 안 되는 게임 업데이트가 실제일 때 놀라움을 표현함.","""아니, 이 두 배우가 결혼한다고? 이왜진?""",너무 당연한 사실이나 누구나 예상 가능한 상황에는 놀라움의 의미인 이 단어가 어울리지 않음.,디시인사이드 등 커뮤니티에서 낚시글인 줄 알았는데 실제 정보일 때 쓰던 리액션에서 유래.,[낀세대: Safe] / [외국인: Safe] / [복학생: Safe],10대 ~ 30대,"경악, 황당, 유머러스","리액션, 상황 확인"
일며들다,"일에 스며들다, 퇴근 못함, 업무 중독",일' + '스며들다'의 합성어. 일상에 일이 너무 깊게 파고들어 쉴 때도 업무 생각을 하거나 일이 몸에 밴 상태.,"워커홀릭처럼 일을 열심히 하거나, 의도치 않게 주말에도 업무 연락을 주고받으며 '현타'가 올 때 사용함.","""주말에 카페 왔는데 노트북 펴고 있는 내 모습... 진짜 일며들었네.""",긍정적인 열정보다는 주로 '어쩔 수 없이 일에 찌든' 자조적인 상황에서 더 자주 쓰임.,어떤 대상에 푹 빠진다는 뜻의 '스며들다' 밈(예: 유며들다)이 업무 영역으로 확장됨.,[낀세대: Safe] / [외국인: Safe] / [복학생: Safe],20대 ~ 40대,"자조적, 피곤함, 현실적","직장 생활, 상태 묘사"
디지털디톡스,"스마트폰 멀리하기, 디지털 단식, 도파민 중독 치료","스마트폰, SNS 등 디지털 기기 사용을 중단하고 휴식을 취하며 심신의 안정을 찾는 행위.","도파민 중독에서 벗어나기 위해 주말 동안 폰을 끄거나, 책을 읽으며 아날로그 감성을 즐길 때 사용함.","""나 오늘부터 일주일 동안 디지털디톡스 한다. 연락 안 돼도 찾지 마!""","폰을 사용하면서 '디지털디톡스 중'이라고 말하는 것은 모순이며, 단순한 기기 고장과는 의미가 다름.",몸의 독소를 빼는 '디톡스' 개념이 디지털 과의존 현상과 결합하여 사회적 운동으로 정착됨.,[낀세대: Safe] / [외국인: Safe] / [복학생: Safe],전 연령대,"차분함, 건강함, 의지적","라이프스타일, 건강"
설참,"설명 참고 뜻, 유튜브 설참, 상세 내용",설명란 참고'의 줄임말. 주로 유튜브나 블로그 게시물 하단의 상세 설명 영역을 확인하라는 뜻.,"영상에서 다 하지 못한 공지사항이나 링크, 이벤트 내용을 아래 적어두었으니 보라고 안내할 때 씀.","""이벤트 참여 방법은 설참 부탁드려요!""","오프라인 문서나 대면 대화에서는 쓰지 않는, 철저히 온라인 콘텐츠 플랫폼 전용 용어임.",유튜브 크리에이터들이 영상 속에서 상세 페이지를 확인하라고 말하며 정착된 인터넷 용어.,[낀세대: Safe] / [외국인: Safe] / [복학생: Safe],10대 ~ 20대,"간결함, 안내, 효율적","안내/공지, 온라인 플랫폼"
될놈될/안될안,"될 놈은 된다, 안될 놈은 안된다, 운칠기삼",될 놈은 된다'와 '안 될 놈은 안 된다'의 줄임말. 운명이 정해져 있거나 운의 영향을 크게 받는 상황을 뜻함.,"로또에 당첨되거나 가위바위보를 계속 이기는 친구를 보며, 혹은 노력해도 안 되는 상황에서 한탄하며 사용함.","""역시 될놈될인가? 쟤는 대충 찍었는데 다 맞았네.""",패배주의에 빠져 노력을 아예 포기하는 핑계로 이 말을 남용하면 주변의 시선이 안 좋아질 수 있음.,커뮤니티와 야구 갤러리 등에서 선수들의 성적이나 운을 평가하며 널리 쓰이게 된 유행어.,[낀세대: Safe] / [외국인: Safe] / [복학생: Safe],20대 ~ 40대,"냉소적, 자조적, 순응적","상황 묘사, 리액션"
슬릭백,"슬릭백 챌린지 뜻, 공중부양 춤, 초전도체 춤",발을 바닥에 닿지 않는 것처럼 미끄러지듯 이동하는 춤 동작이자 챌린지.,틱톡이나 숏폼에서 공중부양을 하는 듯한 신기한 영상이 올라오거나 이를 따라 할 때 사용함.,"""너 슬릭백 연습한다며? 아까 보니까 거의 공중부양 하더라.""",그냥 걷는 것이나 일반적인 스텝 춤을 슬릭백이라고 하면 밈의 핵심(공중부양 느낌)이 사라짐.,주비 슬라이드(Jubi Slide)라는 춤이 한국의 한 중학생 영상으로 대박이 나며 전 세계적 챌린지가 됨.,[낀세대: Safe] / [외국인: Safe] / [복학생: Safe],10대 ~ 20대,"신기함, 활기참, 도전적","챌린지, 댄스 문화"
스껄,"스껄 뜻, 래퍼 추임새, 힙합 스껄 의미",래퍼들이 흥을 돋우기 위해 내뱉는 추임새(Skrr)를 한국식으로 발음한 것. '멋지다' 혹은 기분을 표현하는 감탄사.,"기분이 좋거나 상황이 힙할 때, 혹은 대화 끝에 추임새를 넣어 분위기를 띄울 때 장난스럽게 사용함.","""오늘 옷 스타일 좀 스껄한데?"" / ""우리 내일 여행 가는 거야? 스껄!""",진지한 비즈니스 미팅이나 조용한 장소에서 내뱉으면 분위기를 깨는 '갑분싸' 요인이 됨.,외국 힙합의 타이어 마찰음(Skrr)에서 유래하여 한국 래퍼들이 자주 쓰면서 대중적인 밈이 됨.,[낀세대: Safe] / [외국인: Safe] / [복학생: Safe],10대 ~ 20대,"힙함, 흥겨움, 장난","감탄사, 추임새"
어서오고,"어서오고 밈, 만화 짤, 환영 인사, 드루와","누군가 새로 등장하거나, 예상되는 상황이 닥쳤을 때 무심한 듯 시크하게 건네는 환영 인사.","주로 온라인 커뮤니티나 단톡방에 새로운 사람이 들어올 때나, 뻔히 예상되는 결과가 나타났을 때 사용함.","""시험 기간인데 게임 킨 사람? 어서오고~"" / (새로운 팀원 등장 시) ""오, 어서오고!""","초면이거나 예의를 갖춰야 하는 상사에게 사용하면 ""네가 내 친구냐?""라는 소리를 들을 수 있음.",만화 <간츠> 혹은 특정 짤방에서 무심한 표정으로 인사하는 장면에서 유래.,[낀세대: Safe] / [외국인: Safe] / [복학생: Safe],20대 ~ 30대,"무심함, 여유로움, 장난","인사, 리액션"
이건못참지,"못참지 뜻, 이건 못참지 밈, 강력 추천, 참을 수 없음",어떤 대상이 너무 매력적이거나 맛있어서 도저히 참을 수 없음을 강조하는 말.,"맛있는 음식 사진을 보거나, 한정판 아이템을 구매할 명분을 만들 때 자신에게 던지는 확언.","""오늘 메뉴가 삼겹살에 소주라고? 이건 진짜 못 참지!""","진지한 절제가 필요한 상황(금연, 다이어트 등)에서 매번 남발하면 의지가 약해 보일 수 있음.",인터넷 방송인들이 맛있는 음식을 먹거나 게임 중 좋은 아이템을 발견했을 때 외치던 것에서 유래.,[낀세대: Safe] / [외국인: Safe] / [복학생: Safe],전 연령대,"흥분, 확신, 유머러스","감정 표현, 리액션"
두쫀쿠,"두바이 쫀득 쿠키 뜻, 두쫀쿠 맛집, 카다이프 쿠키, 두쫀쿠 챌린지","두바이 쫀득 쿠키'의 줄임말. 피스타치오 크림과 바삭한 카다이프 식감이 특징인 디저트가 유행하며, 그 맛과 가격, 중독성에 관한 상황을 담은 밈입니다.","SNS에서 영상, 사진 등 관련 콘텐츠가 폭발적으로 확산 중이며, 비싼 가격이나 중독성 있는 맛으로 인한 재미있는 상황(예: '두쫀쿠 끊기 1일차' 등)을 담은 챌린지나 유머 영상들이 만들어지는 상황에서 사용됩니다.","""오늘 드디어 두쫀쿠 구함! 이거 진짜 겉바속촉 쫀득함 미쳤다... 내 통장은 텅장이 됐지만 후회 없음."" / ""두쫀쿠 중독성 때문에 다이어트 망함. 끊기 1일차 실패!""","맛이나 식감에 대한 묘사 없이 단순히 '두바이'와 관련된 모든 것에 남발하거나, 카다이프 식감이 없는 일반 쿠키에 이 용어를 쓰면 밈의 핵심(식감)을 놓치게 됩니다.","해외 디저트 열풍, 특히 '두바이 초콜릿'의 피스타치오+카다이프 조합에서 영감받아 탄생했습니다. 틱톡, 인스타그램, 유튜브 숏폼을 통해 빠르게 확산되었습니다.",[낀세대: Safe] / [외국인: Safe] / [복학생: Safe],10대 ~ 30대 (트렌드 민감층),"유머러스, 감탄, 중독적, 공감","디저트 트렌드, 소비 문화"
맵찔이,"매운 거 못 먹는 사람, 맵찔이 뜻, 맵기 조절",매운 음식을 잘 먹지 못하고 금방 괴로워하는 사람을 귀엽게 혹은 놀리듯 부르는 말.,"떡볶이 순한 맛을 주문하거나, 김치만 먹어도 물을 들이켜는 사람을 묘사할 때 사용함.","""미안한데 나 맵찔이라 신라면도 힘들어. 덜 매운 걸로 시키자.""",음식을 가리는 것을 진지하게 싫어하는 사람에게는 '맵찔이'라는 호칭이 실례가 될 수 있음.,"맵다' + '찌질이'의 합성어이나, 현재는 비하보다는 귀여운 약점의 의미로 쓰임.",[낀세대: Safe] / [외국인: Safe] / [복학생: Safe],전 연령대,"장난스러움, 솔직함","식성, 인물 묘사"
알쓰,"알코올 쓰레기 뜻, 술 못 마시는 사람, 주량",알코올 쓰레기'의 줄임말. 술을 아주 못 마시거나 한 잔만 마셔도 취하는 사람.,"회식 자리에서 주량을 물어볼 때, ""저는 술이 약합니다""라는 말 대신 위트 있게 대답할 때 사용함.","""부장님, 저 진짜 알쓰라서 맥주 반 잔이면 집에 가야 해요.""","단어에 '쓰레기'라는 비속어가 포함되어 있으므로, 공식적인 자리보다는 편한 술자리에서만 사용할 것.",술에 약한 것을 자조적으로 표현하던 인터넷 용어가 방송 자막 등을 통해 보편화됨.,[낀세대: Caution] / [외국인: Safe] / [복학생: Safe],20대 ~ 40대,"자조적, 가벼움, 솔직함","술 문화, 인물 묘사"
혼밥/혼술,"혼자 밥 먹기, 혼자 술 마시기, 1인 가구 밈",다른 사람 없이 혼자 식사하거나 술을 마시는 행위.,"혼자만의 여유를 즐기거나, 바쁜 일정 중 식사 해결 상황을 인증할 때 흔히 사용함.","""오늘은 퇴근하고 조용히 혼술 하면서 영화나 보려고.""",혼자 있는 것을 불쌍하게 여기는 옛날 사고방식으로 '너 왜 혼밥해?'라고 묻는 것이 안티패턴.,1인 가구 증가와 함께 '혼자 하는 문화'가 하나의 라이프스타일로 인정받으며 정착된 단어.,[낀세대: Safe] / [외국인: Safe] / [복학생: Safe],전 연령대,"여유로움, 독립적, 담백함","라이프스타일, 식사"
완밥,"완밥 뜻, 밥 다 먹음, 다 먹은 사진 인증",그릇을 깨끗이 비울 정도로 음식을 남기지 않고 다 먹었음을 뜻함.,맛집에서 정말 만족스러운 식사를 마쳤을 때 빈 그릇 사진과 함께 인증용으로 사용함.,"""여기 진짜 맛있네. 간만에 완밥했다!""","억지로 다 먹으라는 강요의 의미로 쓰이면 안 되며, 자신의 만족감을 나타낼 때만 쓰는 것이 좋음.","완료' + '밥'의 합성어로, 성취감을 중시하는 SNS 인증 문화에서 유래.",[낀세대: Safe] / [외국인: Safe] / [복학생: Safe],전 연령대,"만족감, 성취감, 깔끔함","음식, 인증 문화"
비번,"비밀번호 줄임말, 비번 뜻, 패스워드",비밀번호'를 두 글자로 줄여 부르는 말. 일상적인 대화에서 매우 빈번하게 사용됨.,"계정 정보를 공유하거나, 도어락 번호를 물어볼 때 간결하게 표현함.","""팀장님, 아까 공유해주신 파일 비번 좀 알려주세요.""",격식 있는 보안 관련 문서에서는 '비밀번호' 또는 '암호'라는 정식 명칭을 쓰는 것이 적절함.,단어를 줄여 쓰는 언어적 경제성 덕분에 커뮤니티와 일상 대화에서 정착.,[낀세대: Safe] / [외국인: Safe] / [복학생: Safe],전 연령대,"간결함, 효율적, 일상적","통신 용어, 정보 공유"
주불,"주소 불러 뜻, 주불 밈, 택배 보낼 때",주소 불러'의 줄임말. 주로 택배를 보내주거나 배달 음식을 시켜줄 때 상대방에게 주소를 묻는 말.,"친구에게 선물을 보내려 하거나, 무언가를 나눔 할 때 빠르고 쿨하게 주소를 요구하며 사용함.","""너 생일 선물 사놨어. 주불!"" / ""배고파? 떡볶이 보내줄게 주불.""",친하지 않은 사이에서 대뜸 '주불'이라고 하면 명령조로 들려 무례해 보일 수 있음.,10대들의 SNS와 메신저 대화에서 극강의 효율성을 추구하며 생겨난 줄임말.,[낀세대: Safe] / [외령인: Caution] / [복학생: Safe],10대 ~ 20대,"쿨함, 빠름, 친근함","소통, 선물/나눔"
갓매,"갓 매니저, 갓 매물, 좋은 거래",갓(God)' + '매니저' 혹은 '매물'의 합성어. 주로 일 잘하는 매니저나 가격 대비 훌륭한 중고 물건을 뜻함.,"업무 처리가 완벽한 담당자를 찬양할 때나, 중고 거래 시장에서 역대급 조건의 물건을 발견했을 때 사용.","""우리 담당자님 진짜 일 처리 대박... 갓매 인정합니다."" / ""이 가격에 이 상태면 진짜 갓매다.""","상황에 따라 의미가 달라질 수 있으므로(매니저 vs 매물), 맥락을 확인하고 사용해야 함.",최고를 뜻하는 접두사 '갓'이 여러 명사와 결합하며 탄생한 파생어 중 하나.,[낀세대: Safe] / [외국인: Safe] / [복학생: Safe],20대 ~ 30대,"찬사, 흥분, 만족감","인물 평가, 거래"
닉값,"닉네임 값 뜻, 이름대로 함, 닉값 하네",닉네임 값 한다'의 줄임말. 어떤 사람의 행동이나 실력이 그가 사용하는 별명과 완벽하게 일치할 때 사용.,"아이디가 '게임천재'인 사람이 실제로 게임을 압도적으로 잘할 때 ""오, 진짜 닉값 하네!""라고 칭찬함.","""닉네임이 '친절한 사람'인데 진짜 대답 잘해주시네. 닉값 인정.""",별명이 우스꽝스러운데 그에 맞는 우스꽝스러운 행동을 할 때 비꼬는 의미로도 쓰일 수 있으니 주의.,온라인 게임 및 커뮤니티에서 익명의 닉네임과 실체 간의 일치성을 보며 유래됨.,[낀세대: Safe] / [외국인: Safe] / [복학생: Safe],전 연령대,"감탄, 비꼼(상황별), 인정","인물 평가, 온라인 문화"
현타,"현실 자각 타임 뜻, 현타 옴, 허무함",현실 자각 타임'의 줄임말. 헛된 꿈이나 상상에 빠져 있다가 갑자기 냉혹한 현실을 깨닫고 허무함을 느끼는 순간.,"쇼핑에 돈을 너무 많이 썼거나, 게임을 하루 종일 하고 난 뒤 느끼는 허탈감을 표현할 때 사용함.","""잔고 보니까 갑자기 현타 오네... 내일부터 도시락 싸야겠다.""","원래 유래가 다소 성적인 맥락이 있었으므로, 너무 엄격한 자리에서는 사용에 유의할 필요가 있음.",일본의 신조어(현자타임)가 한국으로 건너와 '현실 자각'이라는 의미로 변형 및 정착됨.,[낀세대: Caution] / [외국인: Safe] / [복학생: Safe],20대 ~ 40대,"허무함, 냉소적, 자조적","감정 상태, 리액션"
갓성비,"가성비 끝판왕, 갓성비 뜻, 저렴하고 고퀄",갓(God)' + '가성비'의 합성어. 가격 대비 성능이나 품질이 말도 안 될 정도로 훌륭함을 극찬하는 말.,"저렴한 식당에서 양이 엄청나게 많거나, 싼 옷의 품질이 명품 못지않을 때 최고의 찬사로 사용함.","""이 식당 5천 원인데 고기가 이렇게 많아? 진짜 갓성비 대박이다.""","단순히 '싼 물건'을 뜻하는 게 아니라 '품질이 뒷받침'되어야 하므로, 질 낮은 싼 물건에 쓰면 안 됨.",가성비를 중시하는 합리적 소비 트렌드에 '갓' 접두사가 붙어 탄생한 용어.,[낀세대: Safe] / [외국인: Safe] / [복학생: Safe],전 연령대,"찬사, 만족감, 실속 있음","가치 평가, 소비"
미라클 모닝,"아침 일찍 일어나기, 루틴 만들기, 갓생 사는 법","이른 아침에 일어나 독서, 운동 등 자기계발을 하며 하루를 시작하는 자기관리 습관.","자신의 생산적인 아침 일과를 SNS에 인증하거나, 삶의 활력을 찾으려는 의지를 보일 때 사용함.","""나 내일부터 미라클모닝 도전한다! 새벽 5시에 운동 인증샷 올릴게.""","단순히 밤을 새우고 아침을 맞이하거나, 잠을 줄여가며 건강을 해치는 것은 미라클모닝의 본질이 아님.",할 엘로드의 저서 <미라클 모닝>에서 유래하여 코로나19 이후 '갓생' 트렌드와 함께 확산됨.,[낀세대: Safe] / [외국인: Safe] / [복학생: Safe],20대 ~ 40대,"의욕적, 성실함, 긍정","라이프스타일, 자기계발"
갑분싸,"갑자기 분위기 싸해짐, 아재개그 부작용, 분위기 파악",갑자기 분위기가 싸해지다'의 줄임말. 누군가의 말이나 행동으로 인해 화기애애하던 분위기가 어색해지는 현상.,"분위기에 맞지 않는 농담을 던졌을 때나, 예기치 못한 돌발 상황으로 찬물이 끼얹어졌을 때 사용.","""분위기 좋았는데 걔가 이상한 소리 해서 순식간에 갑분싸 됐잖아.""",슬픈 소식이나 진지한 상황에서 분위기가 가라앉는 것을 '갑분싸'라고 가볍게 말하면 무례해 보임.,인터넷 방송과 커뮤니티에서 유행하여 전 국민적인 신조어로 안착함.,[낀세대: Safe] / [외국인: Safe] / [복학생: Safe],전 연령대,"당황, 어색함, 위트","상황 묘사, 사회성"
TMI,"Too Much Information 뜻, 안 물어본 정보, 정보 과잉",Too Much Information'의 약자. 굳이 알고 싶지 않은 너무 사소하거나 과한 정보를 알려주는 것.,"상대방이 너무 개인적인 이야기를 하거나, 상황과 상관없는 불필요한 디테일을 말할 때 가볍게 사용함.","""오늘 아침에 양말 구멍 난 거 발견함. (아, 너무 TMI인가?)""",상대의 진지한 고민 상담이나 중요한 정보를 'TMI'라고 치부해 버리면 관계가 단절될 수 있음.,미국 영어권 은어에서 유래하여 한국의 인터넷 문화와 방송을 통해 대중화됨.,[낀세대: Safe] / [외국인: Safe] / [복학생: Safe],전 연령대,"가벼움, 솔직함, 유머러스","대화 방식, 정보 공유"
취저,"취향 저격 뜻, 딱 내 스타일, 마음에 쏙 듦",취향 저격'의 줄임말. 어떤 물건이나 사람이 자신의 취향에 완벽하게 부합할 때 쓰는 말.,"마음에 드는 옷을 발견하거나, 좋아하는 음악을 들었을 때 자신의 만족감을 즉각적으로 표현함.","""와, 이 카페 인테리어 진짜 내 취저다! 사진 찍기 너무 좋아.""",상대방이 공들여 준비한 것을 보고 무관심하게 반응하며 '이건 취저 아니네'라고 하는 것은 실례.,대중가요 가사나 쇼핑몰 마케팅 용어로 자주 사용되며 일상어화됨.,[낀세대: Safe] / [외국인: Safe] / [복학생: Safe],전 연령대,"기쁨, 만족, 확실함","감정 표현, 취향"
부먹/찍먹,"탕수육 소스 논란, 음식 취향, 부어 먹기 찍어 먹기",탕수육 소스를 고기에 부어 먹는 쪽(부먹)과 소스에 고기를 찍어 먹는 쪽(찍먹)을 나누는 음식 취향 논란.,"음식 취향이 갈리는 상황에서 서로의 스타일을 묻거나, 사소한 대립을 유머러스하게 즐길 때 사용함.","""난 무조건 찍먹파야. 바삭한 식감이 제일 중요하거든!""",상대방의 동의 없이 소스를 확 부어버리는 행동은 '부먹' 빌런으로 찍힐 수 있으니 주의.,한국의 중국집 배달 문화에서 시작된 유구한 역사와 전통의 식성 논란 밈.,[낀세대: Safe] / [외국인: Safe] / [복학생: Safe],전 연령대,"장난스러움, 열정적, 논쟁적","음식 문화, 취향 논란"
민초단,"민트초코 불호, 민트초코파, 민초 맛",민트초코 맛 음식을 좋아하는 사람들의 모임(민트초코+단). 반대말은 '반민초단'.,민트초코의 호불호를 두고 자신의 확고한 음식 취향을 드러내며 팬덤처럼 결속할 때 사용함.,"""나 진성 민초단인 거 알지? 오늘 후식은 무조건 민트초코 아이스크림이다.""",상대방이 민초를 치약 맛이라며 싫어하는데 억지로 먹이려고 하면 '민초 폭력'이 될 수 있음.,온라인상에서 민트초코 맛에 대한 극심한 호불호 토론이 놀이처럼 번지며 정착됨.,[낀세대: Safe] / [외국인: Safe] / [복학생: Safe],전 연령대,"자부심, 장난스러움, 팬덤적","음식 취향, 팬덤"
워케이션,"Workation 뜻, 일하며 휴가, 디지털 노마드",일(Work)과 휴가(Vacation)의 합성어. 휴가지에서 머물며 업무를 병행하는 새로운 근무 형태.,제주도나 강원도 같은 여행지에서 노트북을 켜고 업무를 보며 일상의 환기를 꾀할 때 사용함.,"""이번 주에는 강릉으로 워케이션 왔어. 낮에는 일하고 저녁엔 바다 보니까 좋다.""",휴가지에서 쉬지도 못하고 일만 하는 '노예케이션'이 되지 않도록 업무 강도 조절이 필수.,원격 근무가 활성화된 포스트 코로나 시대에 기업들의 새로운 복지나 트렌드로 급부상함.,[낀세대: Safe] / [외국인: Safe] / [복학생: Safe],20대 ~ 40대,"여유로움, 트렌디, 워라밸","직장 생활, 여행 트렌드"
mz하다,"mz 뜻, 요즘 애들 같다, 트렌디함, 꼰대 반대","MZ세대의 특징(솔직함, 개성, 디지털 친화 등)을 잘 보여주거나, 그런 스타일이 묻어날 때 사용하는 형용사적 표현.","세련된 장소나 독특한 패션, 혹은 권위주의를 탈피한 태도를 보며 긍정적 혹은 풍자적으로 사용함.","""부장님 오늘 점심 혼자 드시겠다고요? 와, 진짜 MZ하신데요?""","MZ'를 지나치게 정형화하여 상대를 비꼬거나, 모든 행동을 세대 차이로 치부할 때 쓰면 불쾌감을 줌.",언론에서 세대를 구분 짓기 시작한 용어가 온라인상에서 하나의 스타일이나 성격 묘사로 변형됨.,[낀세대: Caution] / [외국인: Safe] / [복학생: Safe],전 연령대,"위트, 풍자, 세대론적","사회 현상, 인물 묘사"
웅니,"언니 신조어, 아이돌 팬덤 용어, 웅니 뜻",언니'를 귀엽게 발음한 것. 주로 여성 팬들이 좋아하는 여성 아이돌이나 멋진 여성 선배를 부를 때 사용함.,"동경하는 대상에게 친근함과 애정을 듬뿍 담아 부르거나, 귀여운 척을 하고 싶을 때 사용.","""웅니... 오늘도 미모 미쳤다. 진짜 사랑해요 웅니!""",실제로 나이 차이가 많이 나는 어려운 선배에게 초면에 '웅니'라고 부르면 예의 없어 보일 수 있음.,트위터(X) 등 아이돌 팬덤 커뮤니티에서 유아어처럼 발음하던 것이 유행하며 확산됨.,[낀세대: Safe] / [외국인: Safe] / [복학생: Safe],10대 ~ 20대,"애교, 동경, 친근함","팬덤 문화, 호칭"
희망편/절망편,"현실/이상 차이, 결과물 비교, 밈 예시",같은 상황이나 주제에 대해 가장 이상적인 결과(희망편)와 가장 최악의 결과(절망편)를 대비시켜 보여주는 방식.,"자취 생활이나 다이어트, 혹은 게임 결과 등을 비유하며 자신의 현실이 처참함을 유머러스하게 표현함.","""내 자취 요리... 인스타 사진이 희망편이고, 지금 내 앞의 탄 고기가 절망편이다.""",타인의 진짜 비극적인 상황에 대해 '인생 절망편'이라고 조롱하는 것은 도덕적으로 지탄받을 수 있음.,일본 커뮤니티의 '절망적인 상황' 묘사 방식이 한국으로 넘어와 대중적인 비교 밈으로 정착됨.,[낀세대: Safe] / [외국인: Safe] / [복학생: Safe],10대 ~ 30대,"유머러스, 자조적, 극단적","상황 비교, 리액션"
고미사건,"고맙고 미안하고 사랑하고 건강하자, 김신영 밈","고맙습니다, 미안합니다, 사랑합니다, 건강하세요'의 줄임말. 진심 어린 감사와 안녕을 전하는 따뜻한 인사.","팬들에게 작별 인사를 하거나, 감동적인 마무리가 필요할 때 진심을 가득 담아 건네는 말.","""여러분, 오늘 너무 즐거웠어요! 마지막으로 다 같이 고미사건!""",줄임말을 모르는 어르신들에게 쓰면 무슨 '사건(Case)'이 터진 줄 알고 오해하실 수 있음.,방송인 김신영이 라디오 등에서 사용하여 훈훈한 분위기를 만들 때 쓰던 유행어.,[낀세대: Safe] / [외국인: Safe] / [복학생: Safe],20대 ~ 40대,"따뜻함, 감동, 진심","인사, 감정 표현"
킹아,"킹아 뜻, 우왁굳 밈, 좋다/최고다","킹(King)' + '좋아'의 합성어. 매우 좋다, 최고다, 대박이다라는 뜻으로 쓰이는 강한 긍정의 감탄사.","예상치 못한 이득을 얻었거나, 누군가의 실력이 대단할 때 기쁨을 격하게 표현하며 사용함.","""오늘 급식 메뉴가 치킨이라고? 킹아!"" / ""방금 컨트롤 진짜 킹아였다.""",인터넷 방송 문화가 낯선 자리에서 쓰면 무슨 뜻인지 몰라 소통이 안 될 수 있음.,스트리머 '우왁굳'과 그 팬덤인 '왁타버스' 내부에서 쓰이던 유행어가 외부로 퍼짐.,[낀세대: Safe] / [외국인: Safe] / [복학생: Safe],10대 ~ 20대,"신남, 긍정, 격한 기쁨","감탄사, 리액션"
제곧내,"제목이 곧 내용, 냉무 뜻, 짧은 글",제목이 곧 내용'의 줄임말. 게시글의 본문에 추가 설명 없이 제목만으로 모든 할 말을 다 했을 때 사용함.,바쁠 때 질문이나 용건을 제목에 다 쓰고 본문에는 '제곧내' 세 글자만 남겨 효율성을 추구함.,제목: [오늘 회식 장소 어딘가요?] 본문: 제곧내,예의를 갖춰야 하는 공식적인 메일이나 공지사항에 '제곧내'라고 쓰면 성의 없어 보임.,PC 통신 시절부터 이어져 온 '냉무(내용 없음)'의 현대판 줄임말로 커뮤니티 문화의 산물임.,[낀세대: Safe] / [외국인: Safe] / [복학생: Safe],20대 ~ 40대,"효율적, 간결함, 쿨함","게시판 문화, 소통"
가스라이팅,"심리적 지배, 가스라이팅 뜻, 조종당함","타인의 심리나 상황을 교묘하게 조작해, 그 사람이 스스로를 의심하게 만들어 지배력을 행사하는 정서적 학대.","연인, 직장, 가족 관계에서 은연중에 상대를 억압하거나 자기 뜻대로 조종하려는 행위를 비판할 때 사용함.","""너 지금 나한테 '다 너 잘되라고 하는 소리'라면서 가스라이팅 하는 거지?""",단순히 의견 차이가 있거나 기분 나쁜 말을 들었다고 해서 무조건 '가스라이팅'이라고 남용하면 단어의 무게감이 가벼워짐.,연극 <가스등(Gaslight)>에서 유래된 심리학 용어가 대중적으로 확산되며 관계 분석의 틀로 쓰임.,[낀세대: Caution] / [외국인: Safe] / [복학생: Safe],전 연령대,"심각함, 경계, 비판적","인간관계, 심리 분석"
Flex,"플렉스 뜻, 돈 자랑, 부의 과시, 힙합 용어","자신의 부나 귀중품을 과시하거나, 큰 비용을 지출하며 만족감을 얻는 행위.","고가의 명품을 구입하거나, 한턱 크게 낼 때 자신의 성공과 여유를 당당하게 드러내며 사용함.","""그동안 고생한 나를 위해 이번에 명품 가방 하나 플렉스 해버렸지 뭐야!""",분수에 맞지 않는 과소비를 하거나 남을 무시하며 돈 자랑을 할 때 쓰면 비호감을 살 수 있음.,미국 힙합 문화에서 '근육을 뽐내다'는 뜻이 '부를 과시하다'로 변형되어 국내에 정착함.,[낀세대: Safe] / [외국인: Safe] / [복학생: Safe],전 연령대,"당당함, 화려함, 자기만족","소비 문화, 라이프스타일"
스포,"스포일러 뜻, 결말 유출, 영화 스포 주의, 스포 금지","영화, 소설, 게임 등의 주요 줄거리나 반전, 결말을 미리 알려서 관람의 재미를 망치는 행위.","작품을 아직 보지 않은 사람 앞에서 핵심 내용을 말하려고 하거나, SNS에 리뷰를 올릴 때 주의 문구로 사용함.","""아직 영화 안 본 사람 있으면 조심해! 지금부터 강력한 스포 나간다.""","상대방의 동의 없이 결말을 말하는 것은 매너 없는 행동이며, '스포'라는 말 뒤에 진짜 내용을 붙여버리는 실수 주의.",망치다라는 뜻의 영단어 'Spoil'에서 유래하여 콘텐츠 소비 문화의 필수 용어가 됨.,[낀세대: Safe] / [외국인: Safe] / [복학생: Safe],전 연령대,"주의, 경고, 배려",콘텐츠 에티켓
갓반인,"일반인 갓, 연예인 같은 일반인, 현생 사는 사람","갓(God)' + '일반인'의 합성어. 연예인이 아니지만 외모/능력이 뛰어나거나, 덕질을 안 하고 평범한 일상을 즐겁게 사는 사람.","팬덤 문화에서 '덕후'들이 자신들과 대비되는 비-덕후 친구들을 지칭하거나, 외모가 뛰어난 일반인을 찬양할 때 사용.","""내 친구는 덕질도 안 하는데 피부도 좋고 갓반인 그 자체라 너무 부러워.""",스스로를 높이기 위해 '난 갓반인이다'라고 하면 덕후들을 비하하는 느낌을 줄 수 있으므로 상황에 맞게 사용.,아이돌 팬덤 커뮤니티에서 팬(덕후)과 대비되는 일반인의 평범한 삶을 동경하거나 칭찬하며 탄생.,[낀세대: Safe] / [외국인: Safe] / [복학생: Safe],10대 ~ 30대,"부러움, 찬사, 자조적","팬덤 용어, 인물 묘사"
지능순,"탈덕은 지능순 뜻, 똑똑한 사람, 탈출은 지능순","특정 집단이나 취미에서 빨리 빠져나오는 것이 지능이 높은 증거라는 뜻으로, 보통 부정적인 대상을 탈출할 때 사용함.","망해가는 게임이나 논란이 많은 팬덤, 고통스러운 조직에서 빨리 퇴사/탈퇴하는 상황을 비유할 때 씀.","""야, 그 게임 아직도 해? 탈퇴는 지능순이라니까. 빨리 나와라.""",현재 그 조직에 남아서 열심히 노력하는 사람들에게 대놓고 쓰면 '너는 멍청하다'는 모욕이 될 수 있음.,온라인 커뮤니티에서 특정 정치적 상황이나 망해가는 서비스를 비판하며 유행한 표현.,[낀세대: Caution] / [외국인: Safe] / [복학생: Safe],20대 ~ 30대,"냉소적, 비판적, 팩폭","비판, 사회 현상"
손민수,"손민수하다 뜻, 따라쟁이, 손민수템 추천","웹툰 캐릭터의 이름에서 유래하여, 다른 사람의 패션, 소지품, 스타일 등을 그대로 따라 하는 행위나 사람.","좋아하는 연예인이 쓴 물건을 따라 사고 싶을 때(긍정)나, 내 스타일을 자꾸 베끼는 사람이 싫을 때(부정) 사용.","""제니가 쓴 저 핀 너무 예쁘다. 나도 이번에 손민수 해야지!""",상대방이 싫어하는데도 모든 것을 스토커처럼 똑같이 따라 하는 행위는 부정적인 '손민수'가 됨.,웹툰 <치즈인더트랩>에서 주인공의 모든 것을 따라 하며 괴롭히던 캐릭터 '손민수'에서 유래.,[낀세대: Safe] / [외국인: Safe] / [복학생: Safe],10대 ~ 30대,"모방, 동경, 때로 짜증","소비 문화, 인간관계"
조용한퇴사(Quiet Quitting),"Quiet Quitting 뜻, 적당히 일하기, 직장인 밈","직장을 실제로 그만두지는 않지만, 정해진 시간과 업무 범위 내에서 최소한의 일만 하며 심리적으로 직장과 거리를 두는 태도.",회사에 과도하게 헌신하기보다 워라밸을 중시하며 '받은 만큼만 일하겠다'는 MZ세대 직장인의 철학을 표현함.,"""나 이제 무리해서 야근 안 하려고. 요즘 조용한 퇴사 중이거든.""",업무 태만으로 이어져 동료들에게 피해를 주면서 이를 '조용한 퇴사'라는 트렌드로 포장하면 무책임해 보임.,미국에서 'Quiet Quitting'이라는 용어가 유행하며 국내 언론과 커뮤니티를 통해 빠르게 확산됨.,[낀세대: Safe] / [외국인: Safe] / [복학생: Safe],20대 ~ 40대,"냉소적, 현실적, 워라밸","직장 생활, 사회 트렌드"
혐관(Hate-Love),"혐오 관계 뜻, 애증의 관계, 드라마 케미",혐오하는 관계'의 줄임말. 서로 싫어하는 듯 보이지만 사실은 강하게 얽혀 있거나 묘한 긴장감을 주는 매력적인 관계성.,"드라마, 웹툰의 남녀 주인공이 만나기만 하면 싸우는데 시청자 눈에는 그게 사랑으로 보일 때 최고의 '혐관 맛집'이라 함.","""이번 드라마 주인공들 혐관 케미 미쳤다... 맨날 싸우는데 너무 설레.""",실제로 서로 증오하며 폭력을 휘두르는 심각한 원수 사이에는 이 로맨틱한 뉘앙스의 단어를 쓰지 않음.,장르 소설과 드라마 팬덤에서 캐릭터 간의 서사를 분류하며 만들어진 용어.,[낀세대: Safe] / [외국인: Safe] / [복학생: Safe],10대 ~ 30대,"과몰입, 설렘, 흥미진진","관계성, 콘텐츠 감상"
생존신고,"근황 뜻, 살아있음 알림, 오랜만의 SNS",오랫동안 연락이 없거나 SNS 활동을 안 하던 사람이 오랜만에 게시물을 올려 자신의 안부를 전하는 것.,"바쁜 일상 끝에 ""나 잘 살아있어""라고 가볍게 인사를 건네거나, 오랜만에 단톡방에 나타났을 때 사용함.","""진짜 오랜만이다! 다들 바빠서 연락 못 했네. 오늘 생존신고 합니다~""",정말 위험한 재난 상황에서 구조 요청을 하는 행위와 혼동되지 않도록 평화로운 일상 맥락에서만 사용.,군대나 위급 상황에서 살아있음을 보고하는 군대 용어가 일상적인 안부 묻기로 희화화됨.,[낀세대: Safe] / [외국인: Safe] / [복학생: Safe],전 연령대,"반가움, 가벼움, 일상적","안부, SNS 활동"
박제,"온라인 박제 뜻, 캡처해서 보관, 망신 주기",누군가의 발언이나 게시물을 캡처하여 삭제하지 못하도록 온라인 커뮤니티나 SNS에 영구적으로 게시하는 행위.,"누군가 멍청한 소리를 하거나 논란이 될 만한 글을 올렸을 때, ""증거 남긴다""는 의미로 캡처본을 올리며 사용함.","""방금 저 사람이 한 말 절대 못 지우게 박제 완료. 나중에 딴소리 못 하겠지?""",개인정보를 유출하거나 사생활을 악의적으로 퍼뜨리는 '박제'는 사이버 불링(괴롭힘)이 될 수 있어 주의.,"동물을 박제하여 영구히 보존하는 것에 비유하여, 인터넷 기록을 영구 보존한다는 의미로 변형됨.",[낀세대: Safe] / [외국인: Caution] / [복학생: Safe],10대 ~ 30대,"단호함, 경고, 조롱적","온라인 문화, 증거 수집"
맑눈광,"맑은 눈의 광인 뜻, 안유진 맑눈광, 속을 모르는 사람",눈은 맑고 초롱초롱하지만 그 뒤에 광기나 단호함을 숨기고 있어 예측 불가능한 행동을 하는 사람.,"겉보기엔 순수하고 선해 보이지만, 할 말은 다 하거나 상황을 주도하는 반전 매력을 보일 때 사용함.","""새로 온 인턴, 웃으면서 야근 못 한다고 하는데 진짜 맑눈광 그 자체더라.""","눈이 맑지 않거나 단순히 화를 내는 사람에게는 쓰지 않으며, 광기의 '반전' 요소가 핵심임.",예능 <SNL 코리아>의 캐릭터와 아이돌 안유진의 눈빛 등을 묘사하며 대중화됨.,[낀세대: Safe] / [외국인: Safe] / [복학생: Safe],10대 ~ 30대,"경이로움, 당황, 위트","인물 묘사, 캐릭터"
N잡러,"프로 n잡러, 부업 하는 법, 멀티 커리어, 직업 여러 개",본업 외에도 여러 개의 직업이나 부업을 병행하며 다양한 수입원을 가진 사람.,단순히 아르바이트를 하는 수준을 넘어 자신의 재능을 활용해 다각도로 경제 활동을 하는 현대인을 지칭함.,"""평일엔 디자이너, 주말엔 요가 강사에 유튜버까지 하는 진정한 N잡러네.""",단순히 일거리가 많아 바쁜 사람을 뜻하기보다 각 영역에서 '직업적' 정체성이 있을 때 주로 쓰임.,N(수치)' + 'Job(직업)' + 'er(~하는 사람)'의 합성어로 신조어화됨.,[낀세대: Safe] / [외국인: Safe] / [복학생: Safe],20대 ~ 40대,"갓생, 부지런함, 전문적","직업관, 라이프스타일"
스웩Swag,"스웩 뜻, 힙합 스웩, 자기 과시, 멋짐 폭발","자신만의 독특한 스타일, 아우라, 혹은 거침없는 자신감을 표현하는 용어.","주로 힙합 문화에서 유래하여 멋진 옷차림이나 태도, 혹은 당당한 자기표현을 칭찬할 때 사용함.","""와, 오늘 입은 옷 스타일 진짜 스웩 넘친다!""",허세가 너무 심하거나 주변을 배려하지 않는 무례함을 스웩으로 포장하면 거부감을 줄 수 있음.,"셰익스피어 작품에서 유래했다는 설이 있으나, 현대적 의미는 미국 힙합 문화에서 확립됨.",[낀세대: Safe] / [외국인: Safe] / [복학생: Safe],전 연령대,"당당함, 힙함, 자신감","패션, 태도, 문화"
킹리적 갓심,"합리적 의심 뜻, 킹갓 밈, 왠지 그럴듯함","합리적 의심'의 강조형으로, 정황상 거의 확실해 보이는 합리적인 추측이나 의심을 유머러스하게 표현한 말.","객관적인 증거는 부족하지만 여러 정황이 한곳을 가리킬 때, 나만의 확신을 위트 있게 표현함.","""얘네 둘이 오늘 같이 연차 썼다고? 이건 킹리적 갓심인데?""",근거 없는 비난이나 악의적인 루머를 퍼뜨리면서 이 용어를 쓰면 정당화가 되지 않으므로 주의.,킹(King)' + '합리적' + '갓(God)' + '의심'을 합친 디시인사이드 등 커뮤니티 용어.,[낀세대: Safe] / [외국인: Caution] / [복학생: Safe],10대 ~ 30대,"유머, 확신, 추론","논리적 추측, 커뮤니티"
맛도리,"맛집 추천, 정말 맛있는 음식, 먹방 용어",음식이 아주 맛있을 때 사용하는 감탄사 혹은 그런 음식을 지칭하는 말.,맛있는 식당을 공유하거나 방금 먹은 음식의 감동을 표현할 때 '맛있다' 대신 세련되게 사용함.,"""이 집 떡볶이 소스가 진짜 맛도리네! 무조건 다시 온다.""",맛이 평범하거나 호불호가 갈리는 음식에 남발하면 정보의 신뢰도가 떨어질 수 있음.,경상도 방언 '맛도리(맛있는 것)'에서 유래했다는 설과 함께 최근 먹방 채널을 통해 확산됨.,[낀세대: Safe] / [외국인: Safe] / [복학생: Safe],10대 ~ 30대,"즐거움, 감탄, 만족감","음식, 라이프스타일"
기강잡다,"기강 확립 뜻, 예의 차리기, 실력 보여주기","느슨해진 분위기를 다잡거나, 본인의 실력을 보여주어 상대방이 함부로 하지 못하게 압도함.","주로 예능이나 게임에서 압도적인 실력 차이를 보여줄 때나, 후배나 동료의 태도를 바로잡을 때 농담 반 진담 반으로 씀.","""축구 국가대표팀이 오늘 경기에서 제대로 기강 잡았네.""",실제로 폭력을 행사하거나 강압적인 위계질서를 강요하는 '꼰대' 짓을 기강 잡는다고 표현하면 안 됨.,군대나 조직의 기강을 바로 세우는 행위가 온라인상에서 희화화되거나 강조된 표현.,[낀세대: Safe] / [외국인: Safe] / [복학생: Safe],전 연령대,"단호함, 압도적, 카리스마","관계, 실력 증명"
이거맞나,"이게 맞나 뜻, 황당한 상황, 현타 옴",자신이 처한 상황이 상식적으로 이해되지 않거나 어처구니없을 때 스스로에게 던지는 자문.,계획대로 되지 않거나 믿기 힘든 결과를 마주했을 때 허탈함과 황당함을 담아 혼잣말처럼 사용함.,"""시험 범위가 갑자기 두 배로 늘어났다고? 이거 맞나...""","정답이 확실한 상황에서 단순히 물어보는 용도가 아니라, 상황의 '부조리함'이 느껴질 때 쓰는 게 포인트.",게이머들이나 유튜버들이 예상치 못한 버그나 상황을 겪을 때 쓰면서 유행함.,[낀세대: Safe] / [외국인: Safe] / [복학생: Safe],10대 ~ 30대,"황당함, 허탈함, 의구심","리액션, 상황 인지"
쌉가능,"무조건 가능, 당연히 됨, 자신감 밈","매우', '완전'을 뜻하는 강조어 '쌉'과 '가능'이 합쳐져, 어떤 일이 아주 쉽게 가능하다는 확신.",누군가의 부탁이나 과제를 충분히 해낼 수 있다고 호언장담하거나 자신감을 보일 때 사용함.,"""내일까지 이 보고서? 걱정 마, 쌉가능이지!""","쌉'이라는 표현이 비속어적인 느낌을 줄 수 있어, 격식 있는 자리나 어른들 앞에서는 사용을 피해야 함.",인터넷 커뮤니티에서 강조 접두사 '쌉'이 유행하며 자연스럽게 만들어진 용어.,[낀세대: Caution] / [외국인: Safe] / [복학생: Safe],10대 ~ 20대,"자신만만, 시원함, 긍정","의사 표현, 자신감"
심멎,"심쿵 뜻, 심장이 멎을 뻔, 너무 예쁨/멋짐",너무 설레거나 놀라워서 심장이 멎을 것 같다는 뜻의 '심장 멎음' 줄임말.,"좋아하는 연예인의 외모나 귀여운 동물, 혹은 감동적인 상황을 마주했을 때 극도의 설렘을 표현함.","""방금 그 웃는 모습 봤어? 진짜 심멎이다...""",공포 영화를 보고 심장이 멎을 뻔한 무서운 상황보다는 주로 '설레는' 긍정적 상황에 많이 쓰임.,SNS와 팬덤 문화에서 '심쿵'보다 더 강한 표현을 찾으면서 정착된 용어.,[낀세대: Safe] / [외국인: Safe] / [복학생: Safe],전 연령대,"설렘, 황홀, 놀람","감정 표현, 리액션"
반박시네말이맞음,"반박 시 니 말이 맞음 뜻, 내 의견 고수, 논쟁 회피","내 의견을 강하게 주장하지만, 더 이상의 소모적인 논쟁은 거부하겠다는 쿨한(혹은 뻔뻔한) 선언.","주관적인 취향이나 의견을 올린 뒤, 태클 거는 사람들에게 ""싸우기 싫으니 네가 맞다고 치자""는 식으로 방어막을 칠 때 사용.","""오늘 점심은 무조건 돈까스가 최고임. 반박 시 네 말이 맞음.""",자신의 명백한 논리적 오류나 잘못을 지적받았는데도 무조건 이 문구로 입을 막으려 하면 소통 불가능자로 보임.,커뮤니티에서 키보드 배틀에 지친 유저들이 논쟁을 원천 차단하기 위해 사용하며 밈이 됨.,[낀세대: Safe] / [외국인: Safe] / [복학생: Safe],10대 ~ 30대,"단호함, 유머러스, 논쟁 차단","의사 표현, 커뮤니티"
현웃,"실제 웃음, 현웃 터짐 뜻, LOL 의미, 현실 웃음 줄임말",현실 웃음'의 줄임말. 온라인 게시물을 보다가 실제로 소리 내어 웃음이 터진 상태.,"단순히 'ㅋㅋㅋ'를 치는 수준을 넘어, 실제로 빵 터졌음을 강조하여 상대에게 전달할 때 사용함.","""아, 이 영상 진짜 현웃 터졌네 ㅋㅋㅋ 멈출 수가 없어.""",웃기지 않은데 습관적으로 사용하면 대화의 진정성이 떨어질 수 있음.,영어권의 'LOL(Laugh Out Loud)'과 유사한 개념으로 한국 인터넷 환경에서 정착됨.,[낀세대: Safe] [외국인: Safe] 매우 건전하고 일상적인 표현.,[전 연령대] 유머러스한 소통을 즐기는 층.,"솔직, 유쾌, 즐거움","감정, 리액션"
입틀막,"입틀막 뜻, 입틀막 챌린지, 과잉 경호 논란, 감동 입틀막","입을 틀어막는다'의 줄임말. 너무 감동해서 울음을 참거나, 혹은 권력에 의해 강제로 언론/비판이 차단된 상태.","원래는 슬픔/감동의 표현이었으나, 현재는 정부의 과잉 경호나 언론 통제를 비판하는 정치적 밈으로도 널리 쓰임.","""너무 감동해서 입틀막...ㅠㅠ"" / ""이런 식이면 국민들 다 입틀막 당하겠네.""",정치적 비판 상황에서 가벼운 감동의 의미로만 사용하면 맥락 파악을 못 한다는 오해를 살 수 있음.,2024년 2월 특정 정치적 사건(과잉 경호 논란) 이후 저항의 의미가 담긴 '입틀막 챌린지'로 확산됨.,[낀세대: Caution] [외국인: Danger] 정치적 민감도 높음.,[20-50대] 시사/정치에 관심 있는 층.,"감동, 비판, 저항","사회, 정치, 감정"
웅장해진다,"가슴이 웅장해진다 뜻, 미안하다 이거 보여주려고, 나루토 밈, 웅장해진다 유래",가슴이 웅장해진다'. 아주 감동적이거나 압도적인 광경을 보았을 때의 벅찬 감정을 익살스럽게 표현함.,"실제 웅장함보다는 우스꽝스럽게 과장된 상황이나, 대상에 대한 과도한 팬심을 유머러스하게 드러낼 때 사용함.","""세계관 최강자들의 싸움이다... 진짜 가슴이 웅장해진다.""","진지하고 엄숙한 공식 행사(장례식, 기념식 등)에서 사용하면 큰 결례가 될 수 있음.","만화 <나루토> 관련 온라인 커뮤니티 게시글 ""미안하다 이거 보여주려고 어그로 끌었다""에서 유래.",[낀세대: Safe] [외국인: Safe] 코믹한 감탄사.,[10-30대] 애니메이션 및 커뮤니티 유저.,"과장, 익살, 경탄","리액션, 애니메이션"
이게되네?,"이게 되네 뜻, 개발자 유머, 예상 밖 성공, 챗GPT 이게되네",상식적으로 불가능해 보이거나 기대하지 않았던 일이 기적적으로 성공했을 때의 놀라움과 황당함.,"엉망인 코드가 돌아가는 개발 상황이나, 밑져야 본전으로 시도한 일이 성공했을 때 감탄사로 사용함.","""코드 진짜 대충 짰는데 이게 되네?"", ""설마 당첨되겠어 했는데 이게 되네?""",당연히 성공할 일에 사용하면 상대방의 노력이나 전문성을 폄하하는 것처럼 들릴 수 있음.,개발자들 사이의 '작동 원리를 모르는 성공' 유머에서 시작되어 AI 신기술 활용 분야까지 확장됨.,[낀세대: Safe] [외국인: Safe] 긍정적인 반전 표현.,[전 연령대] 특히 IT/게임 및 도전적 과업 수행자.,"경이, 황당, 만족","성취, IT, 논리"
저세상텐션,"미친 흥, 엄청난 에너지, 텐션 높이는 법, 하이텐션 뜻","상식을 초월하거나 비정상적으로 높아 보이는 에너지와 흥분 상태를 뜻하는 신조어입니다. 여기서 '저세상'은 '죽은 다음의 세상'이라는 본래 의미를 넘어, '이 세상의 것이 아닌', '엄청난', '대단한' 등의 과장된 의미로 사용됩니다.","엄청난 에너지: 보통 사람의 범주를 훨씬 뛰어넘는 과도한 활력이나 흥을 표현할 때 사용됩니다. 비정상적인 수준: 긍정적인 의미로든 부정적인 의미로든, 그 수준이 너무 높아서 일반적이지 않다는 뉘앙스를 담고 있습니다.","춤을 격렬하게 추거나, 예상치 못한 기행을 보이거나, 매우 신나는 상황에서 기분이 최고조에 달했을 때 등 다양한 상황에서 사용됩니다. 예: ""어제 신입 사원 환영회 봤어? 진짜 저세상텐션이라 다들 입을 못 다물었잖아.""","긍정/부정 모두 쓰이지만 수준이 너무 높아 일반적이지 않다는 뉘앙스가 있으므로, 매우 정적인 자리에서는 사용에 주의가 필요합니다.","예능 프로그램 등에서 자주 사용되며 유행어로 자리 잡았으며, 인터넷 밈으로도 활발하게 활용되었습니다.",[낀세대: Safe] / [외국인: Safe] / [복학생: Safe],전 연령대,"활기참, 감탄, 비정상적 에너지","상태 묘사, 리액션"
눈치챙겨,"눈치 좀 봐라, 상황 파악 못함, 분위기 파쇄기, 넌씨눈","상대방이 상황 파악이 늦거나 분위기를 못 읽을 때 ""이제 좀 상황 파악 좀 해!""라는 의미로, '눈치 좀 챙겨라'는 뜻을 가진 신조어 밈입니다.","상황 파악 촉구: 상대방이 눈치 없이 행동하거나, 너무 둔감하게 반응할 때 ""이 정도면 알아채야지!""라는 의미로 사용됩니다. 답답함 표현: 주로 온라인 커뮤니티나 SNS에서 특정 상황의 답답함이나 뻔한 사실을 지적할 때 쓰이며, 때로는 비꼬는 듯한 뉘앙스도 담겨 있습니다.","""내가 이렇게 힌트를 주는데, 아직도 모른다고? 눈치챙겨!"" / ""다들 알면서 모르는 척하는데, 제발 눈치 좀 챙겨라.""","2020년대 초반부터 MZ세대 사이에서 유행하기 시작했으며, 답답하거나 어색한 상황에서 '알아서 잘 해라'는 뉘앙스로 쓰이는 유행어입니다. 예의를 갖춰야 할 관계에서는 공격적으로 들릴 수 있습니다.","정확한 기원은 불분명하지만, Z세대의 언어 문화 속에서 자연스럽게 생겨난 표현으로 보이며, 게임이나 방송 등 다양한 매체를 통해 확산되었습니다.",[낀세대: Safe] / [외국인: Caution] / [복학생: Safe],10대 ~ 30대,"답답함, 단호함, 비꼼","관계, 훈계, 일상어"
드립력,"농담 잘하는 법, 센스 있는 말솜씨, 유머 감각 칭찬, 드립 뜻","드립력은 '드립'과 '능력(력)'이 합쳐진 말로, 재치 있는 농담이나 즉흥적인 말장난을 잘하는 능력을 의미합니다. 어떤 이의 말솜씨가 특히 뛰어남을 칭찬할 때 사용됩니다.","드립: 밈의 하위 개념으로, 밈 중에서도 유행하는 '말'이나 '언어적 농담'에 초점을 맞춘 표현입니다.","""와, 아까 부장님 농담 받아치는 거 봤어? 진짜 드립력 미쳤다.""","상대방이 불쾌해할 만한 선 넘는 발언이나 혐오 표현을 던진 후, 반응이 안 좋자 ""드립인데 왜 그래?""라며 본인의 무례함을 '드립력'으로 포장하는 경우. 이는 드립이 아니라 단순한 실례입니다.",애드리브'에서 파생된 '드립'과 능력을 뜻하는 '력(力)'의 합성어입니다.,[낀세대: Safe] / [외국인: Safe] / [복학생: Safe],전 연령대,"재치, 찬사, 감탄","재능 평가, 유머"
대환장파티,"최악의 상황, 엉망진창, 카오스 뜻, 어이없는 사고","큰 대(大) + 환장(換腸, 몹시 미치거나 어처구니없는 상태) + 파티'가 결합된 신조어로, '정말 어처구니없고 혼란스러운 상황'을 유머러스하게 표현할 때 쓰이는 밈입니다.","한국 인터넷 커뮤니티에서 주로 사용하며, 믿기 힘들 정도로 황당하거나 말도 안 되는 사건/사고, 혹은 그런 상황이 연이어 벌어지는 모습을 비꼬거나 묘사할 때 사용됩니다.","""오늘 회사에서 일어난 일은 진짜 대환장파티였어. 10분 만에 3번이나 서버가 터졌잖아."" / ""유튜브 콘텐츠에서 보여준 즉흥 여행은 정말 대환장파티 케미였다.""","환장(換腸)'은 원래 '장을 바꾸다'는 뜻으로 심하게 화가 나거나 미칠 것 같은 상태를 비유하는데, 실제 인명 피해가 있는 등 비극적인 상황에 유희적으로 쓰면 부적절합니다.",상황의 혼란스러움을 극대화하기 위해 '큰 대(大)'와 '파티'를 결합한 형태입니다. AI가 엉뚱한 결과를 내놓는 상황을 'AI 찌꺼기 대환장파티'라고 부르기도 합니다.,[낀세대: Safe] / [외국인: Safe] / [복학생: Safe],전 연령대,"황당함, 혼란, 비꼼","상황 묘사, 리액션"
의문의1패,"나도 모르게 짐, 팩폭 당함, 아이러니한 상황, 억울한 패배","어떤 사람이 한 말이나 예측과 정반대되는 상황이나 행동이 나타났을 때, 그 사람의 말이 틀렸음을 억울하게 인정하는 것처럼 비꼬는 인터넷 밈(meme)입니다.","본인은 이기고 싶거나 유리한 상황을 말했지만, 현실은 패배하는 상황이 되어버려 '나도 모르게 진 셈'이 되었다는 뜻으로 사용되며, 주로 'OOO 의문의 1승'의 반대 의미로 쓰입니다.","""나는 오늘 저녁에 치킨을 안 먹을 거야""라고 말한 뒤, 치킨을 먹는 상황이 발생하면 ""나 자신, 의문의 1패""라고 표현하는 식입니다.","뉘앙스: '의문의 1승'이 긍정적인 결과에 대한 놀라움을 표현한다면, '의문의 1패'는 씁쓸함, 어이없음, 또는 상황의 아이러니함을 강조하므로 단순한 패배에는 쓰지 않습니다.","주로 특정 인물, 집단, 또는 자신의 발언이 현실과 다르게 흘러갈 때 사용되며, 스포츠 승패 기록 방식에서 유래된 인터넷 밈입니다.",[낀세대: Safe] / [외국인: Safe] / [복학생: Safe],10대 ~ 40대,"자조적, 씁쓸함, 아이러니","승패 비유, 리액션"
안구정화,"눈 정화, 잘생긴 사진, 예쁜 풍경, 힐링 짤","문자 그대로 '더럽혀진 눈을 깨끗이 씻어낸다'는 뜻으로, 아름다운 풍경이나 매력적인 인물, 보기 좋은 사진 등을 보면서 시각적인 만족을 얻는 행위를 비유적으로 이르는 말입니다.","안구테러' 후: 혐오스럽거나 지저분한 것, 보기 싫은 것을 보고 난 뒤 그 잔상을 지우기 위해 사용합니다. 시각적인 즐거움을 느낄 때: 잘생긴 연예인 사진, 예쁜 풍경 사진 등을 공유하며 기분 전환을 하는 것을 의미합니다.","""업무 때문에 스트레스 받았는데, 이 고양이 영상 보니까 안구정화 제대로 된다."" / ""다 같이 안구정화해요.""",이 표현은 인터넷에서 '안구테러'라는 반대 의미의 신조어와 함께 널리 퍼졌습니다. 시각적 가치에만 치중한 표현이므로 진지한 미학적 비평 자리에서는 가벼워 보일 수 있습니다.,힐링'의 의미를 담아 답답하거나 지루한 일상에서 벗어나 눈을 즐겁게 하는 문화를 바탕으로 하나의 밈으로 자리 잡았습니다.,[낀세대: Safe] / [외국인: Safe] / [복학생: Safe],전 연령대,"감탄, 만족감, 힐링","시각/감상, 감탄"
일코,"일반인 코스프레 뜻, 덕후 숨기기, 일코용 배경화면",일반인 코스프레'의 줄임말. 덕후(팬)가 아닌 척 일반인처럼 행동하는 것.,직장이나 학교 등 덕후임을 밝히기 어려운 사회적 상황에서 정체를 숨길 때 사용.,"""나 회사에서는 완전 일코 중이라 책상에 굿즈 하나도 안 뒀어.""",일코 중인데 카톡 프사가 연예인 사진이면 바로 들통남.,온라인 커뮤니티에서 팬 활동을 숨기는 행태를 묘사하며 탄생.,[낀세대: Safe] / [외국인: Safe] / [복학생: Safe],10대 ~ 40대 (사회생활 하는 팬층),"비밀스러운, 조심스러운, 자조적","팬덤 문화, 사회생활"
어덕행덕,"어차피 덕질할 거 행복하게, 덕질 좌우명, 행복한 덕후",어차피 덕질할 거 행복하게 덕질하자'의 줄임말. 스트레스받지 않는 즐거운 팬 활동을 강조.,"팬들끼리 싸우거나 성적에 연연할 때, 초심으로 돌아가 즐겁게 응원하자는 의미로 사용.","""남들이 뭐라든 상관없어. 우리 어덕행덕 하자!""",행복하려고 하는 덕질인데 남과 비교하며 괴로워하면 어덕행덕이 아님.,팬덤 내에서 과도한 경쟁이나 피로감을 느낀 팬들이 만든 힐링 문구.,[낀세대: Safe] / [외국인: Safe] / [복학생: Safe],전 연령대,"긍정적, 힐링, 평화로움","마인드셋, 팬덤 문화"
이선좌,"이미 선택된 좌석입니다, 티켓팅 실패, 예매 오류 문구",티켓 예매 시 내가 클릭한 자리를 누군가 먼저 결제했을 때 뜨는 문구 '이미 선택된 좌석입니다'.,티켓팅 전쟁에서 패배했을 때의 허탈함과 분노를 표현할 때 대명사처럼 사용.,"""와... 방금 이선좌만 10번 봤어. 이번 콘서트 못 가나 봐.""",예매에 성공한 사람에게 이선좌라고 하면 맥락에 맞지 않음,인터파크 티켓 등 주요 예매 사이트의 안내 팝업 문구.,[낀세대: Safe] / [외국인: Caution] / [복학생: Safe] (절망감 주의),10대 ~ 30대,"절망적, 허탈함, 슬픔","공연/예매, 리액션"
피켓팅,"피 튀기는 티켓팅, 콘서트 예매 팁, 매진 임박",피 튀기는 티켓팅'의 줄임말. 경쟁이 매우 치열한 티켓 예매 상황.,인기 아이돌의 콘서트나 뮤지컬 예매를 앞두고 비장한 각오를 다질 때 사용.,"""내일 임영웅 콘서트 피켓팅이라는데, PC방 가서 대기해야지.""",자리가 널널한 공연 예매에는 피켓팅이라는 표현을 쓰지 않음.,피 튀기다'와 '티켓팅'의 합성어.,[낀세대: Safe] / [외국인: Safe] / [복학생: Safe],전 연령대,"비장함, 치열함, 긴장감",공연/예매
취켓팅,"취소표 티켓팅, 취소표 풀리는 시간, 예매 대기",취소표 티켓팅'의 줄임말. 예매 후 결제하지 않아 취소된 표를 잡는 행위.,"정규 티켓팅에 실패한 후, 새벽에 풀리는 취소표를 노리는 눈물겨운 상황.","""정규 때는 망했고, 오늘 새벽 취켓팅 노려본다. 제발 한 자리만!""",취소표가 없는 전석 매진 공연(취소 불가)에서는 불가능한 시도임.,취소표가 일괄적으로 풀리는 특정 시간을 노리는 팬들의 활동에서 유래.,[낀세대: Safe] / [외국인: Safe] / [복학생: Safe],10대 ~ 30대,"간절함, 끈기, 희망적",공연/예매
얼빠,"얼굴 보고 좋아하는 팬, 외모 지향 덕질, 비주얼 팬",얼굴(외모)에 빠진 사람'의 줄임말. 실력이나 성격보다 외모를 우선시해 좋아하는 팬.,연예인의 비주얼에 감탄하며 입덕했을 때 본인을 지칭하거나 타인을 묘사할 때 사용.,"""나 원래 실력파 좋아하는데, 이번 신인은 너무 잘생겨서 얼빠 입덕했어.""",실력을 강조하는 팬에게 얼빠라고 하면 비하하는 느낌을 줄 수 있으니 주의.,얼굴' + '빠(특정 대상을 열성적으로 좋아하는 사람)'의 합성어.,[낀세대: Safe] / [외국인: Safe] / [복학생: Safe],전 연령대,"솔직함, 감탄, 가벼움","팬덤 유형, 외모"
금손,"손재주 좋은 사람, 금손 특징, 팬아트 잘 그리는 법","손재주가 매우 뛰어나 그림, 편집, 만들기 등을 전문가처럼 해내는 사람.",고퀄리티 팬아트를 그리거나 영상을 편집하는 팬을 찬양할 때 사용.,"""와, 이 굿즈 직접 만든 거야? 우리 장르 최고의 금손이시네!""",결과물이 형편없을 때 쓰면 비꼬는 말이 되므로 주의.,"황금의 손'에서 유래된 말로, 무엇이든 잘 만들어내는 능력을 비유",[낀세대: Safe] / [외국인: Safe] / [복학생: Safe],전 연령대,"찬사, 부러움, 존경","재능, 기술, 칭찬"
똥손,"손재주 없는 사람, 똥손 탈출, 요리 못하는 사람","금손의 반대말로, 손재주가 없어 무엇을 만들어도 결과물이 좋지 않은 사람.","자신의 부족한 손재주를 자조하거나, 티켓팅에서 광탈했을 때 운이 없음을 탓하며 사용.","""난 왜 이렇게 똥손이지? 이번에도 티켓팅 광탈이야.""",열심히 노력한 타인에게 대놓고 똥손이라고 하면 상처가 됨.,금손의 대척점에 있는 단어로 비속어 '똥'을 붙여 하향 평가한 표현.,[낀세대: Safe] / [외국인: Caution] / [복학생: Safe],전 연령대,"자조적, 코믹, 아쉬움","재능, 기술, 자폭"
실물영접,"연예인 실물 후기, 실물 체감 사진, 영접하다 뜻","사진이나 영상이 아닌, 연예인을 실제로 직접 만나는 것.","콘서트, 사인회, 혹은 우연히 길에서 연예인을 직접 보았을 때의 감격을 표현.","""나 오늘 드디어 최애 실물영접했는데, 화면보다 100배 더 잘생겼어.""",이미 본 적 있는 사람에게 '영접'이라는 거창한 단어를 쓰면 어색함.,실물' + 신령한 존재를 맞이한다는 '영접'의 합성어.,[낀세대: Safe] / [외국인: Safe] / [복학생: Safe],10대 ~ 40대,"감격, 환희, 경건함","리액션, 팬덤 활동"
시강,"시선 강탈 뜻, 시강 주의, 눈에 띄는 사람",시선 강탈'의 줄임말. 너무 압도적이거나 독특해서 눈을 뗄 수 없게 만드는 것.,"단체 사진에서 혼자 너무 튀는 포즈를 하거나, 배경에 웃긴 게 찍혔을 때 사용.","""애들 춤추는데 뒤에 있는 마스코트 인형 시강 장난 아니다.""",아무런 특징 없는 평범한 대상에게 쓰면 공감을 얻기 힘듦.,방송 자막 등에서 눈에 띄는 대상을 묘사하며 널리 퍼짐.,[낀세대: Safe] / [외국인: Safe] / [복학생: Safe],10대 ~ 30대,"강조, 놀람, 위트","외모, 특징, 리액션"
소장각,"사고 싶은 물건, 간직하고 싶은 영상, 구매 욕구, 소장 가치",소장(간직함)'과 '~할 각(상태나 가능성)'의 합성어. 꼭 사거나 간직해야 할 만큼 훌륭하다는 뜻,"역대급 디자인의 굿즈를 봤을 때, 혹은 평생 간직하고 싶은 인생 영화/영상을 발견했을 때 사용함.","""이번 한정판 운동화는 진짜 소장각이다. 무조건 사야 돼!""",너무 흔하거나 가치가 낮은 물건에 남발하면 표현의 무게감이 떨어짐.,당구 용어 '각'이 '상황/가능성'의 의미로 확장되며 '소장'과 결합됨.,[낀세대: Safe] /[외국인: Safe] /[복학생: Safe] 트렌디한 안목을 보여주기 좋음,"[전 연령대] 쇼핑, 취미 생활 전반에서 널리 쓰임.","감탄, 확신, 소유욕","쇼핑, 일상, 취미"
대황xx,"최고 존엄, 찬양 칭호, 숭배합니다, 대상 이름 앞에 붙이는 말",크다(大)'와 '황제(皇)'를 붙여 특정 대상을 극도로 찬양하는 접두사.,"스포츠 스타, 프로게이머, 혹은 엄청난 성과를 낸 인물을 '신'처럼 추앙할 때 이름 앞에 붙임.","""오늘 경기 캐리한 거 봤냐? 역시 대황페이커!""",과한 팬심으로 사용 시 타 팬덤과 마찰을 빚을 수 있음. 조롱의 의미(반어법)로 쓰이기도 하니 주의,롤(LoL) 커뮤니티에서 실력이 뛰어난 게이머를 황제처럼 부르던 것에서 유래.,[낀세대: Caution] / [외국인: Safe] / [복학생: Safe] 스포츠나 게임 화제로 대화할 때 유용함 허나 과한 찬양은 자칫 가벼워 보일 수 있음,"[10-30대] 게임, 스포츠 팬덤 위주로 사용됨.","경외, 찬양, 웅장함","팬덤, 게임, 스포츠"
xx에진심인편,"진지하게 임함, 열정적인 태도, 진심 모드, 과몰입",어떤 사소한 일이나 취미에 대해 누구보다 진지하고 열정적으로 임하는 상태를 뜻함.,"취미 활동을 전문가 수준으로 하거나, 점심 메뉴 고르는 일에 엄청난 에너지를 쏟을 때 사용함.","""우리 팀 막내는 탕수육 '찍먹' 여부에 진짜 진심인 편이야.""","상대방이 가볍게 농담한 것에 진지하게 화를 내며 ""나 진심이야""라고 하면 분위기가 싸해짐.",유튜버들이나 예능 자막에서 출연자의 열정을 묘사할 때 자주 쓰이며 정착됨.,[낀세대: Safe] / [외국인: Safe] / [복학생: Safe] 자신의 취향을 소개할 때 쓰기 좋음,[전 연령대] 직장 내 스몰토크나 일상 대화에서 유용함.,"진지함, 위트, 인정","라이프스타일, 성격, 취향"
서동요기법,"진지하게 임함, 열정적인 태도, 진심 모드, 과몰입",아직 일어나지 않은 일을 마치 일어난 것처럼 소문내어 실제로 실현되게 만드는 방식.,"좋아하는 연예인의 차기작을 염원하거나, 본인의 합격을 미리 소문내어 운을 끌어모을 때 사용함.","""나 오늘부터 서동요 기법 쓴다. '나 이번 달 보너스 받았다!'(사실 안 받음)""",현실 가능성이 전혀 없는 일에 너무 매몰되면 주변에서 허언증으로 오해할 수 있음.,서동이 선화공주와 결혼하기 위해 아이들에게 노래를 퍼뜨려 결혼에 성공했다는 설화에서 유래.,"[낀세대: Safe] / [외국인: Caution] / [복학생: Safe] 시험 합격이나 취업 염원 시 동기들과 공감 형성 가능, 한국 설화 배경 설명이 필요해 난이도 높음",[10-30대] 주로 팬덤이나 취준생들 사이에서 유행함.,"희망, 간절함, 유머","마인드셋, 팬덤, 주술적 유희"
혼코노,"혼자 코인 노래방, 스트레스 해소, 동네 노래방, 혼놀",혼자 코인 노래방 가기'의 줄임말.,"퇴근길에 스트레스를 풀러 가거나, 약속 시간 전에 잠깐 시간이 남을 때 혼자 노래 부르는 상황.","""오늘 부장님한테 깨지고 혼코노 가서 지르고 왔어. 이제 좀 살 것 같다.""","혼코노'는 가벼운 여가인데, 진지한 음악 감상실 같은 분위기로 오해하면 곤란함.","혼밥, 혼술 등 '혼자 하는 문화'가 확산되며 코인 노래방과 결합된 조어.",[낀세대: Safe] / [외국인: Safe] / [복학생: Safe] 대중적인 여가 문화로 정착됨,[10-30대] 젊은 층의 일상적인 여가 활동.,"일상적, 자유로움, 해소","여가, 음악, 일상"
돈쭐,"돈으로 혼내주다, 선한 영향력, 착한 가게 주문 폭주, 매출 올려주기",돈'과 '혼쭐내다'의 합성어. 선행을 베푼 가게에 주문을 몰아주어 매출로 보답하는 행위.,결식아동에게 무료 음식을 준 식당 사장님 사연을 보고 사람들이 주문을 폭주시키는 상황.,"""이 사장님 마인드 대박이네. 우리 오늘 점심은 여기 주문해서 돈쭐내주자!""",단순히 비싼 걸 샀을 때는 쓰지 않음. 반드시 '착한 행동에 대한 보답'이라는 명분이 있어야 함.,온라인 커뮤니티(보배드림 등)에서 미담이 알려진 가게를 돕기 위해 만든 신조어.,[낀세대: Safe] / [외국인: Safe] / [복학생: Safe] 선한 영향력을 지지하는 세련된 소비 문화,[전 연령대] 가치 소비를 중시하는 현대인들의 트렌드.,"응원, 정의로움, 활기","소비 문화, 사회생활, 미담"
인생샷,"인생 사진, 잘 나온 사진, 프사 추천, 배경 화면 짤",인생을 통틀어 손꼽을 만큼 아주 잘 나온 사진.,"여행지에서 배경과 조명이 완벽할 때, 혹은 친구가 사진을 너무 잘 찍어줬을 때 사용함.","""야, 이 구도 진짜 대박이다! 여기서 내 인생샷 하나만 찍어줘.""",대충 찍은 사진에 '인생샷'이라고 하면 사진 찍어준 사람의 성의가 없어 보일 수 있음.,인생'이라는 접두사가 '일생 일대의'라는 의미로 쓰이면서 사진(Shot)과 결합.,[낀세대: Safe] / [외국인: Safe] / [복학생: Safe] 일상에서 가장 흔하게 쓰이는 표준어급 밈.,[전 연령대] SNS가 일상화된 모든 세대.,"기쁨, 만족, 찬사","사진, SNS, 여행"
순삭,"순식간에 삭제, 금방 없어짐, 영화 몰입도, 음식이 빨리 사라짐",순식간에 삭제'의 줄임말. 무언가가 아주 빠르게 사라지거나 시간이 금방 지나갔을 때 사용.,"너무 맛있는 음식을 순식간에 다 먹었을 때, 혹은 재미있는 드라마를 보느라 주말이 다 갔을 때.","""이 치킨 너무 맛있어서 5분 만에 순삭했어. 어디 갔지?""",중요한 데이터가 실제로 삭제된 부정적인 사고 상황에서는 '순삭'이라는 가벼운 표현이 부적절함.,게임 중 체력이 순식간에 닳아 없어지는 상황을 묘사하던 용어에서 유래.,[낀세대: Safe]/ [외국인: Safe] / [복학생: Safe] 음식이나 업무 속도를 표현할 때 매우 효율적,[전 연령대] 이미 대중적인 단어로 정착됨.,"놀람, 강조, 만족","시간, 음식, 일상"
노빠꾸,"직진남, 후진 없음, 거침없는 성격, 앞만 보고 감, 솔직한 발언",No(없음)' + 'Back(후진)'. 망설임 없이 행동하거나 단도직입적으로 말하는 태도.,"상사에게 할 말 다 하는 신입 사원, 혹은 망설임 없이 위험한 도전을 하는 친구를 볼 때 사용함.","""너 진짜 노빠꾸구나? 그 말을 사장님 면전에서 해버리네.""",예의 없거나 무례하게 구는 것을 '노빠꾸 성격'이라고 미화하면 비난받을 수 있음.,자동차 기어의 '백(Back)'이 없다는 비유에서 시작되어 인터넷 방송 등을 통해 확산.,"[낀세대: Caution] / [외국인: Safe] / [복학생: Safe] 과감한 추진력을 강조하고 싶을 때 사용, 거침없는 태도가 무례함으로 비치지 않게 주의",[10-30대] 솔직함과 당당함을 지향하는 세대.,"당당함, 무모함, 시원함","성격, 행동, 스타일"
근본/무근본,"정통성, 이유 있는 실력, 앞뒤 안 맞음, 뜬금없음, 근본 뜻",근본: 전통과 역사가 있고 실력이 검증됨. / 무근본: 맥락 없고 뜬금없으며 상식 밖임.,근본: 명문 구단의 매너 있는 플레이를 볼 때. / 무근본: 맥락 없는 광고나 이상한 개그를 볼 때.,"""역시 이 집 김치찌개는 근본이 있네. 깊은 맛이 달라.""",새로운 시도를 무조건 '무근본'이라고 비하하면 변화를 거부하는 보수적인 사람으로 보임.,스포츠 팬들이 명문 팀의 품격을 논할 때 '근본'이라는 단어를 강조하며 유행.,[낀세대: Safe] / [외국인: Caution] / [복학생: Safe] 외국인은 'Root'나 'Origin'의 개념을 설명해야 해서 난이도가 있음.,"[20-40대] 스포츠, 음식, 문화 전반에서 활발히 사용.","평가, 확신, 풍자","가치관, 평가, 스포츠"
비주얼깡패,"압도적인 외모, 분위기 대박, 너무 잘생김, 너무 예쁨, 음식 데코",외모(비주얼)가 너무 뛰어나서 다른 사람들을 압도(깡패처럼 제압)한다는 뜻.,"실물이 엄청난 연예인을 봤을 때, 혹은 먹기 아까울 정도로 예쁘게 차려진 음식을 봤을 때 사용함.","""이번에 새로 나온 케이크 봤어? 완전 비주얼 깡패라 사진부터 찍어야 돼.""",깡패'라는 단어에 거부감이 있는 어르신들 앞에서는 사용을 지양하는 것이 좋음.,"어깨 깡패', '음원 깡패'처럼 특정 분야에서 압도적인 존재를 '깡패'에 비유하는 유행에서 탄생.",[낀세대: Safe] / [외국인: Safe] / [복학생: Safe],[전 연령대] 특히 10-40대 사이에서 칭찬으로 자주 쓰임.,"경탄, 찬사, 강렬함","외모, 음식, 디자인"
관상은과학,"얼굴값 한다, 생김새와 성격, 선입견, 관상대로 산다",사람의 외모나 인상을 보고 성격을 짐작하는 것이 과학적 사실만큼이나 정확하다는 주장.,"어떤 사람이 예상대로 무례하거나 혹은 친절한 행동을 했을 때 ""역시 관상은 과학이다""라고 말함.","""아까 그 무례했던 사람 인상 기억나? 진짜 관상은 과학인 것 같아.""",특정 외모를 가진 사람을 선입견으로 차별하거나 비하하는 용도로 쓰면 매우 위험한 발언임.,관상학이라는 전통적인 관념에 '과학'이라는 단어를 붙여 강조한 인터넷 드립.,[낀세대: Caution] / [외국인: Caution] / [복학생: Safe],[20-40대] 인간관계에 대한 경험적 수다에서 주로 등장함.,"냉소, 확신, 풍자","인간관계, 성격, 외모"
폼은일시적이지만클래스는영원하다,"거장의 실력, 슬럼프 탈출, 역시 베테랑, 실력자의 복귀","컨디션(폼)은 나쁠 수 있지만, 본연의 뛰어난 실력(클래스)은 어디 가지 않는다는 격언.",한동안 부진하던 선배가 결정적인 순간에 큰 건을 해냈을 때 존경의 의미로 사용함.,"""부장님 이번 PT 대박인데요? 역시 폼은 일시적이지만 클래스는 영원하네요.""",과거의 영광에만 젖어 현재는 실력이 전혀 없는 사람에게 쓰면 비꼬는 말이 됨.,"축구 명장 빌 샹클리의 명언 ""Form is temporary, Class is permanent""의 번역.",[낀세대: Safe] / [외국인: Safe] / [복학생: Safe],[전 연령대] 직장이나 스포츠 팬들 사이에서 최고의 칭찬으로 통함.,"존경, 경외, 확신","실력, 격언, 스포츠"
뽕미더머니,"[완전최신밈], [완전최신신조어], 뽕미더머니 뜻, 트로트 힙합, ppong_methemoney, 박재범 뽕미더머니",힙합 곡을 트로트(뽕짝) 스타일로 편곡하여 부르는 콘텐츠 유행. '쇼미더머니'와 '뽕'의 합성어입니다.,"유명 힙합 곡의 가사와 플로우는 유지하되, 트로트 특유의 꺾기 창법과 반주를 입혀 반전 재미를 줄 때 사용합니다.","""박재범 노래를 이렇게 뽕짝으로 부르다니... 뽕미더머니 중독성 미쳤다.""","단순한 가창력 자랑이 아니라, 힙합과 트로트라는 상반된 장르의 '부조화'에서 오는 재미를 살리는 것이 핵심임.",인스타그램 계정 '@ppong_methemoney'에서 시작되어 박재범 등 원곡 가수의 참여로 확산됨.,[낀세대: Safe] / [외국인: Safe] / [복학생: Safe],10대 ~ 40대,"유머러스, 신선함, 흥겨움","콘텐츠 패러디, 음악"
낙엽밟는소리,"[완전최신밈], [완전최신신조어], 낙엽 밟는 소리 ASMR, 가을 감성 밈, 낙엽 챌린지, 고무 밟기","가을의 아련한 분위기를 즐기거나, 바스락거리는 소리를 통해 청각적 만족감을 공유하는 감성 콘텐츠 및 챌린지.","가을의 계절감을 담아내거나, 일상 속 소소한 힐링(ASMR)을 전하고 싶을 때, 혹은 특정 소리를 흉내 내는 유쾌한 챌린지로 활용합니다.","""가을아 가지 마! 아직 낙엽 밟는 소리 더 듣고 싶은데... 내 마음이 다 바스락거려.""",시끄러운 소음이 섞인 영상에 '낙엽 소리 ASMR'이라고 하면 밈 특유의 힐링 효과가 사라짐.,가을철 풍경 영상과 고품질 ASMR 콘텐츠가 SNS에서 직장인 공감 짤 등으로 재소비되며 유행함.,[낀세대: Safe] / [외국인: Safe] / [복학생: Safe],전 연령대,"감성적, 아련함, 힐링","ASMR, 계절/감성"
샤갈,"[완전최신밈], [완전최신신조어], 인스타 샤갈 뜻, 샤갈 욕, 순화된 욕설, 우아한 욕",비속어 'X발'의 발음이 화가 '샤갈'과 유사한 점을 이용한 언어유희 및 순화 표현.,"화가 나거나 어이없는 상황이지만 대놓고 욕하기 힘들 때, 혹은 예술적인 척 풍자할 때 사용.","(보고서가 날아갔을 때) ""내 문서가 사라졌다... 한 편의 비극... 샤갈...""",실제 화가 샤갈을 좋아하는 사람 앞에서 욕설 대용으로 쓰면 오해를 살 수 있음.,인스타그램 등 SNS에서 검열을 피하고 재미를 주기 위해 AI 목소리로 욕을 순화해 더빙하며 유행.,[낀세대: Safe] / [외국인: Danger] / [복학생: Safe],10대~20대 (SNS 주이용층),"냉소적, 우아한 분노, 병맛","언어유희, 순화어, SNS 밈"
AI더빙,"[완전최신밈], [완전최신신조어], 릴스 목소리 지수, 틱톡 TTS 사용법, 나레이션 밈, 킹받는 목소리",텍스트를 읽어주는 AI 성우의 목소리. 특히 특유의 단조롭고 차분한 톤이 특징.,"영상 속 인물의 속마음을 대변하거나, 사물에 인격을 부여해 웃긴 상황을 연출할 때 사용","""오늘은 주인님이 저를 씻기지 않았습니다. 냄새가 납니다. 킹받습니다."" (AI 톤으로)",너무 길거나 지루한 텍스트를 AI로 읽히면 시청자가 바로 이탈함.,"플랫폼(틱톡, 릴스 등)에서 제공하는 텍스트 읽어주기(TTS) 기능의 유행.",[낀세대: Safe] / [외국인: Safe] / [복학생: Safe] (가장 대중적인 도구),전 연령대,"무미건조함, 기계적, 중독성","기술/문화, 콘텐츠 제작"
입닫고빵이나먹어,"박명수 호통 밈, 닥치고 빵이나 먹어, 무도 레전드 짤, 조용히 해 밈",쓸데없는 말을 하거나 분위기를 깨는 사람에게 단호하게 침묵을 요구하는 리액션.,"친구가 자기자랑을 하거나, 도저히 들어줄 수 없는 헛소리를 할 때 웃으며 면박 줄 때 사용.","""내가 예전에 진짜 잘나갔었는데 말이야..."" → ""아, 형. 입 닫고 빵이나 먹어.""",실제로 화가 난 상황이나 상급자에게 사용하면 인간관계가 파탄 날 수 있음.,<무한도전>에서 박명수가 정준하의 식탐이나 멘트를 가로막으며 내뱉은 명대사.,[낀세대: Safe] / [외국인: Caution] / [복학생: Safe] (공격성 주의),20대 ~ 40대 (무도 키즈 세대),"거칠지만 친근함, 호통, 단호함","예능 대사, 리액션"
너내동료가돼라,"원피스 명대사, 팀원 모집, 같이 하자, 루피 대사, 동아리 영입",상대방에게 같은 팀이나 그룹에 합류할 것을 제안하는 말.,"새로운 프로젝트 팀원을 모으거나, 마음 맞는 친구와 무언가를 함께 시작하고 싶을 때 사용함.","""이번 공모전 같이 나갈 사람? 너, 내 동료가 돼라!""",상대방의 의사를 무시하고 강압적으로 일을 떠맡길 때 쓰면 '무례한 루피'가 될 수 있음.,만화 <원피스>의 주인공 루피가 동료를 영입할 때 외치는 시그니처 대사.,[낀세대: Safe] / [외국인: Safe] / [복학생: Safe] 매우 대중적이고 긍정적인 제안임.,[전 연령대: 주사용층] 만화를 모르는 세대도 '동료'라는 단어 덕분에 의미 전달이 쉬움.,,"열정, 당당함, 유머"
진행시켜,"이경영 밈, 의사결정, 결재 승인, 쿨한 리더, 내부자들 대사",고민 없이 바로 일을 추진하라는 단호하고 쿨한 승인의 말.,"상급자가 하급자의 보고를 받고 만족스러울 때, 혹은 친구들끼리 메뉴를 정하고 확정 지을 때 사용함.","""오, 이번 회식 메뉴 삼겹살? 좋아, 진행시켜.""","실제 엄격한 비즈니스 상황에서 상사에게 쓰면 ""네가 뭔데 진행시켜?""라는 반응을 들을 수 있음.",배우 이경영이 영화 <내부자들> 등 여러 작품에서 보여준 특유의 무게감 있는 대사 처리에서 유래.,[낀세대: Safe] / [외국인: Safe] / [복학생: Safe] 자신감 있는 리더의 느낌을 줌.,[20-40대: 주사용층] 영화를 본 세대들 사이에서 특히 유행함.,"단호함, 카리스마, 위트","영화, 업무, 의사결정"
영차!,"이경영 영차, 술자리 밈, 분위기 띄우기, 힘낼 때, 회식 드립","기운을 북돋우거나, 분위기를 반전시켜서 다 같이 으쌰으쌰 하자는 의미.","술자리에서 건배사를 하거나, 팀 프로젝트에서 다 같이 힘을 내야 하는 타이밍에 추임새로 사용함.","""자, 오늘 월요일인데 다들 기운 내고... 영차!""","배우 이경영의 특정 성인용 패러디(꼬핀 등)와 연관된 맥락이 있으므로, 너무 점잖은 자리에선 주의 필요.",배우 이경영의 영화 속 제스처를 패러디한 유튜버들의 드립이 합성되면서 밈으로 정착.,[낀세대: Caution] / [외국인: Safe] / [복학생: Safe] 유래를 깊게 알면 민망할 수 있음.,[20-30대: 주사용층] 유튜브 숏폼 등을 즐겨보는 세대에게 익숙함.,"활기, 유머, 응원","유튜브, 술자리, 추임새"
무야호,"무한도전 할아버지, 기분 좋을 때, 신날 때 리액션, 클래식 밈","야호'의 변형으로, 기분이 매우 좋거나 신나는 상황에서 지르는 감탄사.","예상치 못한 행운이 찾아왔을 때나, 퇴근 직전처럼 엄청나게 신날 때 사용함.","""오늘 금요일인데 5시 조기 퇴근이라고? 무야호~!""",너무 예전 밈이라 지금 쓰면 약간 '뒷북' 느낌을 줄 수 있음.,"MBC <무한도전> 알래스카 특집에서 한 할아버지가 ""무한~"" 구호에 ""야호~""라고 답한 것에서 유래.",[낀세대: Safe] / [외국인: Safe] / [복학생: Safe] 무해하고 귀여운 감탄사임.,[20-30대: 주사용층] / [40대: 이해 가능] 무한도전 시청자층에게 특히 친숙함.,"환희, 엉뚱함, 신남","방송, 리액션, 감탄사"
준며들다,"최준 밈, 스며들다 뜻, 김해준 드립, 자신도 모르게 좋아짐","처음엔 거부감이 들었으나(킹받았으나), 어느새 나도 모르게 그 대상에게 매료되었을 때.",취향이 아니라고 생각했던 노래나 캐릭터가 계속 머릿속에 맴돌고 좋아질 때 사용함.,"""처음엔 저 신입 사원 말투 이상했는데, 자꾸 보니까 귀엽네... 준며들었나 봐.""","상대방이 진심으로 싫어하는 사람에게 억지로 ""너 얘한테 준며들었지?""라고 하면 화를 부를 수 있음.",개그맨 김해준의 캐릭터 '최준'의 이름과 '스며들다'의 합성어.,[낀세대: Safe] / [외국인: Safe] / [복학생: Safe] 긍정적인 관심의 변화를 뜻함.,[20-30대: 주사용층] '부캐' 문화에 익숙한 세대.,"당황, 인정, 매료됨","인물, 유행어, 감정 변화"
멈춰!,"학폭 멈춰, 상황 중단, 그만해 드립, 멈춰 챌린지",과열된 상황이나 누군가의 과한 행동을 유머러스하게 제지할 때 쓰는 말.,"친구가 도 넘은 농담을 하거나, 민망한 상황이 계속될 때 분위기를 깨지 않으면서 멈추게 할 때 사용함.","""너 그 이상한 춤 좀 멈춰! 제발 멈춰!""",실제 위급하거나 심각한 범죄 상황에서 유행어처럼 쓰면 절대 안 됨. 진지함이 결여되어 보임.,"과거 학교폭력 예방 교육 영상에서 학생들이 손을 뻗으며 ""멈춰!""라고 외치는 장면이 희화화됨.",[낀세대: Safe] / [외국인: Safe] / [복학생: Safe] 가벼운 제지에 효과적임.,[10-30대: 주사용층] 영상의 어색한 연기 톤을 기억하는 세대.,"단호(유머러스), 중단, 경고","교육 영상 밈, 제지, 일상"
포브스선정xx1위,"포브스 선정 뜻, 주관적 1위, 과장된 칭찬, 세계 최고의 XX",어떤 대상을 과장해서 치켜세울 때 쓰는 말. 실제 순위와 상관없이 내 마음속 최고라는 뜻.,"친구가 입은 옷이 너무 웃기거나, 반대로 너무 멋있을 때 등 극단적인 칭찬/놀림에 사용함.","""오늘 네 점심 메뉴 선택은 포브스 선정 '가장 부러운 직장인' 1위다.""",실제 경제 잡지 <포브스>의 공신력을 빌려야 하는 진지한 리포트에는 절대 쓰지 말 것.,권위 있는 매체 '포브스'의 순위 발표 형식을 빌려와 아무 말이나 갖다 붙이는 인터넷 놀이.,[낀세대: Safe] / [외국인: Safe] / [복학생: Safe] 위트 있는 강조 표현임.,[10-30대: 주사용층] 인터넷 커뮤니티 사용 세대.,"과장, 유머, 칭찬","커뮤니티, 강조, 드립"
실화냐?,"믿기지 않음, 거짓말 같음, 정말?, 레알?, 황당,실화 뜻, 믿기 힘든 일, 이게 진짜야?, 당황스러움 표현","일어난 일이 믿기지 않을 만큼 좋거나 나쁠 때 쓰는 감탄사.,눈앞의 사실이 믿기지 않을 정도로 황당하거나 놀라울 때 쓰는 감탄사.","말도 안 되는 역전승을 했거나, 어이없는 실수를 했을 때.,엄청난 행운, 혹은 말도 안 되는 실수를 저질렀을 때 등 드라마 같은 현실에 사용함.","""이 점수 실화냐? 내가 1등이라고?"",""내 통장 잔고 500원... 이거 실화냐?""","너무 자주 쓰면 식상한 옛날 유행어 취급을 받음.,상대방이 진지하게 고민 상담을 하는데 ""그거 실화냐?""라고 가볍게 대꾸하면 공감 능력 부족으로 보임.","아프리카TV,인터넷 아프리카TV BJ들이 놀라운 상황에서 쓰기 시작해 전 국민적 유행어가 됨.","[낀세대: Safe] / [외국인: Safe] / [복학생: Safe] 믿기 힘든 상황에 대한 놀라움을 리얼하게 전달함.,[낀세대: Safe] / [외국인: Safe] / [복학생: Safe] 누구나 상황에 맞게 쓰기 좋음.","[10-30대: 주사용층] / [40대 이상: 이해 가능] 업무량이 말도 안 되게 많거나, 로또 같은 행운이 따랐을 때 사용.,[전 연령대: 주사용층] 이미 표준어처럼 굳어진 유행어.","의심/놀람,경악, 불신, 감탄","감탄사,감탄사, 일상, 커뮤니티"
상남자/상여자,"상남자 특징, 시원시원한 성격, 쿨한 행동, 거침없는 모습","잔계산 없이 행동이 시원시원하고, 뒤끝 없으며 배짱이 두둑한 사람을 칭송하는 말.","고민할 법한 상황에서 결단을 바로 내리거나, 사소한 손해에 연연하지 않는 멋진 모습을 볼 때 사용함.","""계산서 보자마자 결제하는 대리님... 완전 상남자신데요?""","무례하거나 무식하게 행동하는 것을 ""상남자라 그래""라고 포장하는 것은 잘못된 사용법임.","평범한 남자'를 넘어선 '위의 남자'라는 뜻으로, 쿨한 남성상을 지향하는 커뮤니티 문화에서 파생.",[낀세대: Safe] / [외국인: Safe] / [복학생: Safe] 성격에 대한 기분 좋은 칭찬임.,[전 연령대: 주사용층] 남녀 구분 없이 멋진 사람에게 두루 쓰임.,"찬사, 동경, 시원함","성격, 칭찬, 인간관계"
하남자/하여자,"하남자 뜻, 쫌쫌따리, 쪼졸한 사람, 소심한 행동 비하","상남자'의 반대말로, 행동이 소심하거나 치졸하고, 계산적인 사람을 비꼬거나 자학할 때 쓰는 말.","사소한 것에 목숨을 걸거나, 비겁하게 책임을 회피하는 모습을 보일 때 유머러스하게 사용함.","""겨우 100원 아끼려고 줄 서는 내 모습... 진짜 하남자 같다.""",타인의 신중함을 무조건 '하남자'라고 몰아세우면 공격적으로 보일 수 있음.,웹툰 작가 침착맨(이말년)이 방송에서 '상남자'의 반대 개념으로 사용하며 크게 유행함.,[낀세대: Caution] / [외국인: Safe] / [복학생: Safe] 상대에게 쓰면 모욕이 될 수 있으니 주로 자학용으로 권장.,[10-30대: 주사용층] 온라인 방송 시청층.,"비꼼, 자학, 유머","성격, 조롱, 자학"
클래스는영원하다,"폼은 일시적이지만 클래스는 영원하다, 실력자 인증, 역시 전문가, 거장의 솜씨","일시적으로 부진할 순 있어도, 본래 가진 압도적인 실력과 품격은 변치 않는다는 뜻.","은퇴한 선배가 현역 못지않은 실력을 보여주거나, 오랜 경력자의 내공이 빛을 발할 때 사용함.","""부장님 10년 전 기획안 봤는데 소름 돋았어요. 역시 클래스는 영원하네요.""",실력이 없는데 과거의 영광만 들먹이는 '꼰대'에게 쓰면 반어법적인 조롱이 됨.,"축구 감독 빌 샹클리의 명언 ""Form is temporary, Class is permanent""에서 유래.",[낀세대: Safe] / [외국인: Safe] / [복학생: Safe] 최고의 예우를 담은 칭찬임.,[전 연령대: 권장] 격식 있는 자리에서도 충분히 사용 가능한 품격 있는 표현.,"경외, 존경, 확신","명언, 실력, 스포츠"
악으로깡으로버텨라,"해병대 정신, 억지로 버티기, 가짜사나이 밈, 고통 감내",아무리 힘들고 불합리해도 오기와 정신력으로 끝까지 버텨내라는 말.,도저히 못 할 것 같은 업무량이 쏟아질 때 동료끼리 자조적으로 혹은 비장하게 응원하며 사용함.,"""오늘 야근 확정인데... 악으로 깡으로 버텨보자.""",실제로 고통받는 사람에게 강요하듯 쓰면 '꼰대'나 '가혹행위 옹호자'로 보일 위험이 큼.,"해병대 특유의 정신 교육 문구였으나, 웹툰이나 유튜브 '가짜사나이' 등을 통해 밈으로 확산.",[낀세대: Caution] / [외국인: Safe] / [복학생: Safe] 상황에 따라 압박감이 느껴질 수 있음.,[20-40대: 주사용층] 군대 문화나 서바이벌 콘텐츠 경험 세대.,"비장, 자조, 강요(주의)","군대 밈, 의지, 고난"
일해라절해라,"이래라저래라 맞춤법, 간섭하지 마, 참견쟁이 대응, 맞춤법 파괴 밈",이래라저래라'를 일부러 틀리게 쓴 표현. 남의 일에 사사건건 간섭하는 사람을 비꼬는 말.,"누군가 내 일에 너무 심하게 참견할 때, 그 상황의 불쾌함을 유머로 승화시키며 받아칠 때 사용함.","""내 인생인데 왜 네가 일해라 절해라야? 너나 잘해!""",맞춤법을 정말 몰라서 쓴 것으로 오해받으면 지적 수준을 의심받을 수 있으니 분위기를 봐가며 써야 함.,"인터넷 커뮤니티에서 맞춤법을 틀린 게시글이 성지가 되면서, 아예 간섭하는 사람을 놀리는 용어로 정착.",[낀세대: Caution] / [외국인: Danger] / [복학생: Safe] 상대방을 공격하는 뉘앙스가 강함.,[10-30대: 주사용층] 맞춤법 유희를 즐기는 세대.,"반항, 조롱, 유머","맞춤법 밈, 인간관계, 저항"
안본눈삽니다,"시각 테러, 혐오스러운 장면, 민망한 상황, 기억 삭제하고 싶을 때",너무 충격적이거나 민망해서 차라리 보기 전의 깨끗한 뇌 상태로 돌아가고 싶다는 뜻.,"친구의 끔찍한 애교를 봤을 때, 혹은 인터넷에서 이상한 사진을 접했을 때 장난스럽게 사용함.","""방금 두 분 뽀뽀하는 거 본 내 눈... 안 본 눈 삽니다 제발.""",누군가의 외모나 신체적 결함을 보고 이 표현을 쓰면 심각한 외모 비하가 되므로 주의.,"쇼핑몰 등에서 물건을 사는 행위에 빗대어, '본 사실'을 거래를 통해 없애고 싶다는 발상에서 탄생.",[낀세대: Safe] / [외국인: Safe] / [복학생: Safe] 가벼운 장난으로 소통하기 좋음.,[20-30대: 주사용층] / [40대: 이해 가능] 센스 있는 거절이나 부정의 표현임.,"경악, 거부, 유머","리액션, 일상, 유머"
개안했다,"눈 정화, 잘생긴 사람 봤을 때, 아름다운 풍경, 시력이 좋아지는 기분","눈이 뜨이다'는 뜻으로, 아주 아름답거나 훌륭한 것을 보아 눈이 맑아진 느낌을 받을 때 쓰는 말.","잘생긴 연예인을 보거나, 탁 트인 바다 풍경을 봤을 때 감탄사로 사용함.","""와, 전시회 작품들 퀄리티 미쳤다. 덕분에 오늘 제대로 개안했네.""","평범한 것을 보고 영혼 없이 ""개안했네""라고 하면 비꼬는 것처럼 들릴 수 있음.","불교 용어에서 유래했으나, 현대에는 팬덤 문화에서 미남/미녀를 볼 때 쓰는 용어로 정착.",[낀세대: Safe] / [외국인: Safe] / [복학생: Safe] 매우 긍정적이고 세련된 찬사임.,[전 연령대: 권장] 시각적 즐거움을 표현할 때 누구나 쓰기 좋음.,"감탄, 환희, 맑음","감탄사, 외모, 풍경"
나만없어고양이,"반려동물 부러움, 소외감, 남들 다 있는 거 나만 없음, 고양이 집사 희망",세상 사람들 다 고양이가 있는 것 같은데 나만 없어서 서럽다는 뜻. 부러움을 귀엽게 표현함.,"친구들이 반려동물 자랑을 할 때, 혹은 남들이 다 가진 유행 아이템이 나만 없을 때 사용함.","""다들 이번 주말에 고양이랑 놀았네... 왜 나만 없어 고양이!""",실제로 경제적 어려움으로 무언가를 못 가진 사람에게 쓰면 비공감적인 태도로 보일 수 있음.,SNS에서 고양이 사진이 유행하며 집사들을 부러워하던 네티즌들의 공통된 절규에서 유래.,[낀세대: Safe] / [외국인: Safe] / [복학생: Safe] 질투마저 귀엽게 승화시키는 표현임.,[10-30대: 주사용층] SNS 사용이 활발한 세대.,"부러움, 귀여운 불평","반려동물, SNS, 감정"
지옥에서온xx,"요리 실패, 비주얼 충격, 망한 결과물, 무시무시한 모습",결과물의 모양이 너무 괴기스럽거나 엉망진창이라서 마치 지옥에서 튀어 나온 것 같다는 뜻.,"요리를 했는데 까맣게 타버렸거나, 그림을 그렸는데 기괴하게 그려졌을 때 자학적으로 사용함.","""엄마가 만들어준 이 보라색 수프는... 지옥에서 온 수프 같아.""",타인이 정성껏 만든 것에 대놓고 쓰면 큰 상처가 될 수 있으니 친한 사이에서만 쓸 것.,"서구권의 ""From Hell"" 표현이 한국식으로 정착되어, 주로 요리 실패 짤방 자막으로 자주 쓰임.",[낀세대: Safe] / [외국인: Safe] / [복학생: Safe] 비주얼에 대한 강렬한 묘사로 유용함.,[전 연령대: 주사용층] 직관적인 표현이라 세대 불문 통함.,"충격, 유머, 자폭","요리, 비주얼, 실패"
xx붐은온다,"비주류의 역습, 언젠가 유행할 것, 희망 회로, 떡상 예견",지금은 인기가 없거나 비주류인 대상이 언젠가는 반드시 크게 유행할 것이라는 믿음(혹은 집착).,"남들이 안 하는 게임이나 비주류 취미를 밀고 나갈 때, 희망 고문을 섞어 장난스럽게 사용함.","""얘들아, 아직도 이 게임 안 하니? 조만간 민트초코 붐은 온다!""",정말 가능성 없는 것에 진지하게 쓰면 현실 부정하는 사람처럼 보일 수 있음.,커뮤니티에서 본인이 미는 캐릭터나 게임이 흥하기를 바라는 간절한 마음에서 시작된 표현.,[낀세대: Safe] / [외국인: Safe] / [복학생: Safe] 소신 있는 덕후의 느낌을 줌.,[10-30대: 주사용층] 서브컬처나 커뮤니티 유저들.,"희망찬, 엉뚱함, 고집","예측, 유행, 취미"
오이외믿고있었다구,"일본 애니 말투, 오덕 말투, 배신 안 할 줄 알았어, 감격적인 순간 패러디","당연히 잘해낼 줄 알았다는 뜻이지만, 일본 애니메이션 특유의 오글거리는 톤을 섞어 비꼬거나 웃음을 주는 말.","친구가 기대 이상의 성과를 냈을 때, 혹은 당연히 이길 것 같던 팀이 이겼을 때 장난스럽게 사용함.","""오이오이! 이번 기획안 통과될 줄 알았다고! 믿고 있었다구 젠장!""",일본 서브컬처의 대사를 한국어로 직역한 번역투가 인터넷 밈으로 정착됨.,일본 서브컬처의 대사를 한국어로 직역한 번역투가 인터넷 밈으로 정착됨.,[낀세대: Caution] / [외국인: Danger] / [복학생: Safe] 말투 자체가 호불호가 갈릴 수 있음.,[10-20대: 주사용층] 애니메이션 문화에 익숙한 세대.,"오글거림, 유머, 신뢰(장난)","애니메이션 말투, 번역투, 드립"
가슴이웅장해진다,"벅찬 감동, 거대한 광경, 웅장한 느낌, 대단한 뉴스","너무 거대하거나 감동적인 상황을 마주했을 때, 마음이 벅차오르는 상태를 이르는 말.","국가적인 스포츠 승리, 혹은 엄청난 대작 영화의 예고편을 봤을 때 등 스케일이 클 때 사용함.","""손흥민 골 장면 다시 보는데 진짜 가슴이 웅장해진다.""",아주 소소한 일(예: 편의점 삼각김밥 샀을 때)에 쓰면 심한 반어법이나 조롱이 될 수 있음.,한 지식 공유 플랫폼(Quora)의 질문 답변 번역체에서 유래했다는 설과 인터넷 소설 자막에서 유래했다는 설이 있음.,[낀세대: Safe] / [외국인: Safe] / [복학생: Safe] 감동의 크기를 전달하기 아주 좋은 표현.,[전 연령대: 권장] 최근 뉴스 자막에서도 쓰일 만큼 대중화됨.,"감격, 압도됨, 경탄","감정, 리액션, 일상"
고무짜기,"[완전최신밈], [완전최신신조어], 고무짜기 밈 뜻, 완익파 덜익파, 고무 라텍스 수액, 디지털 힐링",고무나무 라텍스 수액의 수분을 쥐어 짜내는 영상과 그에 대한 유머러스한 댓글 소통 문화를 통칭하는 밈.,"시각적 쾌감을 주는 숏폼 영상을 보며 멍하니 '디지털 힐링'을 하거나, 댓글로 고무의 상태를 셰프처럼 품평하며 놀 때 사용합니다.","""오늘 고무는 수분 함량이 완벽하네요. 역시 전 완익파입니다. 짜는 폼도 예술!""",영상의 시각적 재미보다 위생이나 환경 등 지나치게 진지한 논쟁을 벌이면 밈의 즐거움이 퇴색됨.,숏폼 플랫폼의 고무 채취 영상에 한국 유저들이 유머러스한 '품평 댓글'을 달기 시작하며 문화로 정착.,[낀세대: Safe] / [외국인: Safe] / [복학생: Safe],10대 ~ 30대,"중독적, 유머러스, 평온함","브레인로트, 소통 문화"
아자스,"[완전최신밈], [완전최신신조어], 아자스 뜻, 아자마스 의미, 일본어 감사 인사 줄임말, ㄳ 신조어",일본어 '감사합니다(아리가토 고자이마스)'의 극단적인 축약형. 가볍게 고마움을 표하거나 상황에 따라 비꼴 때 사용함.,"친구 사이에서 가볍게 '고마워'라고 하거나, 게임/온라인 커뮤니티에서 짧게 감사를 표할 때, 혹은 비꼬는 뉘앙스로 쓰입니다.","""선물 고마워, 아자스!"" / (비꼴 때) ""지적해주셔서 아~자스. 아주 대단하시네요.""",격식을 차려야 하는 상사나 어른에게 사용하면 매우 무례해 보일 수 있으므로 사용 대상을 주의해야 함.,일본의 젊은 층 및 게임 문화에서 쓰이던 축약어가 한국 온라인 커뮤니티와 1020 세대에게 유입됨.,[낀세대: Caution] / [외국인: Caution] / [복학생: Safe],10대 ~ 20대,"가벼움, 친근함, 냉소적","언어/인사, 신조어"
야르,"[완전최신밈], [완전최신신조어], 야르 뜻, 야르 감탄사, 야르 밈, 야르 유래","기쁨, 놀람, 유쾌함을 나타내는 감탄사. '앗싸', '오예', '헐'과 비슷한 뉘앙스를 지닌 긍정적인 신조어입니다.","순간의 신나는 감정이나 가벼운 장난을 표현할 때, 혹은 반가움과 동의의 의미를 담아 분위기를 띄울 때 사용합니다.","""오늘 월급날이다, 야르~!"" / ""시험 망쳤는데 날씨는 좋네. 야르~ (반어법)""",진지한 사과가 필요한 상황이나 엄숙한 분위기에서 '야르'라고 하면 상황 파악 못 하는 가벼운 사람으로 보임.,일본어 '야루(하다)'에서 유래했으나 한국 10대 및 MZ세대 사이에서 긍정적 밈으로 재탄생함.,[낀세대: Safe] / [외국인: Safe] / [복학생: Safe],10대 ~ 20대,"경쾌함, 신남, 장난스러움","감탄사, 리액션"
후메잌디스,"후메잌디스 뜻, Who made this 밈, 엔믹스 해원 후메잌디스, 맛집 칭찬","""Who made this?(누가 만들었어?)""의 한국어 발음. 너무 훌륭한 결과물이나 음식에 감탄하며 제작자를 찾는 찬사.","매우 맛있는 음식을 먹었을 때나, 특정 인물의 뛰어난 재능/성과에 놀라워하며 유쾌하게 칭찬할 때 사용합니다.","""와, 이 케이크 맛 무엇? 후메잌디스! 진짜 만든 사람 상 줘야 함.""","결과물이 형편없을 때 비꼬는 의미로 쓸 수도 있지만, 기본적으로는 '압도적 칭찬'의 맥락에서 사용함.","한 외국인의 음식 감탄 영상이 유행한 후, 아이돌들이 리액션으로 사용하며 팬들 사이에서 밈화됨.",[낀세대: Safe] / [외국인: Safe] / [복학생: Safe],10대 ~ 20대,"경악, 찬사, 유머러스","리액션, 찬사"
털동생,"털동생 뜻, 강아지 털동생, 고양이 털가족, 반려동물 신조어",반려동물을 가족 구성원으로 여기며 친근하게 부르는 말. '털이 있는 동생'이라는 뜻입니다.,"강아지나 고양이 등 반려동물을 단순한 동물이 아닌, 내 진짜 동생처럼 아끼고 사랑하는 마음을 담아 SNS 등에 언급할 때 씁니다.","""우리 집 털동생 오늘 첫 산책 다녀왔어요! 털뭉치 귀여워 죽음.""",동물을 싫어하는 사람 앞에서 '동생'이라고 강조하면 공감을 얻기 어려울 수 있으니 상대에 맞춰 사용.,반려동물을 가족으로 인식하는 사회적 변화와 함께 인스타그램 등 반려인 커뮤니티에서 정착됨.,[낀세대: Safe] / [외국인: Safe] / [복학생: Safe],전 연령대,"친근함, 애정, 따뜻함","반려동물, 가족"
할래말래,"할래말래 뜻, 숏박스 이진, HMH 밈, GMG HMH","상대의 질문에 ""할래 말래?""라고 되물으며 결정을 미루거나, ""하면 하고 말면 말지""라는 쿨한 태도를 보이는 밈.","명확한 답을 피하고 싶을 때, 혹은 상대에게 묘하게 주도권을 넘기며 힙하고 나른한 분위기를 풍기고 싶을 때 사용함.","""오늘 야자 쨀까?"" / ""음... 할래 말래 할래 말래 할래 말래 .. 애매하긴 해.""",중요한 결정을 내려야 하는 진지한 상황에서 계속 '할래말래'를 남발하면 무책임해 보일 수 있음.,유튜브 채널 '숏박스'의 '이진' 시리즈 대사에서 유래하여 'HMH'라는 약자로도 널리 쓰임.,[낀세대: Safe] / [외국인: Safe] / [복학생: Safe],10대 ~ 20대,"쿨함, 힙함, 애매함","상황극, 소통 방식"
애매하긴 해,"애매하긴 해 밈, 숏박스 애매하긴해, 할래말래 애매하긴해, Z세대 공감","고민되지만 약간의 기대감이나 흥미를 느끼는 미묘한 상태, 혹은 하고 싶지만 망설여지는 솔직한 심정의 표현.","할까 말까'의 반복 속에서 솔직한 고민을 유머러스하게 드러내거나, 힘든 상황 속 작은 희망을 발견했을 때 사용함.","""아, 다이어트 해야 되는데 야식 당기네. 야식 먹을래 말래 먹을래 말래 .. 애매하긴 해.""","정말로 상황이 불분명하여 정보를 묻는 '애매하다'와는 달리, 이 밈은 '망설임의 유희'에 가까움.","숏박스' 콘텐츠에서 유래하여 '할래말래(HMH)'와 결합, 힙한 영어 치환(GMG HMH)으로도 변주됨.",[낀세대: Safe] / [외국인: Safe] / [복학생: Safe],10대 ~ 20대,"공감, 유머러스, 망설임","리액션, 심리 묘사"
존맛탱,"존맛탱 뜻, JMTGR 뜻, 존맛탱구리 유래, 진짜 맛있는 음식",정말 맛있다'는 뜻의 극찬. '존나(매우)' + '맛있다' + '탱(강조/귀여움)'의 합성어이며 영어 약자로 'JMT'라고 씁니다.,"맛있는 음식을 먹고 감탄할 때, 혹은 맛집을 소개하는 SNS 게시물에서 해시태그나 문구로 주로 사용합니다.","""이 집 떡볶이 진심 존맛탱(JMT)! 인생 맛집 찾았다.""",존나'라는 비속어에서 유래했으므로 아주 격식 있는 자리나 어른들 앞에서는 사용을 지양해야 함.,2000년대 중반 인터넷 커뮤니티에서 '존맛'에 귀여운 강조형 '탱/구리'를 붙이며 탄생 및 확산됨.,[낀세대: Safe] / [외국인: Safe] / [복학생: Safe],전 연령대,"감탄, 강조, 솔직함","음식, 감탄사"
개웃겨서 도티낳음,"[완전최신밈], [완전최신신조어], 도티낳음 뜻, 입덕 입덧 밈, 개웃겨서 도티낳음 유래, 도티 호잇짜","너무 웃겨서 팬이 되는(입덕) 것을 넘어, 마치 출산하듯 새로운 팬심이나 창작물이 탄생할 정도의 극강의 재미를 뜻함.","상상을 초월할 정도로 웃긴 영상이나 게시물을 봤을 때, 그 재미의 강도를 유머러스하게 표현하며 사용합니다.","""방금 그 드립 실화냐? 진짜 개웃겨서 도티낳음 ㅋㅋㅋ""","도티라는 실존 인물과 '출산'이라는 비유가 섞여 있어, 맥락 없이 사용하면 뜻이 전달되지 않을 수 있음.",입덕→입덧→출산'으로 이어지는 언어유희 세계관에 유명 유튜버 '도티'의 캐릭터성이 결합되어 탄생.,[낀세대: Safe] / [외국인: Caution] / [복학생: Safe],10대 ~ 20대,"유머러스, 과장됨, 폭소","리액션, 팬덤 문화"
"힙합보단 사랑, 사랑보단 돈","[완전최신밈], [완전최신신조어], 힙사사돈 뜻, 힙합보단 사랑 유래, 노아주다 챌린지, 최애 응원 밈","열정(힙합)과 사랑, 돈이라는 현실적 가치보다 '내가 좋아하는 대상(최애)'이 가장 소중하다는 팬심의 표현.","아이돌이나 캐릭터를 응원할 때, 혹은 자신의 우선순위 끝판왕이 누구인지를 보여주는 챌린지 영상 등에 사용합니다.","""힙합보단 사랑, 사랑보단 돈, 돈보단 우리 뫄뫄(아이돌)! 네가 최고야.""","원곡의 가사는 '돈이나 벌래'라는 현실적 슬픔을 담고 있으므로, 밈의 긍정적인 방향과 구분해서 이해할 것.",가수 노아주다(noahjooda)의 곡 가사가 SNS에서 '최애 자랑용' 템플릿으로 변형되며 유행함.,[낀세대: Safe] / [외국인: Safe] / [복학생: Safe],10대 ~ 20대,"애정 어린, 헌신적, 힙함","팬덤, 가치관"
골반이 멈추지 않아,"[완전최신밈], [완전최신신조어], 골반이 멈추지 않아 밈, 퐁기 골반통신, 골반이 안 멈추는 병, 짧은 치마 챌린지",AOA '짧은 치마' 비트에 맞춰 골반을 계속 흔드는 중독성 있는 춤 챌린지. 일명 '골반통신'으로 불립니다.,"신나는 분위기를 연출하거나, 90년대 플래시 게임 같은 B급 감성의 숏폼 콘텐츠를 만들 때 주로 사용합니다.","""내 골반이 멈추지 않는 탓일까? (자막과 함께 골반 춤)""","춤의 동작이 강조되는 밈이므로, 공공장소나 부적절한 상황에서 추면 오해를 살 수 있어 주의 필요.",인플루언서 '퐁기'가 만든 90년대 감성 편집 영상이 틱톡과 릴스에서 대박을 터뜨리며 유행함.,[낀세대: Safe] / [외국인: Caution] / [복학생: Safe],10대 ~ 20대,"중독적, B급 감성, 유쾌함","챌린지, 댄스"
매끈매끈하다 매끈매끈한,"[완전최신밈], [완전최신신조어], 매끈매끈하다 밈, 카니 한국어 챌린지, 뿅뿅하다 뜻, 수능 금지곡 챌린지","안무가 카니가 한국어 형용사를 외우기 위해 만든 중독성 강한 랩과 안무. '매끈매끈', '울퉁불퉁' 등의 리듬이 핵심임.","공부나 작업 중 뇌리에 박힌 중독성을 표현하거나, 'OO하다 OO한' 템플릿에 맞춰 자신만의 패러디 영상을 만들 때 사용함.","""머릿속에서 '매끈매끈하다 매끈매끈한'이 안 떠나... 수능 금지곡임.""","뿅뿅하다'는 '평평하다'의 오발음에서 온 밈이므로, 실제 한국어 학습 시에는 정확한 발음을 구분해야 함.",안무가 카니(Kany)가 한국어 단어를 외우는 영상이 숏폼에서 '시성비' 좋은 중독성 콘텐츠로 확산됨.,[낀세대: Safe] / [외국인: Safe] / [복학생: Safe],10대 ~ 30대,"중독적, 경쾌함, 학습유희","챌린지, 리듬"
낉여오거라,"[완전최신밈], [완전최신신조어], 낉여오거라 뜻, 투표 낉여오거라, 끓여오거라 밈, 강아지 낉여오거라",가져오너라' 혹은 '끓여오너라'를 코믹하게 변형한 말. 당장 무언가를 가져오거나 실행하라고 유쾌하게 재촉하는 명령조의 밈.,"재미있는 콘텐츠를 요구하거나, 투표 참여 등 특정 행동을 독려할 때, 혹은 귀여운 강아지 짤과 함께 상황극을 연출할 때 사용합니다.","""심심한데 잼얘 낉여오거라!"" / ""오늘 투표날이다, 다들 투표 낉여오거라!""","실제로 기분이 나쁠 정도로 강압적인 명령을 할 때 쓰기보다는, 친근하고 장난스러운 소통의 도구로 써야 함.",끓여오너라'의 사투리나 오타 같은 발음 변형이 귀여운 강아지 사진과 결합하며 SNS 및 커뮤니티에서 유행함.,[낀세대: Safe] / [외국인: Safe] / [복학생: Safe],10대 ~ 20대,"해학적, 명령조(유머), 활기참","상황극, 리액션"
싹싹김치,"[완전최신밈], [완전최신신조어], 싹싹김치 뜻, 빠더너스 싹싹김치, 싹쓸이 밈, 완벽하다 유행어","무언가를 완벽하게 해내거나 남김없이 싹쓸이했을 때, 혹은 경험이 매우 만족스러울 때 쓰는 긍정적인 감탄사.","맛있는 식사를 남김없이 먹었을 때, 게임에서 압도적으로 이겼을 때, 혹은 일처리가 완벽할 때 극찬의 의미로 사용합니다.","""오늘 점심 메뉴 진짜 싹싹김치였다!"" / ""이번 프로젝트 결과 완전 싹싹김치하게 나왔네.""","부정적인 상황이나 무언가 부족한 결과물에는 사용하지 않으며, 오직 '완벽한 만족'의 순간에만 씀.","유튜브 채널 '빠더너스', '밈고리즘' 등을 통해 2025년 초부터 대중적으로 확산된 유행어.",[낀세대: Safe] / [외국인: Safe] / [복학생: Safe],10대 ~ 30대,"활기참, 만족감, 긍정적","리액션, 찬사"
에참꽁,"에참꽁 뜻, 에바참치꽁치 유래, 너무하네 밈, 에바참치 뜻","에바 참치 꽁치'의 줄임말로, 상황이 너무 과하거나 정도를 지나쳐 어이가 없을 때 사용하는 신조어.","가벼운 장난이나 황당한 상황에서 ""정말 너무하네"", ""말도 안 돼""라는 느낌을 전달하고 싶을 때 사용합니다.","""숙제가 이만큼이라고? 진짜 에참꽁이다."" / ""갑자기 비 오는 거 실화? 에참꽁이네.""",진지하게 화가 난 상황이나 격식 있는 자리에서 사용하면 상대방을 비꼬는 것처럼 들릴 수 있음.,"에바(Over)'에 운율을 맞추기 위해 '참치', '꽁치'를 덧붙인 언어유희에서 유래함.",[낀세대: Safe] / [외국인: Safe] / [복학생: Safe],10대 ~ 20대,"장난스러움, 황당함, 가벼움","감탄사, 리액션"
허거덩거덩스,"[완전최신밈], [완전최신신조어], 허거덩거덩스 뜻, 허거덩스 유래, 잇츠쿨띵 밈, 황당한 상황 밈",헉'을 극단적으로 과장한 표현. 매우 당황스럽거나 황당해서 말문이 막히는 '벙찐' 상태를 의미함.,"예상치 못한 황당한 소식을 들었을 때나, 믿기 힘든 어이없는 상황을 직관적으로 묘사하고 싶을 때 사용합니다.","""내 통장 잔고 실화냐? 리얼 허거덩거덩스한 상황이네."" / ""갑자기 휴강이라고? 허거덩거덩스...""","단순한 놀람보다는 '황당함'에 가깝기 때문에, 무서운 상황이나 진지한 공포 상황에는 어울리지 않음.",2025년 2월 인스타그램 '@itiscoolthing' 계정의 짤방에서 시작되어 유행한 만능 감탄사.,[낀세대: Safe] / [외국인: Safe] / [복학생: Safe],10대 ~ 20대,"코믹함, 당황스러움, 과장됨","감탄사, 리액션"
칠가이,"쿨한 사람, 여유, 칠하다, 신경 안 씀, 힙한 태도",어떤 상황에서도 동요하지 않고 느긋하고 쿨한 태도를 유지하는 캐릭터(또는 사람).,"주변이 난리 법석일 때 홀로 평온함을 유지하거나, 과도한 걱정을 하는 친구를 진정시킬 때.","""왜 그렇게 호들갑이야? 나처럼 칠 가이(Chill Guy)가 되어봐.""",게으르거나 무책임한 태도를 '칠하다'고 포장하면 비호감 유발.,해외 틱톡 캐릭터,[낀세대: Safe] / [외국인: Safe] / [복학생: Safe] 여유로운 태도를 칭찬하는 긍정적 표현으로 매우 안전함.,[10-30대: 주사용층] / [40-50대: 트렌드 파악] 급박한 업무 상황에서 침착함을 유지하는 동료를 치켜세울 때 센스 있게 사용 가능.,여유/무심,유머/해외
숭배합니다,"페이커 찬양, 대단하다, 신격화, 존경 표현, 대상혁",특정 대상의 압도적인 능력이나 업적을 종교적으로 찬양함.,"대상이 훌륭한 성과를 냈을 때, 혹은 뜬금없는 타이밍에 찬양하여 웃음을 줄 때.","""아, 신이시여. 오늘도 숭배합니다.""",찬양 대상에 대한 반감이 있는 곳에서 사용 시 분쟁 유발.,리그 오브 레전드 갤러리,"[낀세대: Caution] / [외국인: Safe] / [복학생: Safe] 과한 찬양은 부담을 줄 수 있으나, 유머러스한 칭찬으로 활용 가능.",[10-20대: 주사용층] / [30대 이상: 유머로 소비] 팀원의 압도적인 성과를 장난스럽게 극찬하며 분위기를 띄울 때 유용함.,경외/유머,게임/팬덤
기습숭배,"갑자기 찬양, 뜬금포 칭찬, 상시숭배, 페이커 밈",아무런 맥락 없이 갑작스럽게 특정 대상을 찬양하는 행위.,"전혀 관련 없는 대화 중에도 대상이 연상되면 ""아 또 대상혁이야?"" 하며 사용.","""여기서 갑자기 기습숭배를 한다고? 역시 신이야.""",너무 잦은 사용은 대화의 맥락을 끊어 피로감 유발.,리그 오브 레전드 갤러리,[낀세대: Caution] / [외국인: Caution] / [복학생: Caution] 갑작스러운 찬양 패턴을 모르면 당황할 수 있음.,[10-20대: 주사용층] / [30대 이상: 관찰자 시점] 친한 사이에서 뜬금없는 타이밍에 칭찬하여 웃음을 주고 싶을 때 사용.,유머/광기,게임/팬덤
폼미쳤다,"실력 대박, 분위기 최고, 오늘 날이다, 텐션 높음",기량(Form)이나 상태가 미친 듯이 뛰어나다. 상황이나 분위기가 아주 좋다.,"친구의 드립이 재미있거나, 운동 선수의 활약이 대단할 때 감탄사로 사용.","""와, 오늘 날씨 폼 미쳤다. 한강 가야 돼.""",부정적인 상황(빌런의 행패 등)을 비꼬는 의미로 쓸 때는 주의.,인방/스포츠 커뮤니티,[낀세대: Safe] / [외국인: Safe] / [복학생: Safe] 감탄사나 강조어로서 매우 효과적이며 대중적인 표현임.,[전 연령대: 권장] 동료의 발표 실력이나 오늘 점심 메뉴의 퀄리티를 칭찬할 때 누구나 쓰는 만능 강조어.,감탄/흥분,감탄사
한잔해,"술 권유, 위로, 잊어버려, 건배사, 회식 밈",안 좋은 일은 술 한 잔으로 털어버리자는 긍정 혹은 체념의 표현.,친구가 실수를 했거나 억울한 일을 당했을 때 쿨하게 넘기라고 위로하며.,"""이미 지난 일이잖아. 그냥 한 잔 해~ 털어버려!""",술을 마실 수 없는 상황이나 미성년자에게 사용 부적절.,유튜브 '짠한형',[낀세대: Safe] / [외국인: Safe] / [복학생: Safe] 슬픔을 유머로 승화시키는 성숙한 태도를 보여줄 때 유용함.,"[전 연령대: 권장] 회식 자리나 힘든 프로젝트가 끝난 후, 고단함을 가볍게 털어내고 싶을 때 건배사로 제격.",호탕/위로,일상/술
대대대,"대단하다, 이름 찬양, 대황젠, 대상혁, 갓갓갓",이름 앞뒤에 '대'를 붙여 대단함을 강조하는 밈 (대 O O).,특정 인물이 엄청난 활약을 했을 때 이름을 넣어 찬양함.,"""역시 대 대 대! 믿고 있었다고.""",범죄자나 사회적 물의를 일으킨 사람 이름에 붙이면 조롱 혹은 옹호로 비침.,커뮤니티,[낀세대: Safe] / [외국인: Safe] / [복학생: Safe] 존경의 의미를 담아 이름을 강조하는 밈으로 호응이 좋음.,"[10-30대: 주사용층] / [40대 이상: 낯섦] 특정 인물이 큰 성과를 냈을 때 ""역시 대 O O!""이라며 추켜세우는 용도.",찬양/강조,수식어
따운!,"제압, 승리, 컷, 다운, 한 방 먹임",상대를 물리치거나 논리로 제압했을 때 외치는 효과음 같은 감탄사.,"게임에서 적을 처치했거나, 말싸움에서 상대의 입을 다물게 했을 때.","""논리로 완벽하게 반박 완료. 따운!""",너무 공격적으로 사용하면 싸움으로 번질 수 있음.,철권/격투 게임,[낀세대: Safe] / [외국인: Safe] / [복학생: Safe] 경쟁에서 이겼을 때의 통쾌함을 표현하는 효과음.,[10-20대: 남자 직원] / [30대 이상: 설명 필요] 내기 게임에서 이기거나 논쟁에서 완승했을 때 장난스럽게 외치는 추임새.,통쾌/공격,게임/승부
엄준식,"이름 개그, 방송 사고, 황당함, 망했다, 엄~","실존 인물의 이름을 밈으로 사용. ""엄~""으로 시작하는 말장난.",게임이나 방송 중 어이없는 실수를 했거나 분위기가 싸해졌을 때.,"""분위기 갑자기 엄준식... 이거 수습 어떻게 하냐.""",실존 인물 비하 의도가 섞일 수 있어 공식 석상 사용 자제.,카카오팟 PD,[낀세대: Danger] / [외국인: Danger] / [복학생: Danger] 사람 이름을 부정적 상황에 빗대는 것이라 당사자 모르면 비매너.,[10-20대: 주사용층] / [30대 이상: 사용 금지] 실수한 상황을 유머로 넘기려다 오히려 분위기를 싸하게 만들 수 있음.,난감/유머,인방
물로켓,"거품, 빈집털이, 과거 미화, 실력 폄하, 수준 낮음",과거의 영광이 현재 기준으로는 보잘것없다(물로켓 수준)고 비하하는 말.,과거의 전설적인 인물이나 기록을 현재와 비교하며 깎아내릴 때.,"""그 시절 우승은 솔직히 물 로켓 찌이익~ 아니냐?""",레전드 선수를 존중하지 않는 태도로 보일 수 있어 팬덤 간 싸움 유발.,리그 오브 레전드 갤러리,[낀세대: Danger] / [외국인: Danger] / [복학생: Danger] 과거의 성과를 폄하하는 발언이라 선배들에게 쓰면 큰일 남.,"[10-30대: 커뮤니티] / [40대 이상: 모욕감 주의] ""라떼는 말이야"" 하는 상사의 무용담을 속으로 비판할 때 쓰는 위험한 단어.",조롱/비하,커뮤니티
순수재미,"꿀잼, 정치질 없음, 진짜 웃김, 힐링 예능, 도파민","자극적이거나 논란 없이, 콘텐츠 자체의 재미가 뛰어남.",복잡한 생각 없이 빵 터지는 영상을 보거나 상황을 겪었을 때.,"""이 영상은 억지 텐션 없고 순수 재미네.""",재미없는 것을 비꼬는 반어법으로 쓰기도 함.,인터넷 방송,[낀세대: Safe] / [외국인: Safe] / [복학생: Safe] 복잡한 의도 없이 정말 재미있다는 순수한 칭찬.,[전 연령대: 권장] 회의 중 나온 아이디어나 휴식 시간의 농담이 정말 웃길 때 긍정적 피드백으로 사용.,칭찬/순수,평가
창팝,"신창섭 노래, 메이플 AI 노래, 리부트 정상화, 다 해줬잖아",메이플스토리 디렉터의 목소리로 만든 AI 생성 노래들.,게임 운영진을 풍자하거나 찬양(반어법)하는 문맥.,"""요즘 내 노동요는 창 팝 플레이리스트야. 가사가 예술임.""",게임을 모르는 사람에게는 이해도가 낮음. 특정 게임 비하 의도 내포.,메이플스토리 갤러리,[낀세대: Caution] / [외국인: Caution] / [복학생: Caution] 특정 게임 문화를 모르면 노래 가사 풍자를 이해하기 힘듦.,[10-20대: 매니아층] / [30대 이상: 이해 불가] 서브컬처에 친숙한 동료들끼리 공유하는 유머 코드로 한정해서 사용.,풍자/유쾌,게임/AI
팩트는,"팩트 폭력, 뼈 때리기, 진실은, 팩트 체크, 신창섭 밈","문장을 ""팩트는 ~라는 거임""으로 시작하여 팩트 폭력을 가하거나 강조함.","상대방의 환상을 깨거나, 냉정한 현실을 지적할 때.","""팩트는 네가 공부를 안 해서 성적이 떨어졌다는 거임.""",너무 진지하게 사용하면 '설명충'이나 공격적인 사람으로 보임.,메이플스토리 밈,[낀세대: Safe] / [외국인: Safe] / [복학생: Safe] 중요한 정보를 강조할 때 주목도를 높이는 화법.,"[10-30대: 유행어] / [40대 이상: 설명충 주의] 핵심 내용을 전달하기 전, 분위기를 환기시키며 ""팩트는 이것입니다""라고 말할 때.",냉철/강조,화법
캐리,"하드 캐리, 내가 다 함, 버스 기사, 해결사, 주인공",내가 팀을 승리로 이끌거나 어려운 상황을 해결함 (Carry).,조별 과제나 게임에서 내가 주도적으로 문제를 해결했을 때.,"""걱정 마, 이번 과제는 내가 캐리한다. 숟가락만 얹어.""",혼자 다 했다고 생색내는 용도로 과하게 쓰면 재수 없음.,AOS 게임 (롤 등),[낀세대: Safe] / [외국인: Safe] / [복학생: Safe] 일 처리에 대한 최고의 찬사 중 하나로 통함.,"[10-30대: 주사용층] / [40-50대: 이해 필수] 프로젝트를 성공적으로 이끈 동료에게 ""이번 건 김 대리님이 캐리했죠""라고 칭찬.",자신감/자랑,게임/협동
트롤,"민폐, 방해꾼, 던짐, 고의 패배, 트롤링",팀에 방해되는 행동을 하거나 그런 행동을 하는 사람 (Troll).,"팀원이 고의로 게임을 망치거나, 협동 작업에서 실수를 연발할 때.","""아, 진짜 트롤 짓 좀 그만해! 다 이긴 거였는데.""",실수한 사람에게 너무 가혹하게 비난하는 용도로 쓰면 싸움 발생.,게임/판타지 용어,[낀세대: Caution] / [외국인: Safe] / [복학생: Safe] 팀워크를 해치는 행동을 지적할 때 쓰지만 직설적임.,"[20-40대: 주사용층] / [50대 이상: 설명 필요] 팀 프로젝트에 방해되는 행동을 ""트롤링""이라고 표현하며 주의를 줄 때.",비난/짜증,게임/협동
마라탕후루,"10대 간식, 선배 밈, 탕후루 댄스, 요즘 애들, 단짠단짠","""선배, 마라탕 사주세요"" 숏폼 챌린지 및 10대들의 식문화 상징.","숏폼 춤을 추거나, 후배가 선배에게 애교 부리며 밥 사달라고 할 때.","""선배! 혹시 마라탕후루 같이 드실래요?""",과도한 당 섭취나 10대 문화를 비판적으로 볼 때 인용되기도 함.,틱톡/릴스 챌린지,"[낀세대: Safe] / [외국인: Safe] / [복학생: Safe] 10대 트렌드를 이해한다는 인상을 주며, 간식 내기 제안에 좋음.","[10대: 주사용층] / [20-40대: 유행 동참] 점심 식사 후 디저트를 제안할 때 ""탕후루 어때요?""라며 가볍게 꺼내기 좋음.",발랄/애교,음식/댄스
한강위로고양이가,"꽁꽁 얼어붙은, 춤 챌린지, 뉴스 밈, 고양이 밈, 숏폼 댄스",뉴스 리포팅 음성에 비트를 얹어 고양이처럼 걷는 챌린지.,"숏폼 영상을 찍거나, 해당 리듬을 흥얼거릴 때.","""한강 위로 고양이가 걸어다닙니다~ (춤추며 등장)""",유행이 지났는데 계속하면 '뇌절' 소리 들을 수 있음.,뉴스 + 숏폼,[낀세대: Safe] / [외국인: Safe] / [복학생: Safe] 숏폼 트렌드를 알고 있음을 보여주는 가벼운 유머 소재.,"[전 연령대: 숏폼 시청] 분위기가 얼어붙었을 때 이 밈을 인용해 ""분위기가 꽁꽁 얼어붙었네요""라며 농담.",유쾌/리듬,챌린지
너뭐돼?,"자의식 과잉, 잘난 척, 꼽주기, 네가 뭔데, 훈수 금지","상대방이 주제넘게 행동하거나 잘난 척할 때 ""네가 뭐라도 된 줄 아냐?""는 뜻.",남의 일에 지나치게 간섭하거나 거만한 태도를 보이는 사람에게.,"""왜 이래라저래라야? 너 뭐 돼?""",친한 사이가 아니면 싸움을 유발하는 공격적인 표현.,유튜버 프리지아,[낀세대: Danger] / [외국인: Danger] / [복학생: Danger] 상대방의 자존심을 긁는 시비조이므로 싸울 때 아니면 금지.,[10-20대: 친구 사이] / [30대 이상: 비매너] 정말 화가 났거나 상대가 선을 넘었을 때만 사용하는 공격형 언어.,공격/무시,유행어
Iam신뢰에요,"믿어주세요, 사기 밈, 한국말+영어, 럭셔리한 척, 허세 말투",사기꾼 전청조의 어눌한 교포 말투 흉내 (I am ~에요).,"말도 안 되는 주장을 하거나, 장난스럽게 믿음을 강요할 때 사용.","""저만 믿으세요. I am 신뢰에요.""",실제 사기 피해자가 있는 사건이므로 지나친 희화화나 진지한 상황 사용 주의.,사기 사건 카톡,[낀세대: Caution] / [외국인: Caution] / [복학생: Caution] 범죄 관련 밈이므로 비즈니스 신뢰 관계에서는 사용 자제.,[전 연령대: 인지] / [사용: 농담 한정] 친한 동료에게 가벼운 부탁을 하거나 장난칠 때 뻔뻔한 콘셉트로 사용.,허세/풍자,사회/뉴스
오히려좋아,"긍정 회로, 전화위복, 럭키비키 전 단계, 괜찮아, 결과적 이득",예상치 못한 안 좋은 상황을 긍정적으로 재해석하는 태도.,"약속이 취소되어 집에 일찍 가게 되었거나, 실수로 다른 메뉴가 나왔을 때.","""비 와서 소풍 취소됐네? 오히려 좋아, 집에서 넷플릭스 보자.""",정말 심각한 재난이나 불행에는 사용 불가.,인터넷 방송,[낀세대: Safe] / [외국인: Safe] / [복학생: Safe] 분위기를 밝게 만들고 멘탈 관리에 도움을 주는 아주 건강한 밈임.,[10-30대: 주사용층] / [40대 이상: 트렌디함] 갑작스러운 야근이나 일정 변경 시 긍정적으로 상황을 반전시키는 센스 있는 한마디.,낙관/긍정,일상
가보자고,"파이팅, 시작, 도전, 렛츠고, 의지 투요",힘차게 시작해보자는 의지와 파이팅을 다지는 말.,"새로운 일을 시작하거나, 망설이는 친구를 독려할 때.","""내일 시험이지만 일단 가보자고! 밤샘 스타트.""",하기 싫은 일을 억지로 강요할 때 쓰면 역효과.,아이돌 팬덤,[낀세대: Safe] / [외국인: Safe] / [복학생: Safe] 시작 전 기합을 넣는 긍정적이고 에너지 넘치는 구호.,[전 연령대: 권장] 프로젝트 킥오프 미팅이나 회식 2차 이동 시 힘차게 외치면 분위기 메이커 등극.,열정/활기,감탄사
쉽살재빙,"인생의 쓴맛, 도전 정신, 거북이 노래, 긍정, 빙고","""쉽게만 살아가면 재미없어 빙고"" (거북이 노래 가사).",힘든 일이 생겼을 때 스스로를 위로하거나 유쾌하게 받아칠 때.,"""야근 당첨이라고? 하하, 쉽살재빙! 인생 하드코어네.""",정말 심각한 고난에 처한 사람에게 쓰면 눈치 없다는 소리 들음.,거북이 노래 가사,[낀세대: Safe] / [외국인: Safe] / [복학생: Safe] 삶의 고난을 웃어넘기는 여유와 긍정적 에너지를 전달함.,[30-40대: 추억 공감] / [20대: 역주행 유행] 힘든 업무 중에도 긍정적인 마인드를 잃지 않겠다는 의지를 보여줄 때.,유쾌/위로,노래/가요
스불재,"자업자득, 사서 고생, 내가 저지른 일, 후회, 무리한 일정","""스스로 불러온 재앙""의 줄임말. 본인의 선택으로 고통받음.",감당 못할 일을 벌여놓고 힘들어서 후회할 때 자조적으로 사용.,"""주말에 약속 3개 잡은 거 실화냐... 완전 스불재다.""",남의 불행을 비웃을 때 사용하면 매우 공격적으로 들림.,아이돌 팬덤/트위터,[낀세대: Caution] / [외국인: Safe] / [복학생: Safe] 본인의 선택에 대한 책임을 자조적으로 표현하여 공감을 얻음.,"[20-30대: 주사용층] / [40-50대: 설명 필요] 무리하게 일을 벌여놓고 힘들 때 ""제가 자초했죠""라는 의미로 웃으며 사용 가능.",자조/후회,줄임말
무물,"Q&A, 질문 받음, 인스타 스토리, 소통, 궁금한 거","""무엇이든 물어보세요""의 줄임말. 주로 인스타그램 기능 지칭.",SNS에서 팔로워들의 질문을 받거나 소통할 때.,"""심심한데 무물 타임 가실게요. 아무거나 질문 고.""",개인 정보를 캐묻거나 무례한 질문을 하는 용도로 악용 주의.,인스타그램 스토리,[낀세대: Safe] / [외국인: Safe] / [복학생: Safe] SNS 소통 문화를 반영한 단어로 젊은 감각을 보여줌.,"[10-30대: 인스타 유저] 신입사원에게 ""궁금한 거 있으면 편하게 물어봐(무물해)""라고 하면 센스 만점 선배.",소통/호기심,SNS
맛꿀마,"존맛, 꿀맛, 경상도 사투리, 먹방, 맛있다",맛있다'의 경상도 사투리 억양을 살린 변형 (꿀맛 -> 꿀마).,음식이 매우 맛있을 때 감탄사처럼 사용.,"""와 이 국밥 맛꿀마! 직이네.""",사투리 밈이라 타 지역 사람에게는 생소할 수 있음.,유튜브/틱톡 먹방,[낀세대: Safe] / [외국인: Safe] / [복학생: Safe] 사투리 억양을 살려 음식의 맛을 극찬하는 유쾌한 표현.,"[10-20대: 주사용층] / [30대 이상: 사투리로 이해] 점심 회식 자리에서 음식이 맛있을 때 ""이거 완전 맛꿀마네!""라고 리액션.",감탄/식탐,음식/사투리
점메추,"점심 추천, 메뉴 고민, 오늘 뭐 먹지, 배달 추천, 식사 결정","""점심 메뉴 추천""의 줄임말 (저녁은 저메추).",식사 시간이 다가와 메뉴를 결정하지 못해 타인에게 물어볼 때.,"""형, 오늘 점메추 좀. 한식 말고 느끼한 거 당겨.""",추천해줬는데 다 싫다고 거절하면(답정너) 짜증 유발.,커뮤니티 일상,[낀세대: Safe] / [외국인: Safe] / [복학생: Safe] 가벼운 소통을 유도하는 위트 있는 표현임.,"[전 연령대: 권장] 점심시간 직전, 딱딱한 업무 대화를 부드럽게 풀고 식사 주제로 넘어갈 때 필수 용어.",질문/요청,일상
내봬누,"설렘, 연하남, 플러팅, 내일 봐요, 환승연애","""내일 봬요 누나""의 줄임말. 연하남의 설레는 인사.",호감 있는 연상녀에게 데이트 신청하거나 작별 인사할 때.,"""오늘 즐거웠어요. 내봬누.""",맥락 없이 아무에게나 쓰면 느끼하거나 예의 없어 보일 수 있음.,환승연애2 (정현규),[낀세대: Safe] / [외국인: Safe] / [복학생: Safe] 연하남의 설렘 포인트를 자극하는 로맨틱한 인사법.,"[20-30대: 여성층] / [40대 이상: 낯섦] 퇴근길에 친한 여자 선배에게 ""내일 봬요 누나""를 줄여서 장난스럽게 인사.",설렘/로맨스,연애/방송
중마,"중요한 건 마음, 중꺾마 변형, 진심, 의지, 따뜻함","""중요한 건 마음"" (또는 중꺾마의 줄임/변형). 결과보다 마음가짐 강조.","선물의 크기보다 정성을 강조하거나, 꺾이지 않는 마음을 줄여 부를 때.","""선물 고마워. 역시 중마지! 마음이 너무 예쁘다.""",원래 밈인 '중꺾마'와 혼용되거나 의미가 모호할 수 있음.,중꺾마 파생,[낀세대: Safe] / [외국인: Safe] / [복학생: Safe] 결과보다 과정을 중시하는 따뜻한 마음을 강조함.,"[전 연령대: 공감] 선물의 가격보다 정성이 중요함을 말할 때 ""중요한 건 마음이죠""라며 감사 표시.",따뜻/의지,줄임말
할많하않,"답답함, 침묵, 말해 뭐해, 포기, 설명 귀찮음","""할 말은 많지만 하지 않겠다""의 줄임말.",상황이 어이없거나 상대방과 말이 안 통할 때 대화를 단절하며.,"""저 상황 진짜... 에휴, 할많하않. 그냥 내가 참는다.""",논리적인 해명이 필요한 상황에서 회피용으로 쓰면 무책임해 보임.,커뮤니티 줄임말,[낀세대: Caution] / [외국인: Safe] / [복학생: Safe] 자신을 방어할 때 유용하나 타인에게 쓰면 답답함을 줄 수 있음.,[20-30대: 주사용층] / [40대 이상: 이해 필요] 말 못 할 사정이 있거나 논쟁을 피하고 싶을 때 정중하게 대화를 끝내는 용도.,체념/답답,줄임말
최최차차,"차은우, 얼굴 천재, 존잘, 인정, 최애는 최애","""최애는 최애고 차은우는 차은우다"". 누구나 인정하는 잘생김.",내가 좋아하는 아이돌(최애)이 따로 있어도 차은우는 잘생겼음을 인정할 때.,"""와 차은우 실물 영접했는데, 진짜 최최차차더라.""",차은우 외의 다른 연예인에게 무리하게 적용하면 공감 실패.,아이돌 팬덤,"[낀세대: Safe] / [외국인: Safe] / [복학생: Safe] 잘생김을 인정하는 관용구로, 연예인 토크 시 분위기 메이커.",[10-30대: 주사용층] / [40대 이상: 차은우 인지] 잘생긴 신입사원이나 연예인을 칭찬할 때 질투 없이 쿨하게 인정하는 표현.,감탄/인정,연예인
갑통알,"텅장, 거지됨, 알바 구함, 돈 없음, 과소비 후회","""갑자기 통장을 보니 알바를 해야겠다""의 줄임말.",돈을 흥청망청 쓰고 난 뒤 잔고를 보고 현타가 왔을 때.,"""이번 달 카드 값 미쳤다. 갑통알 시급하다...""",경제적으로 정말 곤란한 상황보다는 가벼운 과소비 후회에 적합.,알바몬 등 구인구직,[낀세대: Safe] / [외국인: Safe] / [복학생: Safe] 경제적 상황을 유머러스하게 표현하여 동질감을 형성함.,"[10-20대: 알바 세대] / [30대: 소비 공감] 월급 전 텅 빈 통장을 보며 동료들과 ""우리 열심히 일해야죠""라고 다짐할 때.",후회/유머,경제/알바
남아공,"공부 해, 학생 밈, 팩폭, 남아서 공부, 열공","""남아서 공부나 해""의 줄임말.",연애나 노는 것에 정신 팔린 학생에게 공부하라고 핀잔줄 때.,"""너 지금 연애할 때냐? 남아공!""",꼰대처럼 들릴 수 있으니 친한 친구 사이에서만 사용.,웹드라마 (에이틴),[낀세대: Caution] / [외국인: Safe] / [복학생: Safe] 공부를 강요하는 꼰대처럼 보일 수 있어 친한 후배에게만.,"[10대: 학생] / [20대: 시험 기간] 딴짓하는 인턴이나 후배에게 ""남아서 공부나 해""라며 장난 섞인 핀잔.",핀잔/충고,학교/공부
완내스,"내 스타일, 취향 저격, 이상형, 딱이야, 완벽해","""완전 내 스타일""의 줄임말.","옷, 음식, 이성 등 자신의 취향에 딱 맞는 대상을 발견했을 때.","""이 옷 핏 좀 봐. 완내스! 당장 사야지.""",-,커뮤니티 줄임말,[낀세대: Safe] / [외국인: Safe] / [복학생: Safe] 개인의 취향을 확실히 밝히는 긍정적 표현.,"[10-20대: 주사용층] / [30대 이상: 센스] 선물받은 물건이나 추천받은 식당이 마음에 들 때 ""완전 내 스타일""이라며 호응.",만족/호감,취향
핑프,"검색 좀 해, 무임승차, 질문충, 게으름, 떠먹여줘","""핑거 프린세스/프린스"" (검색 안 하고 물어보는 사람).",검색하면 바로 나오는 정보를 굳이 커뮤니티에 물어보는 사람을 비난할 때.,"""공지 좀 읽어라. 핑프 짓 하지 말고 검색부터 해.""",초보자나 정말 몰라서 묻는 사람에게 공격적으로 사용하면 비매너.,여초 커뮤니티,[낀세대: Danger] / [외국인: Danger] / [복학생: Danger] 질문자를 무시하는 태도로 보일 수 있어 비즈니스 매너 위반.,[10-20대: 커뮤니티] / [30대 이상: 사용 금지] 신입사원이 질문할 때 절대 사용 금지. 속으로만 생각하고 친절히 알려줄 것.,비난/짜증,커뮤니티
복세편살,"편하게 살자, 힐링, 대충 살자, 스트레스 금지, 인생 모토","""복잡한 세상 편하게 살자""의 줄임말.",골치 아픈 일을 피하고 단순하고 즐겁게 살고 싶을 때.,"""아몰랑, 그냥 잘래. 복세편살이 최고야.""",너무 무책임하게 일을 미룰 때 쓰면 게을러 보임.,커뮤니티 줄임말,[낀세대: Safe] / [외국인: Safe] / [복학생: Safe] 워라밸을 중시하는 현대 직장인의 소망을 대변함.,"[20-30대: 직장인] / [40대 이상: 공감] 복잡한 업무 이슈를 단순하게 해결하자고 제안할 때 ""복세편살 합시다""라고 유도.",낙관/태평,인생관
얼죽아,"얼죽아 뜻, 얼어 죽어도 아이스, 커피 취향,아이스 아메리카노, 한겨울 아아, 한국인 특, 시원한 거, 커피 취향","얼어 죽어도 아이스 아메리카노'의 줄임말. 아무리 추운 겨울에도 차가운 음료만 고집하는 취향.,""얼어 죽어도 아이스 아메리카노""의 줄임말.","영하의 날씨에 코트를 여미면서도 한 손에 아이스 커피를 들고 있는 자신의 모습을 설명할 때 사용함.,한겨울에도 뜨거운 음료 대신 아이스 음료를 고집할 때.","""오늘 영하 10도라는데... 그래도 난 얼죽아니까 아이스 라떼로 간다."",""영하 10도지만 난 얼죽아야. 아이스 라떼 주세요.""","건강을 걱정하는 어른들 앞에서 너무 고집부리면 잔소리를 들을 수 있는 소재임.,건강 염려를 하는 어른들에게는 이해받지 못함.","한국 특유의 차가운 커피 선호 문화가 SNS를 통해 '얼죽아 협회' 같은 밈으로 발전하며 정착됨.,카페 문화 밈","[낀세대: Safe] / [외국인: Safe] / [복학생: Safe],[낀세대: Safe] / [외국인: Safe] / [복학생: Safe] 개인의 확고한 취향을 나타내는 표현으로 매우 건전함.","전 연령대,[전 연령대: 직장인] 점심시간 카페에서 메뉴 통일을 강요받지 않고 소신 있게 아이스를 시킬 때 유용.","확고함, 유머러스, 트렌디,고집/취향","음식 취향, 라이프스타일,식음료"
특,"특징, 공감, 한국인 특, 국룰, 팩트","""~의 특징""을 줄여서 ""OO 특""이라고 표현. 공감대를 형성함.",특정 집단이나 상황의 전형적인 특징을 유머러스하게 나열할 때.,"""한국인 특: 소파 놔두고 바닥에 앉아서 소파에 기댐.""",인종 차별이나 성차별적 고정관념을 강화하는 내용에 사용 주의.,인터넷 커뮤니티,[낀세대: Safe] / [외국인: Safe] / [복학생: Safe] 공감대를 형성하는 화법으로 스몰토크 주제 던지기 좋음.,"[전 연령대: 커뮤니티] ""직장인 특: 월요일에 제일 피곤함""처럼 가벼운 공감 유머를 던질 때 사용.",공감/유머,서술어
개,"개웃기네, 개좋아, 완전, 강조, 진짜",접두사로 사용하여 뒤에 오는 단어를 매우 강조함 (긍정/부정 모두).,"감정을 격하게 표현할 때 (개웃겨, 개맛있어, 개망함).","""와 이거 개맛있는데? 너도 먹어봐.""",비속어에서 유래했으므로 격식 있는 자리에서는 사용 불가.,비속어 파생,[낀세대: Caution] / [외국인: Safe] / [복학생: Safe] 비속어 유래 접두사라 격식 있는 자리에서는 품위 손상 우려.,"[전 연령대: 일상] 친한 동료끼리 ""개웃기다"", ""개맛있다"" 등 감정을 솔직하고 격하게 표현할 때.",강조/격함,접두사
킹~,"킹받네, 갓, 킹정, 최고, 왕",접두사 King을 붙여 최상급이나 강조를 표현 (킹리적 갓심 등).,열받거나 인정할 수밖에 없는 상황을 강조할 때.,"""아 진짜 킹받네. 근데 인정은 한다. 킹정.""",남발하면 가벼워 보일 수 있음.,침착맨/인방,[낀세대: Safe] / [외국인: Safe] / [복학생: Safe] 대상을 최상급으로 치켜세우는 유쾌한 강조법.,"[10-30대: 주사용층] / [40대 이상: 긍정적] ""킹정(인정)"", ""갓생(열심히 산다)"" 등 긍정적인 단어와 결합하여 칭찬 효과 극대화.",강조/유머,접두사
갓~,"갓생, 갓반인, 갓작, 신, 최고, 찬양",접두사 'God'을 붙여 대상이 신의 경지에 올랐음을 강조함.,"인물, 작품, 성과 등이 압도적으로 훌륭할 때 칭찬으로 사용.","""와 이번 영화 진짜 갓작이다. 두 번 봐라.""",반어법으로 사용하여 대상을 조롱할 때(예: 갓겜 - 망한 게임)는 주의.,영어권 God + 합성,[낀세대: Safe] / [외국인: Safe] / [복학생: Safe] 대상을 최상급으로 치켜세우는 유쾌한 강조법.,"[10-30대: 주사용층] / [40대 이상: 긍정적] ""갓생(열심히 산다)"", ""갓작(명작)"" 등 긍정적인 단어와 결합하여 칭찬 효과 극대화.",찬양/강조,접두사
잼민이,"초딩, 무개념, 시끄러운 애들, 저연령층, 어린애","초등학생을 이르거나, 초등학생처럼 철없고 시끄럽게 행동하는 사람.","온라인 게임에서 목소리가 어린 유저를 만나거나, 논리가 없는 사람을 볼 때.","""채팅창 수준 왜 이래? 잼민이들 방학했냐?""",평범한 어린이들을 싸잡아 비하하는 용도로 쓰면 혐오 표현이 됨.,트위치 (재민),[낀세대: Danger] / [외국인: Danger] / [복학생: Danger] 어린이를 비하하는 용어라 자녀 있는 동료 앞에서 절대 금지.,"[10-20대: 게임 유저] / [30대 이상: 부모 세대 반감] 철없는 행동을 하는 사람을 지칭하지만, 혐오 표현으로 분류되므로 사용 자제.",비하/짜증,호칭
틀딱,"꼰대, 노인 비하, 옛날 사람, 틀니, 말 안 통함","""틀니 딱딱""의 줄임말. 말이 안 통하거나 고집 센 노인을 비하하는 멸칭.",시대착오적인 훈수를 두거나 정치적으로 편향된 노년층을 비난할 때.,"""아, 부장님 개그 진짜... 완전 틀딱 감성.""",노인 혐오 표현이므로 공식적인 자리나 AI 페르소나에서는 사용 금지.,디시인사이드,[낀세대: Danger] / [외국인: Danger] / [복학생: Danger] 노인 혐오 및 세대 갈등을 유발하는 최악의 단어.,"[10-30대: 커뮤니티] / [40대 이상: 모욕] 나이 든 상사나 선배를 뒤에서 욕할 때 쓰는 말로, 적발 시 사회생활 매장각.",혐오/비하,호칭
~좌,"본좌, 고수, 전문가, 멸공좌, 1인자",특정 분야에서 독보적인 존재감이나 활약을 보인 사람에게 붙이는 접미사.,이름이나 특징 뒤에 붙여 존경이나 놀라움을 표현 (예: 알뜰좌).,"""이 분야는 역시 00좌가 설명해주셔야지.""",범죄자나 사회적 물의를 일으킨 사람에게 붙여 희화화하지 않도록 주의.,마재윤(본좌),[낀세대: Safe] / [외국인: Safe] / [복학생: Safe] 상대를 전문가나 고수로 대우해 주는 존중의 표현.,"[20-30대: 주사용층] / [40대 이상: 기분 좋음] 엑셀을 잘 다루는 동료에게 ""엑셀좌""라고 부르면 기분 좋은 별명이 됨.",존중/인정,접미사
흑우,"호구, 호갱, 덤탱이, 손해, 블랙 카우","""호구""를 우회적으로 표현한 말(검은 소). 남들에게 잘 속거나 손해 보는 사람.",게임 아이템을 비싸게 샀거나 사기를 당했을 때 자조적으로 사용.,"""이 가격에 이걸 사다니... 나 완전 흑우 인증했네.""",남을 비하하는 용도보다는 본인의 실수를 자책하는 용도로 더 많이 쓰임.,토토/주식 갤러리,[낀세대: Caution] / [외국인: Safe] / [복학생: Safe] 스스로를 낮추는 용도로는 안전하나 남에게 쓰면 비하가 될 수 있음.,"[20-40대: 주사용층] / [50대 이상: 설명 필요] 비싼 값에 물건을 샀을 때 ""나 흑우 됐네""라고 자책하며 웃음을 유도.",자조/놀림,경제/소비
손절,"관계 끊음, 절교, 팔아치움, 연락 끊기, 차단",주식 용어 '손절매'에서 유래. 인간관계를 끊거나 특정 대상을 포기함.,"친구와 사이가 틀어졌거나, 덕질하던 아이돌에게 실망했을 때.","""그 친구랑은 그냥 손절했어. 더 이상 못 참겠더라.""",가벼운 다툼에도 습관적으로 '손절'을 언급하면 인간관계가 가벼워 보임.,주식 용어,[낀세대: Safe] / [외국인: Safe] / [복학생: Safe] 관계 정리를 깔끔하게 표현하나 너무 냉정해 보일 수 있음.,[20-30대: 주사용층] / [40대 이상: 경제 용어 익숙] 불필요한 인간관계나 나쁜 습관을 끊어내겠다고 다짐할 때 사용.,단호/냉정,관계/경제
빌런,"민폐, 악당, 특이한 사람, 범죄자, 기행",평범하지 않은 행동으로 남에게 피해를 주거나 황당함을 주는 사람.,"도서관에서 소음을 내거나, 조별 과제에서 잠수를 타는 사람을 지칭.","""우리 회사에 탕비실 간식 다 털어가는 빌런 있음.""","실제 범죄자가 아닌, 생활 속 사소한 민폐 캐릭터에게 주로 사용.",영화/코믹스,[낀세대: Safe] / [외국인: Safe] / [복학생: Safe] 성격이 특이하거나 민폐 끼치는 사람을 유머러스하게 지칭.,"[전 연령대: 권장] 사무실 에어컨을 너무 세게 트는 사람을 ""에어컨 빌런""이라 부르며 부드럽게 지적.",유머/비판,호칭
빼박,"확실함, 도망 못 감, 증거 확보, 꼼짝 마, 빼박캔트","""빼도 박도 못한다""의 줄임말. 상황이 확실하여 변명의 여지가 없음.",증거가 명백하거나 피할 수 없는 상황일 때.,"""이건 증거 영상 있어서 빼박이야. 부인 못 해.""",빼박캔트'(Can't)로 확장해서 쓰기도 함.,관용구 줄임말,[낀세대: Safe] / [외국인: Safe] / [복학생: Safe] 상황이 확실함을 강조할 때 쓰는 간결하고 명확한 표현.,"[전 연령대: 일상] 핑계 댈 수 없는 증거가 있을 때 ""이건 빼박 팩트입니다""라고 강조.",확신/강조,상태
시전,"행동 개시, 스킬 사용, 시작, 보여줌, 하다","게임 스킬을 사용하듯, 특정 행동이나 말을 실행에 옮김.","뻔뻔한 태도를 보이거나, 필살기 같은 멘트를 날릴 때.","""부장님 또 라떼는 말이야 시전하시네.""",너무 일상적인 행동(예: 밥 먹기 시전)에 쓰면 어색할 수 있음.,RPG 게임 용어,[낀세대: Safe] / [외국인: Safe] / [복학생: Safe] 행동을 게임 스킬처럼 묘사하여 재미를 줌.,"[20-30대: 게임 세대] / [40대 이상: 이해 가능] 상사가 또 잔소리를 시작할 때 ""잔소리 스킬 시전하셨다""고 속으로 생각하거나 동기끼리 공유.",묘사/유머,행동
지린다,"대단하다, 무섭다, 소름 돋다, 엄청나다, 바지에 실례",너무 놀랍거나 무서워서 오줌을 지릴 정도라는 뜻의 과장된 감탄사.,실력이 압도적이거나 상황이 매우 심각/대단할 때.,"""와 저 선수 슈팅 궤적 지린다. 어떻게 저게 들어가?""",다소 저속하게 들릴 수 있으므로 격식 있는 자리에서는 지양.,비속어 파생,[낀세대: Safe] / [외국인: Safe] / [복학생: Safe] 감탄사나 강조어로서 매우 효과적이며 대중적인 표현임.,[10-20대: 주사용층] / [30대 이상: 가벼운 자리] 엄청난 성과나 충격적인 뉴스를 접했을 때 놀라움을 격하게 표현.,감탄/충격,감탄사
오진다,"엄청나다, 쎄다, 대박이다, 야무지다, 쩐다",상태나 정도가 매우 대단하다. (주로 '지린다'와 세트로 쓰임).,긍정적인 의미(실력 좋음)와 부정적 의미(진상 부림) 모두 강조 가능.,"""오늘 날씨 추위 오진다. 나가지 마.""",지린다'와 마찬가지로 가벼운 속어 느낌.,10대 급식체,[낀세대: Safe] / [외국인: Safe] / [복학생: Safe] 감탄사나 강조어로서 매우 효과적이며 대중적인 표현임.,"[10-20대: 주사용층] / [30대 이상: 가벼운 자리] ""오늘 추위 오지네요""처럼 날씨나 상황의 강도를 강조할 때 사용.",강조/감탄,감탄사
머선129,"무슨 일이야, 웬일이니, 뭔일, 놀람, 사투리","""무슨 일이고?""를 사투리 억양과 숫자 129로 표기한 밈.",영문을 알 수 없는 황당한 일이 벌어졌을 때.,"""갑자기 실검 1위? 이게 머선129?""",텍스트로 칠 때 '129'를 써야 맛이 사는 밈.,강호동 사투리,[낀세대: Safe] / [외국인: Safe] / [복학생: Safe] 사투리와 숫자의 결합으로 당황스러움을 귀엽게 표현.,"[전 연령대: 예능 시청] 황당한 일이 벌어졌을 때 ""이게 머선129?""라고 텍스트로 보내면 분위기가 부드러워짐.",당황/유머,감탄사
700,"귀여워, ㄱㅇㅇ, 사랑스러워, 심쿵, 숫자 암호",초성 'ㄱㅇㅇ(귀여워)'를 모양이 비슷한 숫자로 표현한 것.,귀여운 동물이나 아이돌 영상을 보고 주접떨 때.,"""우리 강아지 자는 거 봐. 700...""",맥락 없이 숫자만 쓰면 모르는 사람은 이해 못 함.,트위치 채팅,[낀세대: Safe] / [외국인: Safe] / [복학생: Safe] 숫자로 귀여움을 표현하는 센스 있는 암호.,"[10-20대: 텍스트 소통] / [30대 이상: 해독 필요] 사내 메신저에서 귀여운 반려동물 사진을 봤을 때 ""700(귀여워)""이라고 반응.",애정/주접,통신어
레게노,"레전드, 전설, 역대급, 웃김, 대박",LEGEND'의 'D'를 'O'로 잘못 읽어 생긴 밈. 전설적인 상황을 뜻함.,다시 나오기 힘들 만큼 웃기거나 멋진 장면을 봤을 때.,"""오늘 방송 진짜 레게노 찍었다.""",맞춤법을 몰라서 틀린 게 아님을 인지해야 함.,유튜버 우왁굳,"[낀세대: Safe] / [외국인: Safe] / [복학생: Safe] 실수를 밈으로 승화시킨 것으로, 역대급 사건을 칭할 때 씀.","[10-20대: 인방 시청] / [30대 이상: 전설로 이해] 회식 자리에서 전설적인 에피소드가 나왔을 때 ""오늘 레게노 찍었네요""라고 호응.",감탄/칭찬,인방
마상,"마음의 상처, 상처받음, 삐짐, 서운, 맴찢","""마음의 상처"" 줄임말.",상대방의 말에 상처받았음을 가볍게 표현할 때.,"""너 아까 그 말, 나 진짜 마상이었어.""",진지하게 따지기보다 애교 섞인 투정으로 주로 사용.,줄임말,"[낀세대: Safe] / [외국인: Safe] / [복학생: Safe] 상처받은 마음을 무겁지 않게, 애교 섞어 표현함.","[10-30대: 여성층] / [40대 이상: 이해 필요] 동료의 거절이나 지적에 대해 ""저 마상 입었어요""라며 가볍게 투정 부리기.",서운/투정,감정
군싹,"군침, 먹방, 맛있겠다, 탐난다, 루피","""군침이 싹 도네""의 줄임말. (잔망루피 짤과 함께 유행).",맛있는 음식을 보거나 탐나는 물건/기회를 봤을 때.,"""치킨 비주얼 보니까 군싹이네.""",음흉한 의도를 가지고 사람에게 쓰면 성희롱 소지 있음.,뽀로로 루피,[낀세대: Safe] / [외국인: Safe] / [복학생: Safe] 식욕이나 욕망을 캐릭터(루피)와 결합해 귀엽게 표현.,"[10-30대: 캐릭터 선호] 맛있는 간식을 보거나 퇴근 시간이 다가올 때 ""군침이 싹 도네""라며 기대감 표출.",식탐/욕망,캐릭터
1도모르겠다,"전혀 모름, 하나도 모름, 이해 불가, 낫띵, 백지","""하나도 모르겠다""를 강조한 표현. (헨리 유행어).",설명이 너무 어렵거나 상황이 이해가 안 될 때.,"""수학 문제는 봐도 봐도 1도 모르겠다.""",이제는 거의 표준어처럼 정착된 표현.,MBC 헨리,[낀세대: Safe] / [외국인: Safe] / [복학생: Safe] 전혀 모른다는 것을 강조하는 표준어급 유행어.,"[전 연령대: 사용 가능] 업무 지시가 너무 복잡할 때 ""솔직히 1도 모르겠어요""라고 솔직하게 고백.",답답/무지,관용구
만반잘부,"인사, 소개, 첫 만남, 잘 부탁해, 줄임말","""만나서 반가워 잘 부탁해""의 줄임말.",새 학기나 모임에서 첫인사를 건넬 때 가볍게 사용.,"""다들 안녕? 신입이야. 만반잘부!""",격식 있는 자리(면접 등)에서는 사용 금지.,신조어 줄임말,[낀세대: Safe] / [외국인: Safe] / [복학생: Safe] 신규 진입자를 환영하는 긍정적이고 개방적인 용어임.,"[10-20대: 신입] / [30대 이상: 센스] 신입 사원이나 새로운 프로젝트 팀에서 첫인사를 건넬 때 ""만반잘부 부탁드려요""라며 활기차게.",친근/인사,인사
좋댓구알,"유튜버, 구독, 홍보, 좋아요, 알림설정","""좋아요, 댓글, 구독, 알림 설정""의 줄임말.","자신의 콘텐츠나 주장을 널리 알려달라고 할 때, 혹은 유튜버 흉내.","""제 얘기가 공감되시면 좋댓구알 부탁드립니다~""","단순히 '알았다'는 뜻의 '구알'로 오해하면 안 되며, 반드시 유튜브 생태계의 소통 맥락에서 사용해야 함.",유튜브,[낀세대: Safe] / [외국인: Safe] / [복학생: Safe] 유튜브 문화를 차용해 홍보나 관심을 요청할 때 씀.,"[전 연령대: 유튜브 시청] 사내 게시판에 글을 올리고 동료들에게 ""좋댓구알 부탁합니다""라고 너스레 떨기.",홍보/유머,유튜브
구취,"구독 취소, 손절, 실망, 안 봄, 언팔","""구독 취소""의 줄임말.",유튜버나 크리에이터에게 실망했음을 알릴 때.,"""형, 이번 영상은 선 넘었다. 구취한다.""","장난으로 협박할 때도 쓰임 (""재미없으면 구취함"").",유튜브 용어,[낀세대: Safe] / [외국인: Safe] / [복학생: Safe] 실망감을 장난스럽게 표현하며 관계를 끊겠다고 협박(장난).,"[10-20대: 유튜브 세대] 동료가 재미없는 농담을 했을 때 ""그 개그는 구취(구독 취소) 감인데요""라고 받아치기.",실망/경고,유튜브
비담,"비주얼 담당, 잘생김, 예쁨, 센터, 간판",아이돌 그룹 내에서 외모를 담당하는 멤버.,모임이나 그룹에서 외모가 뛰어난 사람을 치켜세울 때.,"""네가 우리 동아리 비담이잖아. 앞에서 홍보 좀 해.""",외모 지상주의로 비칠 수 있으니 외모가 아닌 실력을 강조해야 하는 자리에서는 사용에 주의.,아이돌 팬덤,[낀세대: Safe] / [외국인: Safe] / [복학생: Safe] 외모 칭찬을 아이돌 용어에 빗대어 기분 좋게 전달.,"[10-20대: 아이돌 팬] / [30대 이상: 칭찬] 팀 내에서 인상이 좋은 직원을 ""우리 팀 비주얼 담당(비담)""이라고 소개.",칭찬/역할,아이돌
최애,"가장 사랑함, 페이보릿, 본진, 픽","""최고로 애정하는(1순위)"" / ""차선으로 애정하는(2순위)"" 대상.","자신이 가장 좋아하는 연예인, 캐릭터, 음식 등을 소개할 때.","""내 최애는 떡볶이고, 차애는 치킨이야.""","단순히 '좋아하는 것'보다 훨씬 깊은 애정을 뜻하므로, 가볍게 좋아하는 것에는 '취향'이라는 단어가 더 적절할 수 있음.",일본어 유래 설,[낀세대: Safe] / [외국인: Safe] / [복학생: Safe] 개인의 취향과 열정을 나타내는 표현으로 매우 건전함.,"[전 연령대: 권장] 점심 메뉴나 선호하는 연예인을 말할 때 ""제 최애 맛집은 여기예요""라고 소개.",애정/선호,덕질
차애,두 번째,"""차선으로 애정하는(2순위)"" 대상.","자신이 가장 좋아하는 것 다음으로 연예인, 캐릭터, 음식 등을 소개할 때.","""내 최애는 떡볶이고, 차애는 치킨이야.""","차애라고 해서 애정의 크기가 작은 것이 아니므로, 순위를 매기는 것에 민감한 팬들 앞에서는 주의.",일본어 유래 설,[낀세대: Safe] / [외국인: Safe] / [복학생: Safe] 개인의 취향과 열정을 나타내는 표현으로 매우 건전함.,"[전 연령대: 권장] 점심 메뉴나 선호하는 연예인을 말할 때 ""제 최애 맛집은 여기예요""라고 소개.",애정/선호,덕질
덕질,"팬 활동, 수집, 오타쿠, 덕후, 취미",어떤 분야를 열성적으로 좋아하여 파고드는 행위 (오덕질).,"아이돌 앨범을 사거나, 애니메이션 굿즈를 모으는 등 취미 생활.","""요즘 바빠서 덕질할 시간이 없네.""","오타쿠'라는 표현의 부정적 뉘앙스를 희석한 단어지만, 여전히 과몰입에 대한 거부감이 있는 자리에서는 순화 필요.",오타쿠 -> 덕후,[낀세대: Safe] / [외국인: Safe] / [복학생: Safe] 열정적인 취미 생활을 설명할 때 젊은 세대의 공감을 사기 좋음.,"[전 연령대: 취미 공유] 주말에 뭐 했냐는 질문에 ""집에서 넷플릭스 덕질했습니다""라고 편하게 대답.",열정/취미,덕질
하면해(HMH),"실행력, 결단, 쿨함, 한다면 한다, 직진","""한다고 말하면 진짜로 한다""는 뜻. 망설임 없는 실행력 강조.",무언가를 결심하고 바로 실행에 옮기겠다는 의지를 보여줄 때.,"""나 다이어트 시작했어. 나 하면 해(HMH)인 거 알지?""",억지로 줄인 말 느낌이 있어 맥락 설명이 필요할 수 있음.,Z세대 유행어,[낀세대: Safe] / [외국인: Safe] / [복학생: Safe] 실행력을 강조하는 Z세대의 쿨한 태도를 보여줌.,"[10-20대: 챌린지 세대] 업무 목표를 달성하겠다는 강한 의지를 ""저 하면 해(HMH)인 거 아시죠?""라며 어필.",의지/자신감,태도
가면가(GMG),"추진력, 불도저, 간다면 간다, 약속 이행, 여행","""간다고 하면 진짜로 간다"". 여행이나 장소 이동에 대한 추진력.",친구들과 여행 계획을 짤 때 흐지부지하지 않고 바로 떠날 때.,"""우리 이번 주말 부산 콜? 나 가면 가(GMG)야.""","실제 영어권에서 쓰는 표현이 아니라 한국식 줄임말을 영어화한 밈이므로, 외국인에게 진짜 영어로 쓰면 소통 불가.",Z세대 유행어,[낀세대: Safe] / [외국인: Safe] / [복학생: Safe] 즉흥적인 여행이나 이동에 대한 추진력을 자랑할 때 사용.,"[10-20대: 챌린지 세대] 망설이는 동료들에게 ""일단 출발합시다, 전 가면 가(GMG)니까요""라고 리드.",추진/실행,태도
땡큐밈,"감사, Thank you, 쉐쉐, 밈 댄스, 리액션","특유의 제스처나 억양으로 ""Thank you""를 하는 숏폼 밈.",가볍게 고마움을 표현하거나 숏폼 챌린지를 따라 할 때.,"""도와줘서 땡큐~ (춤추며)""",상황에 맞지 않는 과한 제스처는 비호감.,틱톡/릴스,[낀세대: Safe] / [외국인: Safe] / [복학생: Safe] 고마움을 역동적이고 유쾌하게 표현하는 리액션.,"[10-20대: 숏폼] 동료가 작은 도움을 줬을 때 숏폼 춤 동작을 살짝 섞어 ""땡큐~""라고 하면 분위기 업.",유쾌/감사,챌린지
갈테야테야,"고집, 갈 거야, 귀여움, 앙탈, 의지","""갈 거야""를 귀엽게 발음하거나 노래 가사처럼 반복한 말.",말리는 상황에서도 굳이 가겠다거나 하겠다고 귀엽게 고집부릴 때.,"""나도 데려가! 나도 갈테야테야!""",진지하게 화가 나서 재촉하는 상황에서 쓰면 분위기가 묘해질 수 있으니 즐거운 상황에서만 쓸 것.,노래 가사/유아어,[낀세대: Safe] / [외국인: Safe] / [복학생: Safe] 귀여운 고집을 부릴 때 사용하는 애교 섞인 표현.,"[10-20대: 친구/연인] 회식 2차 가고 싶을 때 ""저도 갈테야테야!""라고 장난스럽게 의지 표명.",귀여움/고집,말투
나랑예카에서각할모할사람?,"각 잡고 할 일, 모각코, 카공, 집중, 갓생","""각 잡고 할 일 모여서 할 사람""의 줄임. (나랑 예카에서...?).",예쁜 카페(예카) 등에서 모여서 서로 공부나 업무에 집중할 파티원 모집.,"""이번 주말 성수동에서 각할모 구함. 빡집중 모드.""","예카'는 인스타 감성이 중요한 요소이므로, 평범한 프랜차이즈 카페에 가면서 이 문구를 쓰면 밈의 맛이 안 삶.",Z세대 커뮤니티,[낀세대: Safe] / [외국인: Safe] / [복학생: Safe] 함께 모여 집중해서 일/공부하자는 건전한 제안.,"[10-20대: 갓생러] 주말에 동료들과 카페에서 자기계발 모임을 만들 때 ""우리 각할모 할까요?""라고 제안.",성실/모임,공부/생활
감다살,"폼 미쳤다, 드립 부활, 센스쟁이, 예능감, 칭찬","""감 다 살았네""의 줄임말. (예능감/센스가 돌아왔다).",한동안 재미없던 사람이 다시 웃긴 드립을 쳤을 때 칭찬으로.,"""오~ 방금 그 드립 인정. 너 감다살이다?""",반대로 감이 떨어진 상황에서 비꼬는 의미(감다죽)로 쓰일 수도 있으니 톤 조절에 주의.,인터넷 방송,[낀세대: Safe] / [외국인: Safe] / [복학생: Safe] 상대방의 유머 감각을 칭찬하는 최고의 리액션.,"[10-20대: 주사용층] / [30대: 센스 칭찬] 부장님의 아재 개그가 의외로 웃길 때 ""오, 감 다 사셨는데요?""라고 띄워주기.",칭찬/인정,인방
감다뒤,"노잼, 갑분싸, 눈치 없음, 퇴물, 감 떨어짐","""감 다 뒤졌네""의 줄임말. (재미없다, 감 잃었다).",기대했는데 재미없는 농담을 하거나 분위기 파악 못 할 때.,"""아... 그건 좀 아니지. 형 감다뒤네 진짜.""",상대방을 무시하는 말이므로 친한 사이가 아니면 사용 자제.,인터넷 방송,"[낀세대: Danger] / [외국인: Danger] / [복학생: Danger] 상대를 면전에서 ""재미없다""고 무시하는 말이니 주의.",[10-20대: 친구] / [30대 이상: 기분 나쁨] 정말 친한 사이가 아니면 농담이라도 쓰지 않는 것이 사회생활의 지혜.,비난/실망,인방
싹싹,"빌기, 사과, 부탁, 제발, 싹싹 빌다","손이 발이 되도록 싹싹 비는 행위, 혹은 그런 춤/제스처.",잘못을 했거나 간절하게 부탁할 때 귀엽거나 처절하게 표현.,"""한 번만 봐주라. 내가 이렇게 싹싹 빌게.""","정중하게 비는 행위(싹싹 빌다)와 혼동될 수 있으나, 밈으로서는 '완벽한 처리'의 쾌감을 의미함.",관용구 / 빌리 밈,[낀세대: Safe] / [외국인: Safe] / [복학생: Safe] 잘못을 인정하거나 부탁할 때 귀엽게 어필하는 행동.,"[전 연령대: 유머] 실수했을 때 ""제가 싹싹 빌겠습니다""라며 비는 시늉을 하면 분위기가 부드럽게 풀림.",사과/부탁,행동
밈터짐,"빵 터짐, 유행 예감, 대박 웃김, 짤 생성, 바이럴","상황 자체가 하나의 밈이 될 정도로 웃기거나, 밈이 폭발적으로 터짐.","웃긴 상황이 발생했거나, 드립이 적중해서 모두가 웃을 때.","""아까 그 표정 봤어? 완전 밈터짐 ㅋㅋㅋ 짤로 써야지.""","단순히 웃긴 것을 넘어 '유행할 것 같다'는 통찰력이 포함된 단어이므로, 혼자만 웃긴 것에는 잘 안 씀.",신조어 조합,[낀세대: Safe] / [외국인: Safe] / [복학생: Safe] 웃긴 상황이 발생했을 때 즐거움을 표현.,"[10-20대: SNS] 회의 중 발생한 해프닝이 너무 웃길 때 ""이거 완전 밈터짐 각인데요?""라고 반응.",유쾌/폭소,반응
존버왕,"인내심, 버티기 장인, 장기투자, 승리자, 끈기","""존X 버티기(존버)의 왕"". 끝까지 버텨서 승리하는 사람.","주식/코인이 오를 때까지 안 팔고 버티거나, 힘든 상황을 견딜 때.","""내가 바로 이 구역의 존버왕. 결국 해냈다.""",미련하게 버티는 것을 조롱할 때 쓰기도 함.,투자 용어,[낀세대: Safe] / [외국인: Safe] / [복학생: Safe] 인내심을 유머러스하게 포장하여 힘든 상황을 버티게 함.,"[20-40대: 투자/직장] 승진 누락이나 주식 하락장에서도 ""저는 존버왕이라 끝까지 버팁니다""라고 멘탈 관리.",끈기/자랑,투자/인내
멍때퀸/킹,"멍때리기, 휴식, 아무 생각 없음, 뇌 휴식, 멍한 상태",멍때리기(Zone out)'의 여왕/왕. 아무 생각 없이 멍하니 있는 것을 잘하는 사람.,"업무 중 뇌 과부하가 왔을 때 잠시 쉬고 싶다는 의미로 사용하거나, 멍하니 있는 친구를 놀릴 때.","""나 지금 뇌 정지 왔어. 내가 바로 이 구역의 멍때퀸이야.""",업무 시간에 대놓고 사용하면 농땡이 피우는 것으로 오해받음.,한강 멍때리기 대회,[낀세대: Safe] / [외국인: Safe] / [복학생: Safe] 바쁜 현대 사회에서 '휴식'의 중요성을 유머러스하게 표현.,"[전 연령대: 직장인/학생] 점심시간 후 나른할 때 ""식곤증 때문에 멍때킹 됐네요""라고 농담.",휴식/유머,상태/대회
말템플릿,"말버릇, 말투, 트위터 밈, 유행어 틀, 주접 멘트",특정 상황에서 쓰기 좋은 정형화된 문장 구조(Template).,SNS에서 주접을 떨거나 상황을 묘사할 때 유행하는 문구 틀을 가져다 쓸 때.,"""요즘 유행하는 말 템플릿 써서 트윗 하나 올려야지.""",템플릿의 원래 맥락을 모르고 엄숙한 상황에 쓰면 가벼워 보임.,트위터(X),[낀세대: Caution] / [외국인: Danger] / [복학생: Caution] 특정 커뮤니티 문법이라 이해하기 어려울 수 있음.,"[10-20대: SNS 유저] 젊은 직원들이 알 수 없는 문장 구조로 말할 때 ""아, 요즘 유행하는 템플릿인가 보네요""라고 반응.",유행/모방,SNS/문화
TheDayAfter,"후유증, 다음 날, 현타, 파티 끝, 여운","큰 행사나 파티, 여행이 끝난 다음 날의 헛헛함이나 피로감.",즐거운 주말이나 축제가 끝난 월요일의 기분을 표현할 때.,"""크리스마스 파티 끝. 오늘은 The Day After 모드네.""","단순히 내일을 뜻하는 'Tomorrow'와는 다르며, 반드시 '사건이 종료된 후의 여파'라는 뉘앙스가 있어야 함.",영화 제목/해시태그,[낀세대: Safe] / [외국인: Safe] / [복학생: Safe] 행사가 끝난 후의 차분한 분위기를 설명.,"[전 연령대: 직장인] 큰 프로젝트나 회식이 끝난 다음 날 ""다들 더 데이 애프터 증후군 조심합시다""라고 격려.",차분/여운,상태
블랙셔츠소매걷어올리기,"남친짤, 섹시함, 로망, 오피스룩, 팔뚝",여성들이 선호하는 남성 패션의 정석(검은 셔츠 + 소매 걷기).,"남성미를 강조하거나, 이성에게 어필하는 스타일을 말할 때.","""오늘 김 대리님 블랙 셔츠 소매 걷어 올리기 시전하셨네.""",핏이 안 맞는데 억지로 따라 하면 역효과.,인터넷 커뮤니티,[낀세대: Safe] / [외국인: Safe] / [복학생: Safe] 남성 동료의 스타일이 멋질 때 구체적으로 칭찬하는 팁.,"[20-30대: 미혼 남녀] ""오늘 스타일 완전 블랙 셔츠 소매 걷기 정석이시네요""라고 하면 최고의 칭찬.",설렘/매력,패션
자기이름마킹된폰케이스,"자기애, 커스텀, 힙함, 자존감, 유행",자신의 이름 이니셜을 크게 새긴 폰케이스를 드는 트렌드 (연예인 등).,높은 자존감이나 힙한 스타일을 보여주고 싶을 때.,"""나도 이번에 내 이름 마킹 된 폰케이스 주문했어. 힙하잖아.""","남의 이름을 새긴 케이스는 밈이 아니며, 오직 '자신의 이름'을 당당하게 마킹한 것이 포인트임.",연예인 거울 셀카,[낀세대: Safe] / [외국인: Safe] / [복학생: Safe] 개성을 중시하는 MZ세대의 소품 트렌드.,"[10-30대: 트렌드] 후배의 폰케이스가 특이할 때 ""오, 자기애 뿜뿜 폰케이스 멋진데요?""라고 관심 표현.",자신감/개성,아이템
절대잃어버리지않는지갑,"튀는 지갑, 못생긴 지갑, 삼성페이, 존재감, 분실 방지",너무 색이 튀거나 디자인이 독특해서(혹은 못생겨서) 절대 잃어버릴 수 없는 지갑.,친구의 특이한 지갑을 놀리거나 본인의 물건을 자랑할 때.,"""이 형광색 지갑 봐라. 이게 바로 절대 잃어버리지 않는 지갑이지.""",진짜 고성능 보안 지갑을 찾는 사람에게 이 밈을 쓰면 대화가 어긋날 수 있으니 '빈 지갑' 맥락인지 확인 필요.,커뮤니티 유머,[낀세대: Safe] / [외국인: Safe] / [복학생: Safe] 독특한 물건을 가진 사람과 대화할 때 좋은 스몰토크 주제.,"[전 연령대: 일상] 색깔이 화려한 물건을 보며 ""와, 절대 잃어버리지 않겠네요""라고 웃으며 농담.",유머/실용,아이템
효자돌,"팬사랑, 소통왕, 역조공, 돈 아껴줌, 혜자","팬들에게 지극정성으로 잘하거나, 덕질 비용을 아껴주는(혜자스러운) 아이돌.",좋아하는 가수가 팬 서비스를 잘해줄 때 자랑스럽게 부르는 말.,"""우리 오빠는 맨날 라방 켜줘. 진짜 효자돌이야.""",부모님께 효도한다는 뜻이 아니라 '팬에게 효도'한다는 뜻임.,아이돌 팬덤,[낀세대: Safe] / [외국인: Safe] / [복학생: Safe] 아이돌을 좋아하는 직원과 대화할 때 쓰면 좋은 용어.,"[10-30대: K-POP 팬] ""좋아하는 가수가 소통을 잘해주나 봐요? 완전 효자돌이네""라고 맞장구.",칭찬/애정,아이돌
회멱데,"웹소설, 회귀, 멱살, 데뷔, 클리셰","""회귀자 멱살 잡고 데뷔합니다"" 등 웹소설 제목 줄임말.",웹소설 장르나 특정 작품을 지칭할 때 쓰는 팬덤 용어.,"""요즘 회멱데 읽느라 밤샜어.""",일반인에게 쓰면 외계어 취급받음.,웹소설 팬덤,[낀세대: Danger] / [외국인: Danger] / [복학생: Danger] 서브컬처 매니아가 아니면 알 필요 없는 그들만의 은어.,"[10-20대: 웹소설 팬] 뜻을 묻기보다 ""요즘 인기 있는 소설인가 봐요?"" 하고 넘기는 게 상책.",매니아/덕질,웹소설
망아살,"웹소설, 아이돌물, 망돌, 데뷔, 서바이벌","""망나니 PD 아이돌로 살아남기"" (웹소설 제목 줄임말).",아이돌 육성 장르의 웹소설이나 관련 콘텐츠를 말할 때.,"""망아살 웹툰화 된다며? 대박.""",일반인에게 쓰면 외계어 취급받음.,웹소설 팬덤,[낀세대: Danger] / [외국인: Danger] / [복학생: Danger] 줄임말이 너무 심해 일반 대화에서는 사용 불가.,[10-20대: 서브컬처] 웹소설 제목 줄임말이라는 것만 인지하면 충분.,매니아/덕질,웹소설
복아탑,"웹소설, 복수, 탑등반, 헌터물, 클리셰","""복수하는 김에 아이돌 탑 먹겠습니다"" 류의 웹소설 제목 줄임말.",특정 웹소설 작품을 지칭.,"""복아탑 다음 편 언제 나오냐...""",일반인에게 쓰면 외계어 취급받음.,웹소설 팬덤,[낀세대: Danger] / [외국인: Danger] / [복학생: Danger] 매우 마이너한 줄임말이므로 사용 권장하지 않음.,[10-20대: 매니아] -,매니아/덕질,웹소설
김아싫,"편식, 김치, 싫어함, 호불호, 취향","""김 대리는 아이돌이 싫어."" 류의 소설 제목 줄인말.",김치를 안 먹거나 특정 음식을 거부하는 식성을 말할 때.,"""나 완전 김아싫 입맛이라 한식당은 좀 그래.""",일반인에게 쓰면 외계어 취급받음.,커뮤니티,[낀세대: Safe] / [외국인: Safe] / [복학생: Safe] 개인의 식성을 유머러스하게 표현.,"[전 연령대: 식사] 김치를 안 먹는 사람에게 ""혹시 김아싫 스타일이세요?""라고 농담(친한 사이만).",취향/유머,음식
불ㅆ조,"불사조, 필터링, 욕설방지, 부활, 끈기","""불사조"" 사이에 쌍시옷(ㅆ)을 넣어 욕설 느낌을 섞거나 필터링 회피.",죽지 않고 살아남는 끈기를 강조하거나(욕설 뉘앙스 포함) 게임 닉네임.,"""나 안 죽어. 완전 불ㅆ조야.""",욕설이 연상되므로 공식적인 자리 사용 금지.,게임 채팅,[낀세대: Danger] / [외국인: Danger] / [복학생: Danger] 비속어가 섞인 표현이므로 점잖은 자리에서는 사용 불가.,[10-20대: 게이머] 게임 중 끈질기게 살아남았을 때 친구들끼리만 사용.,거침/유머,게임/단어
실ㄹㅋ겔,"실리카겔, 밴드, 락스타, 인디밴드, 검색방지",밴드 '실리카겔(Silica Gel)'을 검색 방지(서치방지) 형태로 쓴 것.,밴드 실리카겔의 팬들이 그들을 지칭할 때.,"""오늘 실ㄹㅋ겔 공연 티켓팅 성공했다.""",방습제(Desiccant) 실리카겔과 혼동하지 말 것.,트위터/팬덤,[낀세대: Safe] / [외국인: Safe] / [복학생: Safe] 요즘 가장 힙한 밴드 이름을 안다는 것만으로도 센스 있음.,"[20-30대: 음악 팬] ""요즘 밴드는 실리카겔이 대세라면서요?""라고 하면 음악 좀 아는 부장님 등극.",힙함/팬덤,음악/밴드
최종수문신템,"가비지타임, 웹툰, 굿즈, 팔토시, 힙함",웹툰 '가비지타임' 캐릭터 최종수의 팔 문신을 따라 한 토시/아이템.,해당 웹툰 팬임을 인증하거나 힙한 패션 아이템으로 착용.,"""나 이번에 최종수 문신템 샀어. 농구할 때 껴야지.""",문신이 아니라 '팔토시'임.,웹툰 '가비지타임',[낀세대: Safe] / [외국인: Safe] / [복학생: Safe] 요즘 대세 웹툰을 아는 척하기 좋은 키워드.,"[10-20대: 웹툰 팬] 젊은 직원이 팔토시를 하고 있으면 ""오, 그거 최종수 아이템이야?""라고 물어보면 인싸 확정.",힙함/덕질,웹툰/굿즈
중티,"중티 뜻, 중국 티 유래, 알리 테무 옷 후기, 중국 감성 밈","""중국 티가 난다""의 줄임말. 제품의 디자인, 색감, 소재 등이 중국산 특유의 스타일이거나 품질이 낮아 보일 때 사용함.","알리익스프레스나 테무 등에서 산 옷이 쇼핑몰 사진과 다르거나, 묘하게 촌스러운 포인트가 있어 중국산임을 들켰을 때 사용함.","""직구한 원피스 왔는데 핏이 너무 중티나서 밖에는 못 입고 나갈 듯."" / ""이 카페 인테리어는 예쁜데 소품이 좀 중티나네.""","특정 국가에 대한 편견이나 비하로 비칠 수 있으므로, 공적인 자리보다는 개인적인 구매 후기나 친한 사이에서 사용 권장.","중국 직구 플랫폼(알리, 테무 등)의 이용자가 급증하면서 사진과 실물의 괴리를 표현하는 과정에서 정착됨.",[낀세대: Caution] / [외국인: Caution] / [복학생: Safe],10대 ~ 40대,"비판적, 솔직함, 아쉬움","쇼핑, 패션, 품질 평가"
미묘복음,"고양이, 미묘, 찬양, 집사, 주접","""아름다운 고양이(미묘)의 복음"". 고양이를 신처럼 찬양하는 말.",예쁜 고양이 사진을 보며 주접을 떨 때.,"""오늘자 우리 냥이 사진. 완전 미묘 복음 전파한다.""","종교적인 맥락과는 전혀 상관없는 '반려묘 사랑' 밈이므로, 실제 종교 행사 등에서는 사용 금지.",고양이 커뮤니티,[낀세대: Safe] / [외국인: Safe] / [복학생: Safe] 고양이 사진을 보여주는 동료에게 최고의 찬사.,"[전 연령대: 애묘인] ""와, 고양이가 너무 예뻐서 미묘 복음 소리 들을 만하네요""라고 칭찬.",찬양/주접,동물
아조씨,"아조씨 밈 뜻, 추성훈 아조씨, 아재 밈, 설레는 아저씨","'아저씨'를 귀엽게 발음한 것. 듬직한 중년 남성의 반전 매력이나, 썰렁하지만 정겨운 아재미를 긍정적으로 표현하는 밈.","추성훈처럼 몸은 좋지만 마음은 여린 아저씨, 혹은 아재 개그를 던지는 직장 상사에게 친근감을 표시할 때 사용함.","""성훈 아조씨 오늘 패션 너무 힙한 거 아님? 진짜 감다살이다!""","비하의 의미가 섞인 '개저씨'와는 정반대의 뉘앙스이므로, 호감이나 친근감이 있을 때만 사용해야 함.","'아재'가 트렌디한 문화로 재해석되면서, 권위적이지 않고 소통하는 중년상을 귀엽게 부르며 시작됨.",[낀세대: Safe] / [외국인: Safe] / [복학생: Safe],전 연령대,"친근함, 유머러스, 포근함","인물 묘사, 캐릭터"
월루,"월루 뜻, 월급루팡 줄임말, 직장인 딴짓 밈, 뤼팽 밈","""월급루팡""의 줄임말. 회사에서 일은 안 하고 딴짓하며 월급을 챙기는 행위 혹은 그런 사람.",업무 시간에 몰래 쇼핑을 하거나 밈을 구경하는 자신의 상태를 동료와 공유하며 '공범 의식'을 느낄 때 사용함.,"""부장님 회의 들어갔다! 지금부터 1시간 동안 월루 가즈아~""",실제 업무 태만으로 큰 지적을 받는 심각한 상황에서는 농담으로라도 쓰지 않는 것이 사회적 지능.,"아르센 뤼팽(괴도) + 월급의 합성어로, 2010년대부터 직장인들의 애환과 해학을 담아 꾸준히 쓰임.",[낀세대: Safe] / [외국인: Safe] / [복학생: Safe],20대 ~ 40대,"해학적, 장난스러움, 공감","직장 생활, 라이프스타일"
밈에진심인사람들,"덕후, 장인, 고퀄, 패러디, 열정",밈을 대충 소비하는 게 아니라 고퀄리티로 재생산하거나 분석하는 사람들.,쓸데없이 고퀄리티인 웃긴 영상을 봤을 때 감탄하며.,"""이 영상 만든 사람 봐. 진짜 밈에 진심인 사람들이다.""","단순히 유행어를 많이 안다고 해서 쓰기보다는, 그 밈을 창의적으로 변주하는 열정에 초점을 맞춤.",유튜브 댓글,[낀세대: Safe] / [외국인: Safe] / [복학생: Safe] 무언가에 열정적인 사람을 칭찬하는 표현.,"[전 연령대: 유튜브] 회사 홍보 영상 등을 재밌게 만든 직원에게 ""와, 밈에 진심이시네요""라고 칭찬.",감탄/인정,태도
MIIMOFTHEYEAR,"올해의 밈, 결산, 레전드, 대상, 1위","""Meme of the Year"". 그 해 가장 핫했던 밈을 선정하는 말.",연말에 유행어를 정리하거나 최고의 드립을 칭찬할 때.,"""방금 그 드립은 솔직히 MIIM OF THE YEAR 감이다.""",별로 유행하지 않는 개인적인 농담에 쓰면 공감을 얻기 어려움.,연말 결산,[낀세대: Safe] / [외국인: Safe] / [복학생: Safe] 최고의 유머 감각을 칭찬하는 최상급 표현.,"[전 연령대: 유행] 연말 송년회에서 가장 웃긴 사람에게 ""올해의 밈 상 드려야겠어요""라고 농담.",칭찬/결산,평가
티니핑분장,"하츄핑, 파산핑, 등골브레이커, 코스프레, 동심",애니메이션 '캐치! 티니핑' 캐릭터 분장을 하는 것 (성인들도 함).,"할로윈이나 행사 때 귀여운 캐릭터로 분장하거나, 조카/자녀와 놀아줄 때.","""이번 체육대회 때 부장님이 티니핑 분장 하신대.""",어린이 대상 캐릭터이므로 분장이 너무 기괴하거나 혐오감을 주지 않도록 수위 조절 필요.,캐치! 티니핑,[낀세대: Safe] / [외국인: Safe] / [복학생: Safe] 요즘 아이들 대통령이 '티니핑'임을 알면 부모 세대와 대화 가능.,"[30-40대: 부모] 자녀 선물 고민하는 상사에게 ""요즘 티니핑이 대세라면서요? 파산핑이라던데""라고 공감.",귀여움/동심,캐릭터
까탈레나챌린지,"오렌지캬라멜, 춤, 비명, 밈, 역주행",오렌지캬라멜의 '까탈레나' 도입부 비명과 춤을 따라 하는 챌린지.,숏폼에서 친구들과 웃긴 춤을 출 때.,"""우리도 까탈레나 챌린지 찍어볼까? 으악!""","원곡의 B급 감성을 잘 살려야 하며, 너무 진지하게 추면 오히려 밈의 맛이 살지 않음.",틱톡/릴스,[낀세대: Safe] / [외국인: Safe] / [복학생: Safe] 10년 전 노래가 다시 유행하는 현상.,"[20-40대: 추억] 회식 노래방에서 분위기 띄울 때 ""요즘 다시 뜨는 까탈레나 가시죠!""라고 제안.",유쾌/댄스,챌린지
슴콘,"SM타운, 콘서트, 핑크블러드, 광야, 소속사","""SM Town 콘서트""의 줄임말. SM 엔터테인먼트 소속 가수 합동 공연.",SM 가수들을 좋아하는 팬들이 모이는 축제를 말할 때.,"""올해 슴콘 라인업 봤어? 무조건 간다.""","타 기획사 콘서트를 부를 때는 사용하지 않으며, 오직 SM 아티스트들이 모이는 행사에만 사용함.",아이돌 팬덤,[낀세대: Safe] / [외국인: Safe] / [복학생: Safe] 대형 기획사 콘서트를 지칭하는 팬덤 용어.,[10-30대: K-POP 팬] -,열정/행사,아이돌
꺽어,"마셔, 술자리, 댄스, 손목, 스냅","술을 마시거나(잔을 꺾다), 춤 동작에서 관절을 꺾는 행위.","술자리에서 원샷을 유도하거나, 격한 춤을 묘사할 때.","""자, 분위기 좋고! 다 같이 꺾어!""",강요하면 꼰대 됨.,술자리 은어,[낀세대: Caution] / [외국인: Safe] / [복학생: Safe] 술자리 분위기를 띄우는 강한 표현이나 강요는 금물.,"[20대 이상: 회식] 즐거운 분위기에서 건배할 때 ""시원하게 꺾읍시다!""라고 제안.",호탕/흥,술/댄스
갓구운베이글,"베이글녀, 런던베이글, 신선함, 따끈따끈, 갓 나온",1. 문자 그대로 맛있는 빵. 2. '베이글녀(베이비페이스+글래머)'의 변형 혹은 갓 데뷔한 신선한 인물.,"맛있는 빵을 먹거나, 막 시작된 따끈따끈한 콘텐츠/신인을 소개할 때.","""이 아이돌 완전 갓 구운 베이글 같네. 신선하다.""",성적인 뉘앙스(베이글녀)로 사용할 때는 직장 내 사용 주의.,베이글 유행 + 신조어,"[낀세대: Safe] / [외국인: Safe] / [복학생: Safe] '갓(God)'과 '신선함'을 강조하는 표현으로, 맛집이나 신인을 칭찬할 때 씀.","[전 연령대: 음식/트렌드] 점심시간에 핫한 빵집에 갔을 때 ""갓 구운 베이글이라 더 맛있네요""라고 하면 자연스러움.",감탄/비유,음식/인물
그대들은어떻게살것인가,"미야자키 하야오, 인생 질문, 제목 패러디, 점심 메뉴, 난제","미야자키 하야오의 영화 제목을 패러디하여, 사소한 선택을 철학적인 척 물어보는 밈.","점심 메뉴를 고르거나, 황당한 상황에 처했을 때 비장하게 질문함.","""치킨이 한 조각 남았다. 그대들은 어떻게 살 것인가.""",너무 진지한 인생 상담에 쓰면 장난치는 것처럼 보임.,영화 제목 패러디,[낀세대: Safe] / [외국인: Safe] / [복학생: Safe] 사소한 결정을 거창하게 포장하여 웃음을 유발.,"[20-40대: 영화 인지] 탕수육 소스를 부을지 찍을지 고민될 때 ""부먹인가 찍먹인가, 그대들은 어떻게 살 것인가""라고 드립.",비장/유머,패러디
하면하지,"안 하면 안 하지, 쿨함, 단순함, 가사, 챌린지",복잡하게 생각하지 않고 상황을 단순하게 받아들이는 쿨한 태도. (노래 가사/리듬).,고민 상담을 해주거나 자신의 결단력을 보여줄 때 리듬감 있게 말함.,"""고민해서 뭐 해? 하면 하지! 안 하면 안 하지!""",너무 진지한 비즈니스 협상이나 격식을 차려야 하는 자리에서 쓰면 가벼워 보일 수 있음.,틱톡/릴스 챌린지,[낀세대: Safe] / [외국인: Safe] / [복학생: Safe] 복잡한 고민을 단순명쾌하게 정리해 주는 리더십 있는 멘트.,"[10-20대: 챌린지] 우유부단한 동료에게 ""심플하게 갑시다. 하면 하고, 말면 말고!""라고 조언.",단호/쿨,챌린지
언니가어려워?,"센 언니, 기강, 환불원정대, 카리스마, 서열","""내가 어렵니?""라고 묻는 카리스마 있는 언니(선배)의 밈.",후배가 어려워하거나 쭈뼛거릴 때 장난스럽게 분위기를 풀거나 기강 잡을 때.,"""왜 말을 못 해? 언니가 어려워? 편하게 해.""",진짜 무서운 선배가 쓰면 공포 분위기 조성.,예능/드라마 명대사,[낀세대: Safe] / [외국인: Safe] / [복학생: Safe] 후배와의 거리감을 좁히기 위해 선배가 먼저 던지는 농담.,"[20-40대: 여성] 후배가 긴장해 있을 때 ""김 대리, 누나가 어려워? 밥이나 먹자""라고 쿨하게.",카리스마/친근,대사
미안하다이거보여주려고어그로끌었다,"나루토, 싸움수준실화냐, 어그로, 낚시, 명문","게시물 제목으로 낚시(어그로)를 한 뒤, 본문에서 특정 대상을 찬양하는 전설적인 꾸준글.",엄청난 소식이나 대단한 장면을 소개할 때 서두에 붙이는 관용구.,"""미안하다 이거 보여주려고 어그로 끌었다. 우리 팀 실적 실화냐?""",진짜 심각한 뉴스인 척 낚시하면 욕먹음.,디시인사이드 (나루토),[낀세대: Safe] / [외국인: Safe] / [복학생: Safe] 주목을 끌기 위한 장난스러운 낚시 멘트.,"[10-30대: 커뮤니티] 발표 시작 전 ""미안합니다, 이 성과 보여주려고 어그로 끌었습니다""라고 하면 빵 터짐.",비장/반전,드립
분노미끼(Ragebait),"어그로, 분노 유발, 클릭질, 바이럴, 노이즈 마케팅",일부러 사람들을 화나게 만들어 댓글과 조회수를 유도하는 콘텐츠.,말도 안 되는 주장을 하는 영상을 보며 비판할 때.,"""저거 완전 분노 미끼네. 댓글 달지 말고 무시해.""","단순히 화가 나는 뉴스를 지칭하는 것이 아니라, '의도적으로 설계된 낚시성 콘텐츠'를 뜻함.",소셜 미디어 용어,[낀세대: Safe] / [외국인: Safe] / [복학생: Safe] 자극적인 콘텐츠를 비판적으로 바라보는 시각.,"[전 연령대: 인터넷] 논란이 되는 뉴스에 대해 ""이건 일부러 화내라고 만든 분노 미끼 같아요""라고 분석.",비판/분석,SNS
K-soulfood는볶음밥,"디저트, 볶음밥, 한국인 특, 국룰, 탄수화물",고기나 전골을 먹은 후 남은 양념에 밥을 볶아 먹는 것이 진정한 후식이라는 밈.,식사 마무리를 할 때 볶음밥을 주문하며.,"""배불러도 K-Soulfood는 볶음밥이니까 2개 볶자.""",볶음밥을 메인 요리로 먹는 상황보다는 '후식으로서의 볶음밥' 맥락에서 더 빛나는 밈임.,한국 식문화,[낀세대: Safe] / [외국인: Safe] / [복학생: Safe] 한국인의 밥심과 식사 예절(?)을 유쾌하게 강조.,"[전 연령대: 회식] ""배불러도 볶음밥 배는 따로 있죠, 이건 K-디저트니까요""라고 너스레.",식탐/유머,음식
이가리메이크업,"숙취 메이크업, 일본 뷰티, 블러셔, 몽환, 트렌드",눈 밑에 붉은 블러셔를 진하게 발라 마치 술에 취한 듯(이가리) 보이게 하는 일본식 화장법.,독특하고 몽환적인 분위기를 낼 때.,"""오늘 컨셉은 이가리 메이크업. 좀 취해 보이나?""",회사에서 너무 진하게 하면 진짜 술 마시고 왔냐고 오해받음.,일본 뷰티 트렌드,[낀세대: Safe] / [외국인: Safe] / [복학생: Safe] 최신 뷰티 트렌드를 알고 있음을 보여주는 용어.,"[10-20대: 여성] 볼 터치가 강조된 화장을 본 후 ""요즘 유행하는 이가리 스타일이네요""라고 아는 척.",트렌드/뷰티,화장
굽굽메컵,"구운 듯한, 웜톤, 음영, 토스트, 가을 감성",(추정) 빵을 구운 듯한 따뜻한 색감(토스트/베이지 계열)을 사용하는 메이크업.,가을이나 차분한 분위기를 연출하고 싶을 때.,"""가을이니까 굽굽 메컵으로 분위기 좀 바꿔봤어.""",피부가 탔다'는 부정적 의미가 아니라 '구운 쿠키처럼 노릇하고 따뜻한' 긍정적 미학임.,뷰티 유튜버,[낀세대: Safe] / [외국인: Safe] / [복학생: Safe] 따뜻한 색감의 화장을 귀엽게 표현.,[20-30대: 뷰티] -,차분/따뜻,화장
음영스모키메컵,"스모키, 아이라인, 카리스마, 환불원정대, 쎈캐",눈가에 짙은 그림자(음영)를 주어 깊고 강렬한 눈매를 만드는 화장법.,강한 인상을 주거나 카리스마 있는 스타일링을 할 때.,"""오늘 발표라 음영 스모키 메컵 장착했어. 기선 제압 간다.""",눈가가 너무 검게만 칠해진 번진 화장(팬더)과는 구분되는 '섬세한 그라데이션'이 관건임.,뷰티 용어,[낀세대: Safe] / [외국인: Safe] / [복학생: Safe] 강렬하고 또렷한 인상을 주는 스타일.,"[20-40대: 여성] 중요한 미팅 날 ""오늘 음영 메이크업으로 힘 좀 줬습니다""라고 자신감 표현.",강함/세련,화장
아직할만해,"긍정, 오기, 체력, 야근, 버티기",힘들지만 정신력으로 버티고 있음을 반어적/긍정적으로 표현. (좀비 상태).,야근이나 시험 기간 중 서로의 생사를 확인할 때.,"""새벽 3시네? 하하, 아직 할 만해. (눈 풀림)""",진짜 괜찮은 줄 알고 일을 더 시키면 폭발함.,직장인/수험생,[낀세대: Safe] / [외국인: Safe] / [복학생: Safe] 힘든 상황에서도 웃음을 잃지 않는 긍정적 태도(혹은 해탈).,"[전 연령대: 직장인] 야근 중인 동료에게 ""아직 할 만하시죠?""라고 물으며 커피 한 잔 건네기.",해탈/끈기,상태
할수있다나라면!,"자기암시, 자신감, 주문, 용기, 긍정",스스로에게 주문을 걸듯 할 수 있다고 외치는 긍정 밈.,중요한 발표나 도전을 앞두고 긴장을 풀 때.,"""떨지 마. 할 수 있다 나라면! 가보자고.""","자만심을 부리는 태도와는 다르며, 스스로에게 용기를 북돋아 주는 '셀프 응원'의 뉘앙스임.",자기계발/유행어,[낀세대: Safe] / [외국인: Safe] / [복학생: Safe] 스스로를 격려하는 건강한 주문.,"[전 연령대: 권장] 큰 업무를 앞두고 ""할 수 있다 나라면!""이라고 작게 외치며 마인드 컨트롤.",열정/용기,태도
사소해사소해,"쿨함, 괜찮아, 별거 아님, 멘탈 관리, 넘겨",실수를 했거나 문제가 생겼을 때 대수롭지 않게 넘기는 쿨한 태도.,동료가 실수해서 당황할 때 안심시켜주며 사용하는 말.,"""커피 좀 쏟았어? 사소해 사소해. 닦으면 돼.""",중대한 과실까지 사소하다고 우기면 책임감 없어 보임.,인터넷 방송/유행어,[낀세대: Safe] / [외국인: Safe] / [복학생: Safe] 실수를 감싸주고 분위기를 가볍게 만드는 마법의 단어.,"[전 연령대: 소통] 후배가 실수했을 때 ""괜찮아, 사소해 사소해. 수습하면 돼""라고 위로.",쿨/안심,위로
폭탄물설치가,"서든어택, 게임 사운드, 방귀, 팩폭, 테러","FPS 게임의 ""Bomb has been planted"" 사운드. 팩트 폭력이나 냄새나는 상황(방귀).","결정적인 한 방(팩트)을 날렸거나, 화생방 상황일 때.","""김 부장님 냄새... 폭탄물 설치가 완료되었습니다.""",실제 테러나 위험 상황으로 오해받을 수 있는 공공장소(공항 등)에서는 절대 사용 금지.,서든어택/카스,[낀세대: Safe] / [외국인: Safe] / [복학생: Safe] 냄새나 충격적인 발언을 게임 효과음에 빗댐.,"[10-30대: 게이머] 회의 중 강력한 팩트 폭격이 나왔을 때 ""와, 폭탄 설치 완료됐네요""라고 농담.",유머/타격,게임
이놈은선이없네,"선 넘네, 무례함, 급발진, 경계, 선","""선을 넘는다""는 뜻. 정도를 지나친 말이나 행동을 하는 사람에게.",농담이 과하거나 예의 없는 행동을 하는 사람을 봤을 때.,"""와, 드립 봐라. 이 놈은 선이 없네.""",진지하게 화내기보다 유머러스하게 경고할 때 사용.,인터넷 방송/유행어,[낀세대: Safe] / [외국인: Safe] / [복학생: Safe] 상대방의 과한 행동을 유머러스하게 제지하는 표현.,"[전 연령대: 소통] 농담이 지나친 후배에게 ""어허, 김 대리 오늘 선이 없네?""라고 웃으며 경고.",경고/비판,태도
"staycore,staymeme","스테이 쿨, 초심, 유지, 핵심, 슬로건","""Stay cool"" 혹은 ""Stay core"". 핵심을 지키고 밈(트렌드)을 유지하라는 뜻.",변치 말고 쿨한 태도를 유지하자고 다짐하거나 격려할 때.,"""우리 우정 변치 말자. Stay core, stay meme.""","자극적인 유머를 기대하는 사람에게는 지루할 수 있으나, '디지털 디톡스'의 관점에서는 최고임.",캠페인/유행어,[낀세대: Safe] / [외국인: Safe] / [복학생: Safe] 초심을 잃지 말고 트렌디하게 살자는 긍정적 구호.,"[10-30대: 트렌드] 팀 구호로 ""항상 핵심을 놓치지 말자, Stay Core!""라고 외치면 멋짐.",쿨/다짐,슬로건
행운의 거북이,프로필에 거북이 사진을 올리면 행운이 온다는 놀이,"행운 부적, 프사 추천, 소원 성취, 럭키 밈, 귀여운 거북이",중요한 시험이나 티켓팅을 앞두고 행운을 빌며 거북이 짤을 공유할 때,"""내일 티켓팅 성공하려고 프사 행운의 거북이로 바꿨어.""",너무 진지하게 맹신하거나 강요하면 거부감,SNS 미신/유행,[낀세대: Safe] / [외국인: Safe] / [복학생: Safe] 귀여운 미신을 공유하며 행운을 빌어주는 따뜻한 밈.,"[10-20대: SNS] 중요한 프로젝트를 앞둔 팀원에게 거북이 짤을 보내며 ""행운의 거북이가 도울 겁니다""라고 응원.",귀여움/기원,동물/미신
두바이 밈,두바이 초콜릿 유행에서 파생된 다양한 음식 변주,"편의점 신상, 디저트 유행, 피스타치오, 뇌절 음식, 핫템","구하기 힘든 두바이 초콜릿을 먹어보거나, 이를 변형한 퓨전 음식을 리뷰할 때","""이제 두바이 밈도 뇌절이네. 두바이 국밥까지 나오겠어.""",맛없는 괴식에 무리하게 '두바이'를 붙이면 비호감,틱톡 디저트 유행,[낀세대: Safe] / [외국인: Safe] / [복학생: Safe] 없어서 못 파는 간식 이야기를 하며 스몰토크 주도.,"[전 연령대: 미식가] 편의점에서 두바이 초콜릿을 발견했을 때 ""이게 그 유명한 두바이 밈이군요!""라며 화제 전환.",호기심/식탐,음식
텀꾸,"""텀블러 꾸미기""의 줄임말","스탠리, 다꾸, 커스텀, 아이템 장식, 왓츠인마이백",자신의 개성을 드러내기 위해 텀블러를 화려하게 장식하고 SNS에 인증할 때,"""오늘 텀꾸 하려고 파츠 샀어. 완전 힙하지?""",과도한 소비를 조장하거나 배보다 배꼽이 더 큰 상황을 비판하기도 함,미국 Z세대 트렌드,[낀세대: Safe] / [외국인: Safe] / [복학생: Safe] 동료의 화려한 텀블러를 보고 아는 척하기 좋음.,"[10-30대: 직장인] 탕비실에서 스티커 붙은 텀블러를 보며 ""오, 텀꾸 제대로 하셨네요? 예쁩니다""라고 칭찬.",개성/취미,취미/소비
요아정,"""요거트 아이스크림의 정석"" 줄임말이자 토핑 조합 트렌드","꿀조합, 디저트 배달, 탕후루 다음 유행, 벌집꿀, 가격 논란","배달 디저트로 꿀, 과일 등 다양한 토핑을 얹어 먹는 플렉스(Flex) 문화를 공유할 때","""오늘 스트레스 받아서 요아정에 토핑 2만원어치 추가함.""",비싼 가격을 비판하거나 과소비를 지적하는 문맥에서도 쓰임,배달 음식 브랜드,[낀세대: Safe] / [외국인: Safe] / [복학생: Safe] 일상적인 성취감(달콤한 보상)을 나타내며 대화 소재로 좋음.,"[10-30대: 디저트] 점심 식사 후 ""후식으로 요아정 어때요?""라고 제안하면 센스 있는 선배 등극.",식탐/과시,음식
긱시크(Geek Chic),괴짜(Geek)스러움과 세련됨(Chic)을 합친 패션 (뿔테안경 등),"너드미, 뿔테, 공대생 패션, 안경 코디, 카리나 안경",모범생 같은 뿔테안경에 세련된 옷을 매치하여 지적인 매력을 뽐낼 때,"""오늘 내 컨셉 긱시크야. 안경 어때? 좀 똑똑해 보여?""",진짜 안 씻은 공대생 룩과 혼동하면 안 됨,2024 패션 트렌드,[낀세대: Safe] / [외국인: Safe] / [복학생: Safe] 안경 쓴 동료의 스타일이 달라 보일 때 쓰는 칭찬.,"[20-30대: 패션] 뿔테안경을 쓰고 온 직원에게 ""오, 완전 긱시크 트렌드 그 자체네요""라고 띄워주기.",힙함/지적,패션
젠지 스테어(Gen Z Stare),대답 대신 빤히 쳐다보는 Z세대의 행동 특성 (또는 줌인 효과),"빤히 보기, 무언의 압박, 카메라 줌, 당황, 동공 지진",황당한 질문을 들었을 때 대답하지 않고 카메라(혹은 상대)를 정색하고 응시함,"(부장님 아재 개그 후) ""(대답 없이 젠지 스테어 시전)""",상사에게 대답 안 하고 빤히 쳐다보면 예의 없다고 혼날 수 있음,틱톡/릴스 밈,[낀세대: Caution] / [외국인: Safe] / [복학생: Safe] 말문이 막히는 상황을 표정으로 말하는 고난도 스킬.,[10-20대: 틱톡커] 동료가 엉뚱한 소리를 할 때 말없이 카메라 줌인하듯 쳐다보면 빵 터짐.,정색/유머,행동/표정
MZ샷(0.5x Zoom),광각(0.5배 줌)으로 위에서 아래를 찍어 비율을 왜곡하는 사진,"항공샷, 대두샷, 힙한 사진, 인스타 감성, 왜곡",다리가 얇아 보이거나 얼굴이 웃기게 나오는 힙한 구도로 사진 찍을 때,"""야, 우리도 MZ샷 찍자. 카메라 0.5배로 바꿔봐.""",중요한 증명사진이나 격식 있는 단체 사진을 이렇게 찍으면 안 됨,아이돌/인스타 트렌드,[낀세대: Safe] / [외국인: Safe] / [복학생: Safe] 요즘 애들이 사진 찍는 법을 아는 '젊은 감각' 소유자 인증.,"[10-30대: 사진] 회식 후 단체 사진 찍을 때 ""제가 MZ샷으로 힙하게 찍어드릴게요""라고 자처하기.",힙함/장난,사진/문화
사실 넘 부러웠어요,"(앞에서 비꼬다가) ""사실 너무 부러웠어요""라고 급태세전환","질투, 솔직함, 반전 매력, 열폭, 기만",남을 비꼬는 듯한 악플을 달다가 마지막에 솔직한 심정(부러움)을 고백하는 밈,"""흥, 새 차 뽑았다고 자랑질이네? ...사실 넘 부러웠어요. 태워주세요.""",앞부분의 비꼬는 말이 너무 심하면 뒤에 수습해도 기분 나쁨,틱톡/릴스 댓글,[낀세대: Safe] / [외국인: Safe] / [복학생: Safe] 질투심을 귀엽고 솔직하게 인정하여 호감을 사는 화법.,"[10-20대: SNS] 동료의 승진 소식에 ""배 아파 죽겠네요... 사실 넘 부러워요 축하해요!""라고 반전 축하.",반전/솔직,화법
와 재밌다(아직 안 봄),"영상을 보기도 전에 ""와 재밌다""라고 댓글을 다는 '속도전' 놀이","댓글 놀이, 1빠, 무지성 칭찬, 팬심, 주접",좋아하는 유튜버의 영상이 올라오자마자 내용을 모르지만 일단 칭찬부터 할 때,"(영상 링크 공유하며) ""와 재밌다(아직 안 봄). 일단 믿고 보는 거지.""",내용을 안 보고 칭찬했다가 영상 내용이 심각하거나 슬픈 거면 낭패,유튜브 댓글 문화,[낀세대: Safe] / [외국인: Safe] / [복학생: Safe] 무조건적인 신뢰와 팬심을 보여주는 MZ식 리액션.,"[10-20대: 유튜브 세대] 상사가 자료를 보내줬을 때 ""와 대박입니다(아직 안 읽음)""라고 하면 위험하니 주의.",유쾌/신뢰,댓글/반응
차카니(Chakani),"""차카니(과자)를 먹으면 착해진다""는 엉뚱한 미신/유행","착해지는 법, 인성 논란, 추억의 과자, 사과 방법, 밈","화가 난 친구를 달래주거나, 본인이 착한 행동을 하겠다고 다짐할 때","""나 요즘 성격 나빠진 것 같아서 차카니 3봉지 먹었어.""",진지한 사과가 필요한 상황에서 장난치면 역효과,X (구 트위터) 유행,"[낀세대: Safe] / [외국인: Safe] / [복학생: Safe] 화난 동료에게 과자 하나 건네며 ""이거 먹고 착해지세요""라고 농담.","[10-30대: 인터넷 유저] 본인의 실수를 만회하고 싶을 때 ""차카니 먹고 반성 중입니다""라고 귀엽게 어필.",엉뚱/귀여움,과자/유머